time,Accel_X,Accel_Y,Gyro_Z,Steering_Angle
0.0,0.05556719533863607,1.0,0.005311371069719912,0.0
0.001000100010001,0.08595618340712592,0.999795065202575,0.13173451702577432,2.0
0.002000200020002,-0.02946431989399569,0.9995803048055094,0.058869670050646784,2.0
0.003000300030003,0.04783915214804127,0.9993557248668388,0.1381812496927294,2.0
0.004000400040004,0.006823023234885241,0.9991213315394835,0.16777044978824157,2.0
0.005000500050005001,0.02286542523017361,0.9988771310711495,0.1668012589214578,2.0
0.006000600060006,-0.03403256186285821,0.9986231298042292,0.16817302984703875,2.0
0.0070007000700070005,0.05944564694820415,0.9983593341756999,0.1011434155719993,2.0
0.008000800080008,0.15487961202485973,0.9980857507170224,0.07263731069093864,2.0
0.009000900090009001,-0.09511792072813212,0.9978023860540391,0.09080517036444806,2.0
0.010001000100010001,0.19668448137799188,0.9975092469068696,0.0749406352130964,2.0
0.011001100110011002,0.07634622017980726,0.9972063400898075,0.09550424877907177,2.0
0.012001200120012,0.34746474029210966,0.9968936725112139,0.09717600433145585,2.0
0.013001300130013,0.055313489526992554,0.9965712511734126,0.15585558316257603,2.0
0.014001400140014001,0.10403887384816475,0.9962390831725824,0.2688704060662514,2.0
0.015001500150015001,0.13156751476904832,0.9958971756986493,0.1028215332639143,2.0
0.016001600160016,0.34894931405996565,0.995545536035178,0.13169540278035327,2.0
0.017001700170017002,0.2411581291795922,0.9951841715592621,0.23764235873781683,2.0
0.018001800180018002,0.2250532174730879,0.9948130897414135,0.191752802038753,2.0
0.019001900190019003,0.027946732192509816,0.9944322981454513,0.18469918216783124,2.0
0.020002000200020003,0.3455298962558803,0.9940418044283893,0.11590008563698383,2.0
0.021002100210021003,0.1252026446688036,0.993641616340323,0.08232635794084066,2.0
0.022002200220022004,0.15325810016350672,0.9932317417243152,0.04755778536301933,2.0
0.023002300230023004,0.29774919875506534,0.9928121885162815,0.16996816625745143,2.0
0.024002400240024,0.4142587188262692,0.9923829647448745,0.0574529277385794,2.0
0.025002500250025,0.33544587952104654,0.991944078531367,0.09922610042384215,2.0
0.026002600260026,0.2644701503643402,0.9914955380895344,-0.01789058970595672,2.0
0.027002700270027002,0.22679481785804934,0.9910373517255365,-0.15560951098898831,2.0
0.028002800280028002,0.20620551229905168,0.9905695278377984,-0.091464658125511,2.0
0.029002900290029002,0.22726753888602474,0.9900920749168896,-0.09355007484517619,2.0
0.030003000300030003,0.2970866435892754,0.9896050015454039,-0.02964212259261404,2.0
0.031003100310031003,0.4046539757011077,0.9891083163978371,-0.18123876681164586,2.0
0.032003200320032,0.1911280377093747,0.9886020282404644,-0.2212450264362099,2.0
0.033003300330033,0.08189944823527565,0.9880861459312169,-0.16150418611463235,2.0
0.034003400340034004,0.4283635284777554,0.987560678419557,-0.22601581710009588,2.0
0.035003500350035,0.2413152911049936,0.9870256347463527,-0.3395361172306533,2.0
0.036003600360036005,0.36429667730420495,0.9864810240437527,-0.35225542593156284,2.0
0.037003700370037,0.2142985602410593,0.9859268555350581,-0.2552266145255769,2.0
0.038003800380038005,0.2532727421968639,0.9853631385345949,-0.44209168339182847,2.0
0.039003900390039,0.22964757898166624,0.984789882447586,-0.5415315629539894,2.0
0.040004000400040006,0.4193219399765269,0.9842070967700207,-0.42883928627041695,2.0
0.041004100410041,0.3835889350928423,0.9836147910885247,-0.36038766889692897,2.0
0.04200420042004201,0.2941539306289401,0.9830129750802289,-0.4444269426117946,2.0
0.043004300430043,0.383006132321107,0.9824016585126373,-0.5100042938841177,2.0
0.04400440044004401,0.5447371763336593,0.9817808512434937,-0.727348262739635,2.0
0.045004500450045004,0.35828904106040016,0.9811505632206486,-0.8000447510197713,2.0
0.04600460046004601,0.5497366384288296,0.9805108044819238,-0.8226611132663518,2.0
0.047004700470047005,0.3517411697037674,0.979861585154978,-0.9910139878866151,2.0
0.048004800480048,0.3382972574978047,0.979202915457169,-0.8667020258200154,2.0
0.049004900490049005,0.41291140148956906,0.9785348056954181,-0.8544962487668069,2.0
0.05000500050005,0.5611928753301315,0.9778572662660711,-0.8843903368298345,2.0
0.051005100510051006,0.4818862149904865,0.9771703076547599,-0.8243644262669447,2.0
0.052005200520052,0.7119587247854151,0.9764739404362629,-0.8933278458686765,2.0
0.05300530053005301,0.5108410400460316,0.975768175274365,-0.868059920989169,2.0
0.054005400540054004,0.39794016761958395,0.9750530229217148,-0.7034255420385314,2.0
0.05500550055005501,0.5412622978343784,0.9743284942196844,-0.6945101210305912,2.0
0.056005600560056004,0.5238705676898547,0.9735946000982254,-0.7246836573821951,2.0
0.05700570057005701,0.45495378734940484,0.9728513515757251,-0.7601255523381013,2.0
0.058005800580058005,0.5852446505789085,0.9720987597588627,-0.7841999578894011,2.0
0.05900590059005901,0.6969192566978302,0.9713368358424632,-0.9259718150069202,2.0
0.060006000600060005,0.3352140655152617,0.9705655911093513,-0.7695836570797819,2.0
0.06100610061006101,0.6921766201060536,0.9697850369302048,-0.8697051933099851,2.0
0.062006200620062006,0.501045876938966,0.9689951847634063,-0.8580082635409374,2.0
0.063006300630063,0.6220828701800944,0.968196046154895,-0.876488381734797,2.0
0.064006400640064,0.528523520277848,0.9673876327380172,-0.9289814617199946,2.0
0.06500650065006501,0.7272794864121797,0.9665699562333754,-0.7443435590577122,2.0
0.066006600660066,0.5347986654903913,0.9657430284486784,-0.7441251061410479,2.0
0.067006700670067,0.7051544962276626,0.9649068612785887,-0.8448706442225815,2.0
0.06800680068006801,0.661261323242878,0.9640614667045695,-1.0026152577957388,2.0
0.06900690069006901,0.510543149921723,0.9632068567947323,-0.9465306711831118,2.0
0.07000700070007,0.6682916361376349,0.962343043703682,-1.0987353112686142,2.0
0.071007100710071,0.6294732538929109,0.9614700396723618,-1.0995732140694656,2.0
0.07200720072007201,0.8103208911746457,0.9605878570278974,-1.4139290902953914,2.0
0.07300730073007301,0.5923076677003997,0.9596965081834409,-1.3956755583603941,2.0
0.074007400740074,0.580821982964603,0.9587960056380126,-1.4890774941891405,2.0
0.075007500750075,0.6813268657825207,0.9578863619763434,-1.2457729496828482,2.0
0.07600760076007601,0.57185431692534,0.9569675898687153,-1.1497811054774087,2.0
0.07700770077007701,0.6178030132163902,0.9560397020708025,-1.2909095674995872,2.0
0.078007800780078,0.5326383499883118,0.9551027114235094,-1.2007952452856951,2.0
0.07900790079007901,0.7125707099531918,0.9541566308528108,-1.181982347697039,2.0
0.08000800080008001,0.6947310148041497,0.9532014733695889,-1.282844659733872,2.0
0.081008100810081,0.7581303427748299,0.9522372520694706,-1.352139088515347,2.0
0.082008200820082,0.5698791766818238,0.9512639801326637,-1.4062452383010262,2.0
0.08300830083008301,0.6119275303893486,0.9502816708237927,-1.4231087781269407,2.0
0.08400840084008401,0.7114208326963343,0.9492903374917335,-1.338965850594711,2.0
0.085008500850085,0.6805873494730279,0.9482899935694475,-1.3528344331835933,2.0
0.086008600860086,0.7222986001047644,0.9472806525738146,-1.4537906138890224,2.0
0.08700870087008701,0.7482488475066283,0.9462623281054658,-1.4718290441010287,2.0
0.08800880088008801,0.6642059237000957,0.9452350338486154,-1.4966745667658532,2.0
0.089008900890089,0.7166340289184157,0.9441987835708909,-1.3588684245138363,2.0
0.09000900090009001,0.7985021583948794,0.9431535911231645,-1.4073972276609454,2.0
0.09100910091009101,0.8195725818765922,0.9420994704393815,-1.5238409125449652,2.0
0.09200920092009202,0.743362174784238,0.9410364355363894,-1.479757853182356,2.0
0.093009300930093,0.73071250286628,0.9399645005137659,-1.5334093613562536,2.0
0.09400940094009401,0.7873721756536821,0.938883679553646,-1.6222080663845926,2.0
0.09500950095009501,0.8736378948945333,0.9377939869205488,-1.5209974271413054,2.0
0.096009600960096,0.7925928002720535,0.9366954369612024,-1.3854603451673182,2.0
0.09700970097009701,0.7213348649400693,0.9355880441043695,-1.3608150857549113,2.0
0.09800980098009801,0.8950150810774166,0.9344718228606711,-1.2996226895894527,2.0
0.09900990099009901,0.9151853289462692,0.9333467878224111,-1.2935195983450372,2.0
0.1000100010001,0.6990255818721746,0.9322129536633974,-1.153860295883434,2.0
0.10101010101010101,0.894789055999121,0.9310703351387648,-1.0118709375757582,2.0
0.10201020102010201,0.8053165796018453,0.9299189470847967,-1.1246026956917174,2.0
0.10301030103010302,0.6483439111244425,0.9287588044187445,-0.9438824271195685,2.0
0.104010401040104,0.9442364603820899,0.9275899221386482,-0.9400521132365738,2.0
0.10501050105010501,0.8335696383797824,0.9264123153231553,-1.0196467104801528,2.0
0.10601060106010601,0.704636778288689,0.9252259991313386,-0.9643230636556315,2.0
0.10701070107010702,0.8366502794568328,0.9240309888025152,-0.9247588937072128,2.0
0.10801080108010801,0.7711745708356059,0.9228272996560616,-0.907828800762664,2.0
0.10901090109010901,0.8515153786991507,0.921614947091231,-0.8425835274410787,2.0
0.11001100110011001,0.7606361761805324,0.9203939465869688,-0.9071532979386827,2.0
0.11101110111011102,0.8676945976765033,0.9191643137017266,-0.8459760653809916,2.0
0.11201120112011201,0.8156142021226385,0.9179260640732769,-0.7285278698958153,2.0
0.11301130113011301,0.8673317766707054,0.916679213418526,-0.6770938938824105,2.0
0.11401140114011402,0.9923059797457618,0.9154237775333268,-0.6014004282632817,2.0
0.115011501150115,0.8125661621155392,0.9141597722922911,-0.7144178407526838,2.0
0.11601160116011601,0.8853011102517522,0.9128872136485996,-0.564447902192018,2.0
0.11701170117011701,0.9569888821195212,0.9116061176338134,-0.550671425262565,2.0
0.11801180118011802,1.1096422438550613,0.9103165003576841,-0.6033272207174527,2.0
0.11901190119011901,0.970134386508014,0.9090183780079614,-0.6432761896195238,2.0
0.12001200120012001,1.0878407632371332,0.9077117668502028,-0.6383947398487941,2.0
0.12101210121012101,0.8620642012881331,0.906396683227581,-0.8501861138156803,2.0
0.12201220122012202,0.8172993189644842,0.9050731435606909,-0.8508245086348323,2.0
0.12301230123012301,0.8169478671887518,0.9037411643473552,-0.7144716638696287,2.0
0.12401240124012401,1.0069134613792134,0.9024007621624314,-0.7728534127324984,2.0
0.125012501250125,0.8509840852751729,0.9010519536576151,-0.7476206410460895,2.0
0.126012601260126,0.901342306528055,0.8996947555612461,-0.7581122485550827,2.0
0.127012701270127,1.048740822397958,0.8983291846781102,-0.5266117427406778,2.0
0.128012801280128,0.9060890798997356,0.8969552578892432,-0.48766425466925867,2.0
0.12901290129012902,1.0764729220395202,0.8955729921517329,-0.6181942024275313,2.0
0.13001300130013002,0.6690105961673707,0.8941824044985206,-0.6209464779126415,2.0
0.13101310131013102,0.9559251926378571,0.8927835120382015,-0.4828565545875194,2.0
0.132013201320132,0.8328164366839466,0.8913763319548258,-0.4985773524420137,2.0
0.133013301330133,0.975449715947462,0.8899608815076976,-0.3536334406154417,2.0
0.134013401340134,0.9331353449910267,0.8885371780311737,-0.22472017468984876,2.0
0.135013501350135,1.042742457298306,0.8871052389344627,-0.356126528705359,2.0
0.13601360136013602,0.9136254524333478,0.885665081701421,-0.38211256445646813,2.0
0.13701370137013702,0.9891607041246091,0.8842167238903512,-0.41942773052831406,2.0
0.13801380138013802,1.0146282256424364,0.8827601831337977,-0.47684925550203006,2.0
0.13901390139013903,0.8310859500046672,0.8812954771383417,-0.4027209789295495,2.0
0.14001400140014,1.0718831492028051,0.8798226236843975,-0.48968836893150125,2.0
0.141014101410141,1.1040081568043096,0.8783416406260051,-0.5274927418060269,2.0
0.142014201420142,0.8857463534982896,0.8768525458906254,-0.443240352354878,2.0
0.14301430143014301,0.9146797802447354,0.8753553574789323,-0.539971024910909,2.0
0.14401440144014402,0.8255751815586936,0.8738500934646051,-0.5339924300780887,2.0
0.14501450145014502,1.004362663766795,0.8723367719941202,-0.5829811155510795,2.0
0.14601460146014603,0.9511069944948018,0.8708154112865424,-0.656257053036867,2.0
0.147014701470147,1.179387622588898,0.8692860296333156,-0.6016941588385638,2.0
0.148014801480148,0.9790372274797458,0.8677486453980513,-0.5850120602047416,2.0
0.149014901490149,0.8905901788654677,0.8662032770163195,-0.7853606407361884,2.0
0.15001500150015,0.7938063722904739,0.864649942995436,-0.8410747137605155,2.0
0.15101510151015102,1.017525455834641,0.8630886619142505,-0.8818950191832292,2.0
0.15201520152015202,0.9693894511043428,0.8615194524229344,-0.9594017317389428,2.0
0.15301530153015303,0.8952064406944692,0.8599423332427669,-0.8022327250322416,2.0
0.15401540154015403,0.9974536919230281,0.8583573231659216,-0.758252356250664,2.0
0.155015501550155,0.8213402790644743,0.8567644410552512,-0.5628703706559214,2.0
0.156015601560156,1.0415960494777134,0.8551637058440726,-0.6402175752289483,2.0
0.157015701570157,0.9263632473705341,0.8535551365359517,-0.7417682228068818,2.0
0.15801580158015802,1.1106178247522434,0.8519387522044862,-0.7082104131047483,2.0
0.15901590159015902,1.0574529477124925,0.8503145719930886,-0.8277641955317538,2.0
0.16001600160016002,0.9485407695717982,0.848682615114769,-0.6789183655991246,2.0
0.16101610161016103,0.9774918878353585,0.847042900851917,-0.6933395613459222,2.0
0.162016201620162,0.9281134475046002,0.8453954485560824,-0.7658225604201543,2.0
0.163016301630163,1.02627868576829,0.8437402776477554,-0.6639598255142071,2.0
0.164016401640164,0.9786511217676134,0.842077407616148,-0.7357037411201169,2.0
0.16501650165016502,0.8647549329665223,0.8404068580189716,-0.694992141566256,2.0
0.16601660166016602,0.9636284464498774,0.8387286484822177,-0.561264754788521,2.0
0.16701670167016702,1.0629203647543788,0.8370427986999341,-0.595509971793842,2.0
0.16801680168016803,0.9187565827800052,0.8353493284340041,-0.4453248211516833,2.0
0.16901690169016903,0.8246043085465737,0.8336482575139229,-0.4142124469206727,2.0
0.17001700170017,0.8806339763689365,0.8319396058365739,-0.4733360520022776,2.0
0.171017101710171,0.8981606443659675,0.830223393366005,-0.4225842479905497,2.0
0.172017201720172,1.0416547490923298,0.8284996401332035,-0.30277917831539575,2.0
0.17301730173017302,0.9205133721129621,0.8267683662358711,-0.1239427690661366,2.0
0.17401740174017402,0.8851009319868913,0.8250295918381982,-0.33086801385604525,2.0
0.17501750175017503,0.8000928959760654,0.8232833371706368,-0.3338572656197408,2.0
0.17601760176017603,0.8462685563642456,0.8215296225296743,-0.3010803072394761,2.0
0.177017701770177,0.9782870362900514,0.8197684682776055,-0.2623416271869784,2.0
0.178017801780178,0.9285570221625152,0.8179998948423048,-0.23280630290984813,2.0
0.179017901790179,0.7907712157943261,0.8162239227169973,-0.06356685818319628,2.0
0.18001800180018002,1.1709203896437166,0.8144405724600295,0.012811737995871887,2.0
0.18101810181018102,0.983915850777251,0.8126498646946401,-0.17335978970750363,2.0
0.18201820182018202,1.1777484864296492,0.8108518201087285,-0.30194305391618964,2.0
0.18301830183018303,1.0293579712353238,0.8090464594546257,-0.36944125231603725,2.0
0.18401840184018403,1.089462350027454,0.8072338035488611,-0.4713637488885467,2.0
0.185018501850185,0.9343393133626707,0.8054138732719317,-0.438461570714467,2.0
0.186018601860186,1.0340192910262798,0.8035866895680691,-0.5068389865075894,2.0
0.18701870187018702,0.9070809217095226,0.8017522734450064,-0.4040753965368713,2.0
0.18801880188018802,0.9156627668972742,0.7999106459737453,-0.4066128292762463,2.0
0.18901890189018902,0.9744363851996026,0.7980618282883211,-0.3071789135426777,2.0
0.19001900190019003,1.1268937846291351,0.7962058415855683,-0.4183843994862523,2.0
0.19101910191019103,1.186351592974003,0.794342707124886,-0.381450169785843,2.0
0.192019201920192,1.1215290941564775,0.7924724462280015,-0.515003239272139,2.0
0.193019301930193,1.0188162995105865,0.7905950802787344,-0.5832117570105669,2.0
0.19401940194019401,0.8879385632068094,0.78871063072276,-0.5359670687943042,2.0
0.19501950195019502,0.9378632222286566,0.786819119067372,-0.6750982677432009,2.0
0.19601960196019602,0.9972530634590354,0.7849205668812438,-0.6496809475432954,2.0
0.19701970197019703,0.9367350820500365,0.783014995794192,-0.6083508067387808,2.0
0.19801980198019803,0.9253415346036755,0.7811024274969359,-0.44009232660490216,2.0
0.19901990199019903,0.9590004792346825,0.7791828837408595,-0.5553185464311128,2.0
0.2000200020002,0.9594916484644882,0.7772563863377705,-0.5178755391064092,2.0
0.201020102010201,0.943229739657772,0.7753229571596609,-0.7636206477434035,2.0
0.20202020202020202,0.9165104386023378,0.773382618138466,-0.8814194519164691,2.0
0.20302030203020302,0.8998035116442585,0.7714353912658226,-0.8932464370546438,2.0
0.20402040204020402,0.9829901026398855,0.7694812985928279,-0.7325221638756562,2.0
0.20502050205020503,1.030021899350791,0.7675203622297965,-0.6824841524029108,2.0
0.20602060206020603,0.9719491452934955,0.7655526043460182,-0.5291323692930247,2.0
0.20702070207020704,1.0252070031894602,0.7635780471695146,-0.5221458809470242,2.0
0.208020802080208,0.883397782595848,0.7615967129867951,-0.47594701210806334,2.0
0.20902090209020902,0.8821105772442344,0.7596086241426123,-0.4410256147174404,2.0
0.21002100210021002,0.812086572743423,0.7576138030397188,-0.34238035976189335,2.0
0.21102110211021102,0.8985742143466086,0.75561227213862,-0.373938620989416,2.0
0.21202120212021203,0.9309704755429955,0.75360405395733,-0.46031519176156277,2.0
0.21302130213021303,0.898606738818072,0.7515891710711244,-0.46874554042358324,2.0
0.21402140214021403,1.0139954210636786,0.7495676461122943,-0.559927709284885,2.0
0.215021502150215,1.1046385257409765,0.7475395017698994,-0.6514482252798471,2.0
0.21602160216021601,0.9201965275433351,0.7455047607895194,-0.8171461827848996,2.0
0.21702170217021702,0.7371164463078256,0.7434634459730072,-0.8037104762918515,2.0
0.21802180218021802,0.9079057797229778,0.7414155801782399,-0.6909620663938616,2.0
0.21902190219021903,0.7283366471803472,0.7393611863188696,-0.666428816801473,2.0
0.22002200220022003,1.1262264491099558,0.7373002873640748,-0.5021443952338451,2.0
0.22102210221022103,0.8689437411765206,0.7352329063383097,-0.3373213813875471,2.0
0.22202220222022204,0.7223010719293108,0.7331590663210548,-0.3773008995897821,2.0
0.223022302230223,0.9232960287032997,0.7310787904465652,-0.3244089551918588,2.0
0.22402240224022402,0.8470335575092984,0.7289921019036202,-0.4025811358000758,2.0
0.22502250225022502,0.967613571717806,0.7268990239352714,-0.5069863738600102,2.0
0.22602260226022602,0.8819768037497778,0.7247995798385911,-0.402127414028538,2.0
0.22702270227022703,0.7769556546048629,0.7226937929644189,-0.5195386570036884,2.0
0.22802280228022803,0.8253065177966069,0.7205816867171101,-0.5142075028182765,2.0
0.22902290229022904,0.8665973020206352,0.7184632845542805,-0.5553380948006058,2.0
0.23002300230023,0.753764399222023,0.7163386099865552,-0.44030931643551985,2.0
0.23102310231023102,0.8732024316280109,0.7142076865773116,-0.5274537835577255,2.0
0.23202320232023202,0.8855991987611735,0.7120705379424274,-0.45740951791969203,2.0
0.23302330233023302,0.8275771878605168,0.7099271877500231,-0.46568644678429894,2.0
0.23402340234023403,0.8466023833521167,0.7077776597202092,-0.4066502505197166,2.0
0.23502350235023503,0.6280631611726283,0.7056219776248279,-0.28646495485879697,2.0
0.23602360236023603,1.01176811804469,0.7034601652871985,-0.21320185562887628,2.0
0.23702370237023704,0.6002568859022183,0.7012922465818597,-0.18619587468948115,2.0
0.23802380238023801,0.7600844890305696,0.6991182454343137,-0.22162136989616166,2.0
0.23902390239023902,0.7458800207037798,0.6969381858207673,-0.29510259139748685,2.0
0.24002400240024002,0.789476905024335,0.6947520917678749,-0.4372626838137009,2.0
0.24102410241024103,0.802210886313172,0.6925599873524801,-0.553277172266399,2.0
0.24202420242024203,0.8395478371510716,0.6903618967013573,-0.651437904877175,2.0
0.24302430243024303,0.7844323289853881,0.6881578439909518,-0.7689739926000092,2.0
0.24402440244024404,0.729963101307478,0.6859478534471214,-0.7529889339035201,2.0
0.245024502450245,0.5811984607738725,0.6837319493448756,-0.6011219629990707,2.0
0.24602460246024602,0.8661456419245597,0.681510156008116,-0.28178723097431435,2.0
0.24702470247024702,0.7290547202730241,0.6792824978093759,-0.44323265268866596,2.0
0.24802480248024802,0.8025725055493778,0.6770489991695582,-0.426701107074176,2.0
0.24902490249024903,0.7691314935526442,0.6748096845576759,-0.43595186006101355,2.0
0.25002500250025,0.7001834888030859,0.6725645784905883,-0.4254591649410254,2.0
0.251025102510251,0.7467914082714342,0.6703137055327404,-0.36172466975497136,2.0
0.252025202520252,0.6836782458963909,0.6680570902958998,-0.20985740009200182,2.0
0.253025302530253,0.7660839797141327,0.6657947574388943,-0.1941854400428443,2.0
0.254025402540254,0.8076150202932589,0.6635267316673482,-0.2093491673606835,2.0
0.255025502550255,0.5625777781428147,0.6612530377334194,-0.3196111381531648,2.0
0.256025602560256,0.5046142986315307,0.6589737004355344,-0.39852743504785376,2.0
0.25702570257025703,0.6653232668190319,0.6566887446181255,-0.45274275995447444,2.0
0.25802580258025803,0.6419074172662803,0.6543981951713651,-0.4548467060673582,2.0
0.25902590259025904,0.622533441067418,0.6521020770309014,-0.3903987001245289,2.0
0.26002600260026004,0.687424654301746,0.6498004151775926,-0.3042689440207735,2.0
0.26102610261026105,0.8292481115800936,0.6474932346372415,-0.40459108681898787,2.0
0.26202620262026205,0.5328093193406422,0.6451805604803297,-0.33491023277887777,2.0
0.26302630263026305,0.5982766219709047,0.6428624178217511,-0.4195236103846659,2.0
0.264026402640264,0.5902806272684885,0.6405388318205455,-0.27729918698097206,2.0
0.265026502650265,0.6544227855676659,0.6382098276796307,-0.27567610122101416,2.0
0.266026602660266,0.7880996285269116,0.6358754306455366,0.04752189587125009,2.0
0.267026702670267,0.6310555690617922,0.6335356660081367,0.053621568715499994,2.0
0.268026802680268,0.5485877324486391,0.6311905591003804,-0.0827692630406019,2.0
0.269026902690269,0.4908640556135835,0.6288401352980246,-0.1493178715517291,2.0
0.27002700270027,0.6884494860455848,0.626484420019365,-0.02443147365859373,2.0
0.27102710271027103,0.7096735449168482,0.6241234387249679,0.08008496722911938,2.0
0.27202720272027203,0.5646740404036009,0.6217572169173999,0.2677782573246429,2.0
0.27302730273027304,0.6366608429213092,0.6193857801409595,0.2395977954758391,2.0
0.27402740274027404,0.39644455275546864,0.6170091539814061,0.2602670387167698,2.0
0.27502750275027504,0.379802371921578,0.6146273640656912,0.20589144749569666,2.0
0.27602760276027605,0.43210161769753636,0.6122404360616869,0.07393518776901982,2.0
0.27702770277027705,0.4934505559019387,0.6098483956779155,-0.016823726438477273,2.0
0.27802780278027805,0.5032219273749754,0.6074512686632787,0.14051274424301505,2.0
0.279027902790279,0.6285749064602748,0.6050490808067863,0.09202886585479803,2.0
0.28002800280028,0.47881190758194336,0.602641857937284,0.13920592411504287,2.0
0.281028102810281,0.5318803727071425,0.6002296259231822,0.16890576223185985,2.0
0.282028202820282,0.42147723353069266,0.5978124106721834,0.06862183570342668,2.0
0.283028302830283,0.49665411494608086,0.5953902381310102,0.17872102617024754,2.0
0.284028402840284,0.41744837355174214,0.5929631342851323,0.12825487918794584,2.0
0.285028502850285,0.6385504226573296,0.5905311251584929,0.25323615765768653,2.0
0.28602860286028603,0.38163571210033076,0.5880942368132369,0.19421524422306258,2.0
0.28702870287028703,0.5110568826014261,0.5856524953494356,-0.0952653805520367,2.0
0.28802880288028804,0.5083222028091614,0.5832059269048147,-0.02640558501133833,2.0
0.28902890289028904,0.28234925846252157,0.5807545576544783,0.050007843753624937,2.0
0.29002900290029004,0.42677938786832187,0.5782984138106361,0.0005926007038744574,2.0
0.29102910291029105,0.4807184370462185,0.5758375216223283,-0.1250015488705095,2.0
0.29202920292029205,0.5241336217125218,0.5733719073751504,-0.22666095349347615,2.0
0.29302930293029306,0.4070202258503203,0.5709015973909788,-0.2888082970144642,2.0
0.294029402940294,0.26742141006247167,0.568426618027695,-0.2598131245649369,2.0
0.295029502950295,0.3705610970410103,0.5659469956789093,-0.19499978718022365,2.0
0.296029602960296,0.29272028969661334,0.5634627567736868,-0.38713379075910437,2.0
0.297029702970297,0.37345744827488403,0.5609739277762699,-0.3781640007348827,2.0
0.298029802980298,0.22710145531114084,0.5584805351858019,-0.25088177544768814,2.0
0.299029902990299,0.22729612083172657,0.5559826055360512,-0.29223233591510883,2.0
0.3000300030003,0.39240099496008257,0.5534801653951341,-0.5163930324834606,2.0
0.30103010301030103,0.2977943843748145,0.5509732413652382,-0.6600942200711356,2.0
0.30203020302030203,0.2909814389400485,0.5484618600823443,-0.7421460809670859,2.0
0.30303030303030304,0.19153071688881498,0.5459460482159496,-0.6692591489026138,2.0
0.30403040304030404,0.18015999242366126,0.5434258324687903,-0.6765150102419669,2.0
0.30503050305030505,0.3513582298174334,0.5409012395765624,-0.9384144745465527,2.0
0.30603060306030605,0.14955276216979718,0.5383722963076455,-1.1070503310370832,2.0
0.30703070307030705,0.21814720387621397,0.5358390294628222,-1.066650130925182,2.0
0.30803080308030806,0.19161880378948654,0.5333014658750019,-1.1035338476561127,2.0
0.309030903090309,0.24734370410754808,0.5307596324089403,-1.1705020882388817,2.0
0.31003100310031,0.1507255368173998,0.5282135559609606,-1.3483693926078981,2.0
0.311031103110311,0.1788317813048043,0.5256632634586758,-1.2690014565132826,2.0
0.312031203120312,0.31931494530323506,0.5231087818607075,-1.5387283134271095,2.0
0.313031303130313,0.14503743600656277,0.5205501381564078,-1.5400610267822916,2.0
0.314031403140314,0.30494897381649133,0.5179873593655785,-1.561139301672747,2.0
0.31503150315031503,0.026252551473297137,0.5154204725381917,-1.558640900266493,2.0
0.31603160316031603,0.24636972668089316,0.5128495047541097,-1.4627637887420506,2.0
0.31703170317031704,0.10538129419719569,0.5102744831228042,-1.4994606522763003,2.0
0.31803180318031804,0.06554506407144928,0.5076954347830768,-1.466245071260749,2.0
0.31903190319031904,0.09279408492149617,0.5051123869027772,-1.5044660829639005,2.0
0.32003200320032005,0.2594979608546125,0.502525366678523,-1.3659635181746719,2.0
0.32103210321032105,-0.034272600444773246,0.4999344013354189,-1.2989850289970042,2.0
0.32203220322032206,0.1202609284691159,0.4973395181267744,-1.436231658133181,2.0
0.32303230323032306,0.19103521861340245,0.49474074433382437,-1.3398391020265508,2.0
0.324032403240324,-0.015402337260066817,0.4921381072654455,-1.2848696345535338,2.0
0.325032503250325,0.18866188170635118,0.4895316342578754,-1.161135041498132,2.0
0.326032603260326,0.08883790422337673,0.4869213526744318,-0.8986433885374899,2.0
0.327032703270327,-0.0894001454350706,0.48430728990522887,-1.0419756746842226,2.0
0.328032803280328,0.02061700387378117,0.4816894733668962,-0.8641772103056398,2.0
0.329032903290329,0.007213612637530176,0.47906793050229585,-1.0685847278573608,2.0
0.33003300330033003,0.03175111722678234,0.47644268878024076,-0.9395658682412101,2.0
0.33103310331033103,-0.03728375566113573,0.4738137756952111,-1.0218078915105977,2.0
0.33203320332033204,-0.13995860941108754,0.47118121876707236,-0.9348942674069657,2.0
0.33303330333033304,-0.18122416137392386,0.4685450455407918,-1.0199679259277399,2.0
0.33403340334033405,-0.07284241115522319,0.4659052835861567,-1.0282037680125267,2.0
0.33503350335033505,-0.012834642761086512,0.4632619604974895,-1.1061277300211707,2.0
0.33603360336033605,0.13189871113763893,0.46061510389336585,-1.1333442764228774,2.0
0.33703370337033706,-0.0924296393085824,0.4579647414163305,-1.3082699062211347,2.0
0.33803380338033806,-0.11237563679512654,0.4553109007326145,-1.0378978815521724,2.0
0.339033903390339,-0.06449902077014971,0.452653609531851,-0.9155620719118835,2.0
0.34003400340034,-0.04158443475248302,0.449992895526791,-1.000018340299171,2.0
0.341034103410341,-0.25509223536875564,0.44732878645302127,-0.9737068354346938,2.0
0.342034203420342,-0.25541475591131335,0.4446613100686782,-0.9883275040057152,2.0
0.343034303430343,-0.08329613450449047,0.4419904941541653,-1.1594914521327275,2.0
0.344034403440344,0.05259910336447511,0.4393163665118682,-1.2435021996597646,2.0
0.34503450345034503,-0.12236235170917194,0.43663895496587035,-1.1437560698065,2.0
0.34603460346034604,-0.05692203533149314,0.4339582873616696,-1.0571583469652546,2.0
0.34703470347034704,-0.008272775199061194,0.43127439156589215,-1.031176946955261,2.0
0.34803480348034804,-0.18963549610044025,0.42858729546600915,-0.8196282489128293,2.0
0.34903490349034905,-0.15795886874888468,0.4258970269700512,-0.9321761035497907,2.0
0.35003500350035005,-0.3111940539839432,0.4232036140063246,-0.844240815551149,2.0
0.35103510351035105,0.03770000646990809,0.42050708452312546,-0.907817285298524,2.0
0.35203520352035206,-0.12725372642201055,0.417807466488455,-0.9604841826005606,2.0
0.35303530353035306,-0.05353896149980683,0.41510478788973476,-0.9863902763532121,2.0
0.354035403540354,-0.3761757436595049,0.41239907673352205,-0.9231139516945919,2.0
0.355035503550355,-0.04052284463688258,0.40969036104522283,-0.8938546024596875,2.0
0.356035603560356,-0.1427521512586788,0.40697866886880846,-0.7114388690800649,2.0
0.357035703570357,-0.24122722032212343,0.4042640282665299,-0.723246448289968,2.0
0.358035803580358,-0.2998542908249566,0.4015464673186316,-0.774284150935755,2.0
0.35903590359035903,-0.30918077638440905,0.39882601412306645,-0.6748973044270219,2.0
0.36003600360036003,-0.19374183222212416,0.3961026967952104,-0.9049684686610114,2.0
0.36103610361036104,-0.22994103502376162,0.39337654346757706,-0.9467128482801312,2.0
0.36203620362036204,-0.13120081782868134,0.39064758228953134,-0.8826937904603414,2.0
0.36303630363036304,-0.5225716514173754,0.3879158414270043,-0.9386491797273037,2.0
0.36403640364036405,-0.42314702231729645,0.3851813490622074,-0.8540119250605355,2.0
0.36503650365036505,-0.28197405463151964,0.38244413339334676,-0.8523901811276977,2.0
0.36603660366036606,-0.2371582015933088,0.37970422263433684,-0.9591674401785882,2.0
0.36703670367036706,-0.3318542766482148,0.3769616450145151,-0.9821170673998347,2.0
0.36803680368036806,-0.2536934982409801,0.3742164287783558,-0.9495998976239926,2.0
0.369036903690369,-0.2872984068408988,0.3714686021851848,-0.9717884418004907,2.0
0.37003700370037,-0.3543684017201008,0.36871819350889173,-0.8357198382817391,2.0
0.371037103710371,-0.3238287384669543,0.3659652310376462,-0.9482553086921094,2.0
0.372037203720372,-0.3483799573181354,0.3632097430736102,-0.9938824847732157,2.0
0.373037303730373,-0.34222775009472084,0.36045175793265316,-0.9839310317699295,2.0
0.37403740374037403,-0.32295178642937944,0.3576913039440648,-0.84661300832794,2.0
0.37503750375037503,-0.2352440382700672,0.35492840945026977,-0.8559602945745901,2.0
0.37603760376037604,-0.591817363510833,0.35216310280654106,-0.7980688627392567,2.0
0.37703770377037704,-0.26725414634007155,0.3493954123807147,-0.8800449574050593,2.0
0.37803780378037805,-0.25414860270827544,0.3466253665529025,-0.7577110246976181,2.0
0.37903790379037905,-0.2778516458349901,0.34385299371520645,-0.7667892182216838,2.0
0.38003800380038005,-0.5219967034080063,0.3410783222714327,-0.5276012967645244,2.0
0.38103810381038106,-0.4743420780685188,0.33830138063680554,-0.6504532795916762,2.0
0.38203820382038206,-0.5730471012912223,0.3355221972376806,-0.7187100346355533,2.0
0.38303830383038306,-0.24612166218532783,0.33274080051125915,-0.7667635962529085,2.0
0.384038403840384,-0.4867541706520374,0.32995721890530205,-1.0159154123176766,2.0
0.385038503850385,-0.5136376277604721,0.3271714808778433,-1.0879767524164083,2.0
0.386038603860386,-0.4381351974517751,0.3243836148969042,-1.1628895629037668,2.0
0.387038703870387,-0.6010768904167414,0.32159364944020685,-1.2081860956690644,2.0
0.38803880388038803,-0.4358162079974868,0.318801612994889,-1.237940064473592,2.0
0.38903890389038903,-0.8107323956724881,0.3160075340572169,-1.2854279051406907,2.0
0.39003900390039004,-0.5075277198152682,0.31321144113229965,-1.201441839833139,2.0
0.39103910391039104,-0.4679915385380294,0.3104133627338032,-1.1742368690914922,2.0
0.39203920392039204,-0.35182591751652065,0.3076133273836649,-1.0870713135664098,2.0
0.39303930393039305,-0.4945725027388177,0.30481136361180666,-1.0331156899102891,2.0
0.39403940394039405,-0.3407205696928495,0.3020074999558495,-0.9569885223327413,2.0
0.39503950395039505,-0.6297248976000285,0.29920176496082734,-1.0538403430418888,2.0
0.39603960396039606,-0.5338830092735213,0.2963941871789023,-1.0618165590654849,2.0
0.39703970397039706,-0.5476585652839839,0.29358479516907715,-1.1000574230132931,2.0
0.39803980398039807,-0.5893894843185186,0.290773617496911,-1.0564725900007959,2.0
0.39903990399039907,-0.6074517089791756,0.2879606827342327,-1.0087161743053243,2.0
0.4000400040004,-0.650487510764238,0.28514601945885576,-1.0553698542088912,2.0
0.401040104010401,-0.593540861533327,0.2823296562542928,-1.0539991523374876,2.0
0.402040204020402,-0.7009342849757443,0.27951162170946925,-1.20616286176765,2.0
0.40304030403040303,-0.7079643380018527,0.27669194441843875,-1.1615205767020436,2.0
0.40404040404040403,-0.7765601046170952,0.2738706529800977,-1.007349248454564,2.0
0.40504050405040504,-0.6075364640572688,0.27104777599789914,-1.1527002173178678,2.0
0.40604060406040604,-0.6162883427660163,0.2682233420795682,-1.1536917031016491,2.0
0.40704070407040704,-0.6438907096403337,0.2653973798368163,-1.116948211582891,2.0
0.40804080408040805,-0.6581581451687051,0.26256991788505735,-1.1738924032555549,2.0
0.40904090409040905,-0.6820181574311671,0.2597409848431207,-1.162451102037944,2.0
0.41004100410041006,-0.853522532899196,0.2569106093329678,-1.0844981282347148,2.0
0.41104110411041106,-0.6943600692724485,0.25407881997940623,-1.164475053297158,2.0
0.41204120412041206,-0.5899231934596648,0.2512456454098064,-0.9597007126348388,2.0
0.41304130413041307,-0.5965258527066408,0.24841111425381476,-0.9313477272779983,2.0
0.41404140414041407,-0.7153298010079602,0.24557525514307094,-0.8521106416615294,2.0
0.415041504150415,-0.7923143602495389,0.24273809671092222,-0.8531259771716686,2.0
0.416041604160416,-0.9031481996084819,0.23989966759213954,-1.0677827835001892,2.0
0.417041704170417,-0.7589302078177634,0.23705999642263317,-0.8917148336194632,2.0
0.41804180418041803,-0.6500808837041805,0.2342191118391681,-0.8025027281243121,2.0
0.41904190419041903,-0.77541499777354,0.23137704247908072,-1.0266456708098715,2.0
0.42004200420042004,-0.6923778834025552,0.22853381697999386,-1.208440391302894,2.0
0.42104210421042104,-0.7406981466167595,0.22568946397953332,-1.227961705149061,2.0
0.42204220422042205,-0.5014707618408053,0.22284401211504423,-1.0715971434373655,2.0
0.42304230423042305,-0.7826624430347741,0.21999749002330707,-0.9945997973965133,2.0
0.42404240424042405,-0.6888272416366609,0.21714992634025468,-0.9072991061273386,2.0
0.42504250425042506,-0.48160211195546904,0.2143013497006879,-0.9542926301747965,2.0
0.42604260426042606,-0.7750913496100348,0.2114517887379931,-0.7218084803579148,2.0
0.42704270427042706,-0.7176406502122711,0.20860127208385834,-0.8181181076682963,2.0
0.42804280428042807,-0.497373716068443,0.20574982836799138,-0.8994013445083617,2.0
0.4290429042904291,-0.8759343111198189,0.20289748621783532,-0.9106583299480564,2.0
0.43004300430043,-0.6930226625399224,0.20004427425828689,-0.8771003688140789,2.0
0.431043104310431,-0.8004602215246707,0.19719022111141332,-0.9724843523880594,2.0
0.43204320432043203,-0.9959877560880144,0.1943353553961701,-1.0376464054898211,2.0
0.43304330433043303,-0.79700195919238,0.19147970572811854,-1.039885581779549,2.0
0.43404340434043404,-0.9870339345677404,0.18862330071914313,-1.1063278771618332,2.0
0.43504350435043504,-0.8720062630722294,0.1857661689771707,-1.0731406400383248,2.0
0.43604360436043604,-0.9309436510173231,0.1829083391058869,-1.1373945426438492,2.0
0.43704370437043705,-0.9238116034640481,0.18004983970445557,-1.0816059291391324,2.0
0.43804380438043805,-0.9538581141867033,0.17719069936723653,-0.9865460572600617,2.0
0.43904390439043905,-0.7778724567545159,0.17433094668350502,-0.8877753301243217,2.0
0.44004400440044006,-0.819851753307486,0.17147061023716925,-1.0589976674118258,2.0
0.44104410441044106,-0.8780054758397481,0.16860971860649002,-1.061768817264287,2.0
0.44204420442044207,-0.666226145523452,0.16574830036379942,-1.0825504826450036,2.0
0.44304430443044307,-0.9295182482505006,0.162886384075221,-1.136345511727575,2.0
0.4440444044404441,-0.9309121298701629,0.16002399830038755,-0.9784134826938135,2.0
0.445044504450445,-0.7687089289944198,0.15716117159216206,-0.9076873807306026,2.0
0.446044604460446,-0.7668121521687351,0.15429793249635684,-0.9952616578397686,2.0
0.44704470447044703,-0.8697672029537464,0.15143430955145368,-1.0839486737581008,2.0
0.44804480448044803,-0.962454251220083,0.14857033128832378,-1.0394222954364227,2.0
0.44904490449044904,-0.8633977658021781,0.14570602622994835,-1.0978984604839512,2.0
0.45004500450045004,-0.8973479544634939,0.14284142289113866,-1.119991859557343,2.0
0.45104510451045104,-0.9920813267572898,0.13997654977825766,-1.135323105044138,2.0
0.45204520452045205,-0.9022916203192068,0.1371114353889397,-1.3049797633158333,2.0
0.45304530453045305,-0.851297956009926,0.13424610821181227,-1.3076678599572666,2.0
0.45404540454045406,-0.9898986349699591,0.13138059672621707,-1.4557115644612226,2.0
0.45504550455045506,-0.9777906962014037,0.12851492940193218,-1.3992577341743186,2.0
0.45604560456045606,-0.9195957646730235,0.1256491346988926,-1.311842912509535,2.0
0.45704570457045707,-0.9687760946465536,0.12278324106691305,-1.2171294217322541,2.0
0.45804580458045807,-1.0539424445816503,0.11991727694540946,-1.3580388153457856,2.0
0.4590459045904591,-1.064645790723418,0.1170512707631224,-1.4315560978416453,2.0
0.46004600460046,-0.8094699134226506,0.11418525093783839,-1.3040180606844967,2.0
0.461046104610461,-0.9080124033431107,0.11131924587611267,-1.3581936284916434,2.0
0.46204620462046203,-0.9367808644519229,0.10845328397299375,-1.434075576481817,2.0
0.46304630463046303,-0.8831549716901292,0.10558739361174488,-1.441816156380384,2.0
0.46404640464046404,-0.7999282453126759,0.10272160316356836,-1.437961558406912,2.0
0.46504650465046504,-1.0034999524115276,0.09985594098732885,-1.5125115453930553,2.0
0.46604660466046605,-1.0682721420469747,0.09699043542927806,-1.5429182131605765,2.0
0.46704670467046705,-0.8860869564400614,0.09412511482277772,-1.3708815971580801,2.0
0.46804680468046805,-1.055377437661637,0.09126000748802476,-1.249809736049102,2.0
0.46904690469046906,-0.867330482027667,0.08839514173177553,-1.160039271672013,2.0
0.47004700470047006,-0.8167079025519601,0.08553054584707143,-1.139291214915852,2.0
0.47104710471047107,-0.8839431477331574,0.0826662481129629,-1.235446642735452,2.0
0.47204720472047207,-1.174526349305516,0.07980227679423552,-1.3309140066351857,2.0
0.4730473047304731,-1.0954897168751687,0.07693866014113522,-1.266613175750103,2.0
0.4740474047404741,-0.9792854465323816,0.07407542638909502,-1.241058745364077,2.0
0.475047504750475,-1.0931860463944816,0.07121260375846007,-1.3095233977887897,2.0
0.47604760476047603,-1.1631082546536125,0.06835022045421407,-1.3808905480036406,2.0
0.47704770477047703,-1.0054729744437216,0.06548830466570668,-1.4417760416505239,2.0
0.47804780478047804,-0.7964271300541936,0.0626268845663805,-1.3915815836622025,2.0
0.47904790479047904,-0.9883331126495875,0.05976598831349718,-1.4015913199105292,2.0
0.48004800480048004,-1.1312992233211923,0.056905644047865675,-1.3927029512087103,2.0
0.48104810481048105,-0.963617430634697,0.054045879893569584,-1.4586005734341383,2.0
0.48204820482048205,-0.9966088099116128,0.05118672395769593,-1.407735949515361,2.0
0.48304830483048306,-0.9803855118723453,0.04832820433006223,-1.5476735795302272,2.0
0.48404840484048406,-1.1861866987125285,0.04547034908294582,-1.353699627677789,2.0
0.48504850485048506,-0.9576288889677622,0.042613186270812314,-1.3507500998923798,2.0
0.48604860486048607,-0.8931867087908939,0.039756743930045524,-1.231477508634234,2.0
0.48704870487048707,-1.1608678555082745,0.03690105007867565,-1.21054398089673,2.0
0.4880488048804881,-1.0980552988083274,0.03404613271610974,-1.0815323523165554,2.0
0.4890489048904891,-0.9029474644730776,0.031192019822861343,-1.204330932124829,2.0
0.49004900490049,-1.1116999437610058,0.02833873936028175,-1.260765620465392,2.0
0.49104910491049103,-1.2067321189929292,0.02548631927028857,-1.2384476229870844,2.0
0.49204920492049203,-1.1421004850845553,0.022634787475098415,-1.2515270945768728,2.0
0.49304930493049304,-1.3294662928731467,0.019784171876957902,-1.2849504694919471,2.0
0.49404940494049404,-1.147187110613257,0.016934500357874097,-1.2582571708036578,2.0
0.49504950495049505,-1.1470635716158104,0.014085800779347162,-1.2789717513017431,2.0
0.49604960496049605,-0.9599052098143612,0.011238100982102015,-1.2273935446663753,2.0
0.49704970497049705,-1.0122869756338506,0.00839142878582158,-1.405223157284965,2.0
0.49804980498049806,-1.0545911043612382,0.00554581198887831,-1.2729737921955682,2.0
0.49904990499049906,-0.9377399263224767,0.0027012783680680345,-1.2312488661002707,2.0
0.5000500050005,-0.9943389630752024,-0.00014214432165686054,-1.26208831218081,2.0
0.5010501050105011,-1.0991228644619557,-0.002984428347453937,-1.1373258909566129,2.0
0.502050205020502,-0.8587373940482415,-0.005825545998855684,-1.0646770624804747,2.0
0.5030503050305031,-0.9923221370596893,-0.008665469588037369,-1.150226660583852,2.0
0.504050405040504,-0.9700743330921799,-0.01150417145007956,-1.2248681030209347,2.0
0.5050505050505051,-1.049969835380332,-0.014341623943235496,-1.236337150585614,2.0
0.506050605060506,-0.9355645161781327,-0.01717779944919377,-1.1488252550525524,2.0
0.5070507050705071,-1.1669301454529784,-0.020012670373345007,-1.243898076059589,2.0
0.508050805080508,-0.9896153857048062,-0.022846209145043053,-1.1665850105962592,2.0
0.5090509050905091,-0.8854563586139443,-0.02567838821787101,-1.1272036483393135,2.0
0.51005100510051,-1.0030594913173976,-0.0285091800699025,-1.0810850383437214,2.0
0.5110511051105111,-1.064399362232715,-0.03133855720396703,-1.0461760467197883,2.0
0.512051205120512,-0.8989732439031551,-0.034166492147909726,-0.9971160639720845,2.0
0.513051305130513,-1.0087809342483114,-0.03699295745485565,-1.0563987019170804,2.0
0.5140514051405141,-0.8969672947609126,-0.03981792570347157,-1.018839124739524,2.0
0.515051505150515,-0.8741306122823435,-0.04264136949822577,-1.1387750547374218,2.0
0.5160516051605161,-0.9596233105246732,-0.04546326146965138,-1.1255273456856985,2.0
0.517051705170517,-1.0927159166772271,-0.04828357427460511,-1.2367167174804365,2.0
0.5180518051805181,-0.9535976574380072,-0.051102280596530214,-1.2881972599183156,2.0
0.519051905190519,-0.9762816270544552,-0.0539193531457136,-1.3233052072063192,2.0
0.5200520052005201,-1.1165341172250638,-0.056734764659548055,-1.2342336310138742,2.0
0.521052105210521,-0.8819934106059781,-0.05954848790278946,-1.4147443809829037,2.0
0.5220522052205221,-0.9595000847716023,-0.062360495667818226,-1.4359156623072433,2.0
0.523052305230523,-1.000602609831951,-0.06517076077489499,-1.319116339259592,2.0
0.5240524052405241,-0.7678797851875485,-0.06797925607242127,-1.3514482900019995,2.0
0.525052505250525,-1.2680801472820504,-0.07078595443719518,-1.2267177288933735,2.0
0.5260526052605261,-0.9933904860178162,-0.07359082877467135,-1.147381102758765,2.0
0.527052705270527,-1.1287609236202434,-0.0763938520192149,-1.1127338131929576,2.0
0.528052805280528,-0.9900841729792216,-0.07919499713436115,-0.9986825742103561,2.0
0.5290529052905291,-1.0584824576917504,-0.08199423711306973,-1.0410728167436127,2.0
0.53005300530053,-0.9124189423011887,-0.08479154497798065,-0.9324595270748696,2.0
0.5310531053105311,-1.0082837153956368,-0.08758689378167156,-1.0233837818446185,2.0
0.532053205320532,-0.8614351381990315,-0.09038025660691017,-1.1218211651710757,2.0
0.5330533053305331,-0.8837323836642804,-0.09317160656691124,-1.1016328914032432,2.0
0.534053405340534,-0.9214793262160633,-0.0959609168055888,-1.2530270583191974,2.0
0.5350535053505351,-1.1429181239188193,-0.09874816049781253,-1.3159802026915586,2.0
0.536053605360536,-0.7910170464020498,-0.10153331084965828,-1.268429657431155,2.0
0.5370537053705371,-1.0337365442444786,-0.10431634109866358,-1.236883958841894,2.0
0.538053805380538,-0.7003917252037952,-0.1070972245140782,-0.996654072614851,2.0
0.5390539053905391,-1.0137285344084321,-0.10987593439711883,-0.9455511775001875,2.0
0.54005400540054,-0.912826510696854,-0.11265244408121805,-0.8907892713800497,2.0
0.5410541054105411,-0.7636768349026188,-0.11542672693227804,-0.9932993459787458,2.0
0.5420542054205421,-0.9057016973564891,-0.11819875634891956,-0.8840552747646746,2.0
0.543054305430543,-0.8572855564367804,-0.12096850576273477,-0.719071834484355,2.0
0.5440544054405441,-0.9655737323880503,-0.12373594863853532,-0.7860939841812884,2.0
0.545054505450545,-0.9959137613866789,-0.12650105847460222,-0.9053974772422291,2.0
0.5460546054605461,-0.8979127167753702,-0.12926380880293697,-1.0142340134828445,2.0
0.547054705470547,-0.9270059433853589,-0.13202417318950757,-0.8891761641074188,2.0
0.5480548054805481,-0.8418166209363064,-0.13478212523449926,-1.039178029121755,2.0
0.549054905490549,-0.6984614270394415,-0.13753763857256054,-0.8926649919646494,2.0
0.5500550055005501,-0.961957406942025,-0.14029068687305302,-0.9760314989026697,2.0
0.551055105510551,-0.8760342097667222,-0.1430412438402955,-0.8384351980383231,2.0
0.5520552055205521,-0.8488191574124855,-0.14578928321381326,-0.8528949894881136,2.0
0.553055305530553,-0.781283552443082,-0.148534778768582,-0.7723950122188018,2.0
0.5540554055405541,-0.8550293379086314,-0.15127770431527596,-0.7938494816216044,2.0
0.555055505550555,-0.9071117528448187,-0.15401803370051045,-0.8984291336179075,2.0
0.5560556055605561,-0.9866282999324241,-0.156755740807089,-0.9028908246174178,2.0
0.5570557055705571,-0.9743681976034599,-0.1594907995542457,-1.0162347214316698,2.0
0.558055805580558,-0.7389838469189018,-0.1622231838978912,-1.1882475352615707,2.0
0.5590559055905591,-0.8497783736487795,-0.16495286783085453,-0.9680908173971322,2.0
0.56005600560056,-0.8205296218848152,-0.1676798253831258,-0.8908882236280281,2.0
0.5610561056105611,-0.8659632978713796,-0.1704040306221009,-0.7791736652302585,2.0
0.562056205620562,-0.829491440874756,-0.17312545765282067,-0.6016194585158001,2.0
0.5630563056305631,-0.7160585574458677,-0.1758440806182147,-0.7528490482854432,2.0
0.564056405640564,-0.846089641957756,-0.17855987369934057,-0.7757080509822645,2.0
0.5650565056505651,-0.9678860091658562,-0.18127281111562688,-0.7187629696840625,2.0
0.566056605660566,-0.7389063693582243,-0.1839828671251105,-0.7217842655290423,2.0
0.5670567056705671,-0.8633852743462245,-0.18669001602467852,-0.6756065202299035,2.0
0.568056805680568,-0.8502752594409331,-0.1893942321503057,-0.6495412626207462,2.0
0.5690569056905691,-0.882415283904663,-0.19209548987729524,-0.6393997601526173,2.0
0.57005700570057,-0.739097842844269,-0.19479376362051445,-0.7427026073590616,2.0
0.5710571057105711,-0.6641405253002441,-0.19748902783463462,-0.7807611258223051,2.0
0.5720572057205721,-0.8090322700300326,-0.2001812570143665,-0.8949117923135037,2.0
0.573057305730573,-0.7000524751743756,-0.20287042569469904,-1.0376023485041959,2.0
0.5740574057405741,-0.648235773312182,-0.2055565084511338,-1.0151437433910349,2.0
0.575057505750575,-0.8226330340631564,-0.208239479899921,-1.0693799712545917,2.0
0.5760576057605761,-0.681478945118028,-0.21091931469829625,-1.0755661664678282,2.0
0.577057705770577,-0.7254244438528079,-0.21359598754471293,-1.3167857338993696,2.0
0.5780578057805781,-0.6572866689346794,-0.21626947317907916,-1.3559885505689342,2.0
0.579057905790579,-0.6332829463174416,-0.21893974638298813,-1.113600515469532,2.0
0.5800580058005801,-0.7585917765604743,-0.22160678197995537,-1.1694537735134773,2.0
0.581058105810581,-0.5484973084535466,-0.22427055483564756,-1.0792676510506753,2.0
0.5820582058205821,-0.8185658073572654,-0.2269310398581181,-0.876262834568681,2.0
0.583058305830583,-0.6727900152666945,-0.22958821199803606,-0.8291670563289556,2.0
0.5840584058405841,-0.7036601088158771,-0.23224204624891934,-0.8488399754084551,2.0
0.585058505850585,-0.4855685547529096,-0.23489251764736377,-0.9633276215197464,2.0
0.5860586058605861,-0.47517140478430514,-0.23753960127327528,-0.8393794576638789,2.0
0.5870587058705871,-0.8111729052712955,-0.24018327225009703,-0.7571790917877301,2.0
0.588058805880588,-0.5666821725103728,-0.24282350574504027,-0.816790826424721,2.0
0.5890589058905891,-0.8598646727634505,-0.24546027696931305,-0.9308625430676547,2.0
0.59005900590059,-0.5572846412144682,-0.2480935611783466,-0.8508478819504606,2.0
0.5910591059105911,-0.7525749955193187,-0.25072333367202465,-1.033840015101557,2.0
0.592059205920592,-0.6138426880782926,-0.25334956979490897,-1.0972078808721752,2.0
0.5930593059305931,-0.6290651422494011,-0.25597224493646753,-1.2214881407137854,2.0
0.594059405940594,-0.6828772860251014,-0.25859133453129846,-1.1074122111753961,2.0
0.5950595059505951,-0.5802088575502735,-0.2612068140593571,-0.9465365362799956,2.0
0.596059605960596,-0.5476919361776702,-0.2638186590461791,-0.8099154858771904,2.0
0.5970597059705971,-0.5958886163027964,-0.26642684506310743,-0.783098938457198,2.0
0.598059805980598,-0.6117020684111972,-0.2690313477275128,-0.617481690943642,2.0
0.5990599059905991,-0.7191186130343278,-0.27163214270301966,-0.6824878585934195,2.0
0.6000600060006,-0.3773994947710584,-0.2742292056997266,-0.7356736648184382,2.0
0.6010601060106011,-0.7244895493444843,-0.2768225124744311,-0.9481704008949587,2.0
0.6020602060206021,-0.5553211411401641,-0.2794120388308483,-0.7388842225693104,2.0
0.603060306030603,-0.508955119057473,-0.2819977606198338,-0.881866143108007,2.0
0.6040604060406041,-0.4990014480031254,-0.28457965373960403,-0.9737647155365172,2.0
0.605060506050605,-0.6430225529342194,-0.2871576941359549,-1.0783210953437123,2.0
0.6060606060606061,-0.6297167311405325,-0.28973185780248273,-1.1173202447969195,2.0
0.607060706070607,-0.6853732943412032,-0.29230212078080137,-1.045907758673411,2.0
0.6080608060806081,-0.6152670879087762,-0.2948684591607626,-1.021425082650774,2.0
0.609060906090609,-0.2864806940207405,-0.2974308490806712,-0.9458754509554611,2.0
0.6100610061006101,-0.5434725149244922,-0.2999892667275042,-1.0296539565429892,2.0
0.611061106110611,-0.37715983687270366,-0.30254368833712575,-1.1940400151903632,2.0
0.6120612061206121,-0.5014775885798547,-0.305094090194505,-1.1955848263291908,2.0
0.613061306130613,-0.4547099153471367,-0.3076404486339288,-1.3670096775283476,2.0
0.6140614061406141,-0.5626723893107306,-0.31018274003921925,-1.4195921213003904,2.0
0.6150615061506151,-0.5295346714324309,-0.3127209408439455,-1.503066039757427,2.0
0.6160616061606161,-0.5534458672532486,-0.31525502753164,-1.7110100952003595,2.0
0.6170617061706171,-0.34830010045002047,-0.31778497663600846,-1.6536985538111932,2.0
0.618061806180618,-0.5185846018387797,-0.3203107647411448,-1.6133919087531698,2.0
0.6190619061906191,-0.2552956438432723,-0.32283236848174274,-1.794184433719158,2.0
0.62006200620062,-0.4502732387723574,-0.3253497645433052,-1.819898142054736,2.0
0.6210621062106211,-0.49159703709504415,-0.32786292966235764,-1.9865740157889045,2.0
0.622062206220622,-0.23630844554903868,-0.33037184062665564,-2.1363124962731033,2.0
0.6230623062306231,-0.556097371806651,-0.33287647427539724,-2.1462150843891457,2.0
0.624062406240624,-0.4680972630673764,-0.3353768074994289,-2.017583968162554,2.0
0.6250625062506251,-0.468654456145445,-0.3378728172414563,-2.1656584189666934,2.0
0.626062606260626,-0.4143585178137426,-0.3403644804962501,-2.162775605947622,2.0
0.6270627062706271,-0.51403648939693,-0.34285177431085556,-2.297247872580527,2.0
0.628062806280628,-0.3127152954954533,-0.3453346757847959,-2.3133057153131285,2.0
0.6290629062906291,-0.3059784870459029,-0.3478131620702811,-2.218540764864444,2.0
0.6300630063006301,-0.37831973322928375,-0.3502872103724114,-2.2002773928615897,2.0
0.6310631063106311,-0.40261886288767645,-0.35275679794938347,-2.176460930298005,2.0
0.6320632063206321,-0.25816325905448634,-0.35522190211269267,-2.0674279303924457,2.0
0.633063306330633,-0.32705321719116737,-0.3576825002273389,-2.1050526193098404,2.0
0.6340634063406341,-0.45703368942616096,-0.36013856971202757,-2.158032437833272,2.0
0.635063506350635,-0.3743465025899745,-0.3625900880393723,-2.2895249518047494,2.0
0.6360636063606361,-0.42342365702441365,-0.36503703273609805,-2.385695134346372,2.0
0.637063706370637,-0.46527456387192534,-0.3674793813832395,-2.3959500383263,2.0
0.6380638063806381,-0.3695427305979439,-0.36991711161634466,-2.394750432684478,2.0
0.639063906390639,-0.22611284086420455,-0.37235020112567146,-2.3485436139098907,2.0
0.6400640064006401,-0.2884033278492907,-0.3747786276563894,-2.3446430661657054,2.0
0.641064106410641,-0.1405473193542919,-0.37720236900877735,-2.25751049269116,2.0
0.6420642064206421,-0.248765227582858,-0.37962140303842096,-2.3749831339041143,2.0
0.643064306430643,-0.16381653176394195,-0.38203570765641076,-2.3578237837833096,2.0
0.6440644064406441,-0.13371518703147078,-0.3844452608295388,-2.4304454819875474,2.0
0.6450645064506451,0.009468958358706897,-0.3868500405804928,-2.415217059531386,2.0
0.6460646064606461,-0.25393941468953385,-0.38925002498805605,-2.3204114964817637,2.0
0.6470647064706471,-0.2406526630785848,-0.39164519218729654,-2.3265639255912265,2.0
0.648064806480648,-0.18564046454350608,-0.3940355203697653,-2.168760763265036,2.0
0.6490649064906491,-0.0644318714714704,-0.39642098778368945,-2.103689736816467,2.0
0.65006500650065,-0.22753529671569273,-0.3988015727341621,-2.062405839624708,2.0
0.6510651065106511,-0.3145420492969584,-0.40117725358333817,-2.116893578918981,2.0
0.652065206520652,-0.25421274836601704,-0.4035480087506242,-2.148823195894707,2.0
0.6530653065306531,0.0038153078672993335,-0.40591381671286936,-2.2045433354307202,2.0
0.654065406540654,0.016495837020149992,-0.40827465600455637,-2.2045496864531606,2.0
0.6550655065506551,0.005438461611239981,-0.41063050521799105,-2.114811689065696,2.0
0.656065606560656,-0.16479900438549452,-0.4129813430034896,-2.016606034531403,2.0
0.6570657065706571,-0.062302993118596176,-0.4153271480695709,-1.9222999011614885,2.0
0.658065806580658,-0.1753718144075758,-0.4176678991831396,-1.8956824374597052,2.0
0.6590659065906591,-0.07115481648914948,-0.42000357516967646,-1.871096988540353,2.0
0.6600660066006601,0.21726784692296297,-0.4223341549134235,-1.8186394493947882,2.0
0.6610661066106611,-0.1856476328043516,-0.4246596173575698,-1.8067659340688724,2.0
0.6620662066206621,-0.059482051162361466,-0.42697994150443686,-1.9235912973349671,2.0
0.663066306630663,-0.1452931988837429,-0.42929510641566254,-2.0588388719586237,2.0
0.6640664066406641,0.03515393660404223,-0.43160509121238555,-1.9836126898383861,2.0
0.665066506650665,-0.004113389998796967,-0.4339098750754278,-1.7189391769698372,2.0
0.6660666066606661,-0.06770278805078277,-0.43620943724547784,-1.7042933067734887,2.0
0.667066706670667,-0.053615274964850086,-0.4385037570232703,-1.8345217343061018,2.0
0.6680668066806681,-0.08749883411233801,-0.44079281376977136,-1.9047358031329378,2.0
0.669066906690669,-0.10839173762542234,-0.44307658690635393,-1.9878686988667533,2.0
0.6700670067006701,0.08519693863382939,-0.4453550559149814,-2.013396302343527,2.0
0.671067106710671,0.19049966052963774,-0.44762820033838513,-2.012851569497859,2.0
0.6720672067206721,-0.004967733548470951,-0.44989599978024275,-1.9787680545178319,2.0
0.673067306730673,-0.011883687425666839,-0.4521584339053563,-1.6089636215830396,2.0
0.6740674067406741,-0.10148625407399592,-0.4544154824398298,-1.69608822347785,2.0
0.6750675067506751,0.05322273497590261,-0.45666712517124364,-1.7557373703434629,2.0
0.6760676067606761,0.1734826747252241,-0.4589133419488336,-1.625331323720295,2.0
0.6770677067706771,0.18088997292075398,-0.46115411268366213,-1.576908638180515,2.0
0.678067806780678,0.20001539208430136,-0.46338941734879546,-1.62285723347302,2.0
0.6790679067906791,0.031457728241409744,-0.465619235979477,-1.5690422776531576,2.0
0.68006800680068,0.3505448213977796,-0.4678435486732981,-1.542882280290775,2.0
0.6810681068106811,-0.05286126811699163,-0.4700623355903729,-1.4769128216173524,2.0
0.682068206820682,0.10458000864703686,-0.4722755769535088,-1.3665684197905938,2.0
0.6830683068306831,0.15043738574443016,-0.4744832530483773,-1.3361688468953836,2.0
0.684068406840684,0.3832043847672316,-0.4766853442236845,-1.3764239225228037,2.0
0.6850685068506851,0.22993236291847716,-0.4788818308913408,-1.395328555785987,2.0
0.686068606860686,0.1346979736622585,-0.4810726935266283,-1.34693858925043,2.0
0.6870687068706871,0.08350649880202515,-0.48325791266837215,-1.4440933698841298,2.0
0.688068806880688,0.18008470700743576,-0.4854374689191035,-1.5007227630737736,2.0
0.6890689068906891,0.08600901807728745,-0.48761134294523134,-1.3243731140891315,2.0
0.6900690069006901,0.2073747610501926,-0.4897795154772034,-1.5280561884890318,2.0
0.6910691069106911,0.17449482467233357,-0.4919419673096752,-1.5948543038326264,2.0
0.6920692069206921,0.13096654292488547,-0.49409867930167356,-1.7137047778771042,2.0
0.693069306930693,-0.014972688302883314,-0.49624963237676,-1.767710578650025,2.0
0.6940694069406941,0.17279391842565917,-0.4983948075231945,-1.719795124970255,2.0
0.695069506950695,0.3224223583163829,-0.500534185794098,-1.687851735515033,2.0
0.6960696069606961,0.3910358239508167,-0.5026677483076141,-1.5375474412807772,2.0
0.697069706970697,0.29879392149600387,-0.50479547624707,-1.4831588279122014,2.0
0.6980698069806981,0.3504523798768165,-0.506917350861138,-1.5218572062703974,2.0
0.699069906990699,0.2811369607625429,-0.5090333534639923,-1.6132819679965902,2.0
0.7000700070007001,0.40599662757342214,-0.5111434654354723,-1.7294744397784823,2.0
0.701070107010701,0.2516260847213684,-0.5132476682212367,-1.8423192299088382,2.0
0.7020702070207021,0.4002781861756904,-0.5153459433329237,-1.6750134708285946,2.0
0.7030703070307031,0.39629768578453195,-0.517438272348307,-1.6188855075275148,2.0
0.7040704070407041,0.4260173462303498,-0.5195246369114512,-1.7218811196023271,2.0
0.7050705070507051,0.3542739479888504,-0.5216050187328687,-1.8007947390529964,2.0
0.7060706070607061,0.4872842736921841,-0.5236793995896731,-1.6452218041183864,2.0
0.7070707070707071,0.4574723781834667,-0.5257477613257331,-1.6721072461842437,2.0
0.708070807080708,0.43472581120990095,-0.5278100858518272,-1.7142815008749903,2.0
0.7090709070907091,0.3005751002128574,-0.5298663551457947,-1.4597870775832302,2.0
0.71007100710071,0.4017855449171614,-0.5319165512526872,-1.1501165610204198,2.0
0.7110711071107111,0.14283633091618353,-0.5339606562849221,-1.0962960804797317,2.0
0.712071207120712,0.5797255218582889,-0.5359986524224291,-1.1100722742192153,2.0
0.7130713071307131,0.4651379996437929,-0.5380305219128036,-1.2625507148231365,2.0
0.714071407140714,0.4030378946853433,-0.540056247071453,-1.232027989986676,2.0
0.7150715071507151,0.511782224433833,-0.5420758102817462,-1.182909975782314,2.0
0.716071607160716,0.3457582411159385,-0.54408919399516,-1.0443111143556603,2.0
0.7170717071707171,0.4140046218460973,-0.5460963807314266,-1.0443448070593215,2.0
0.7180718071807181,0.4925521057871454,-0.5480973530786782,-0.9379096689832827,2.0
0.7190719071907191,0.18091311328719784,-0.5500920936935951,-0.8908259475714333,2.0
0.7200720072007201,0.399107941884736,-0.5520805853015459,-0.8991063390123423,2.0
0.7210721072107211,0.5125041801057281,-0.554062810696735,-0.7793260045405751,2.0
0.7220722072207221,0.3701854964808974,-0.5560387527423437,-0.781596136260066,2.0
0.723072307230723,0.5002681649521952,-0.5580083943706727,-0.767253280862748,2.0
0.7240724072407241,0.5156678104835029,-0.5599717185832837,-0.5794693300884267,2.0
0.725072507250725,0.47188706642924444,-0.56192870845114,-0.5591663316306169,2.0
0.7260726072607261,0.4910224739874446,-0.563879347114747,-0.6052760143278385,2.0
0.727072707270727,0.549170120843722,-0.5658236177842908,-0.5553785145736595,2.0
0.7280728072807281,0.6506750738813795,-0.5677615037397774,-0.5271319035114953,2.0
0.729072907290729,0.6619925471562289,-0.569692988331169,-0.4213975462581946,2.0
0.7300730073007301,0.4192257220372283,-0.5716180549785237,-0.4911851060595585,2.0
0.731073107310731,0.39268224649200834,-0.5735366871721288,-0.49644220974483055,2.0
0.7320732073207321,0.5305803908369711,-0.5754488684726381,-0.4709388755516226,2.0
0.7330733073307331,0.5188781226532726,-0.5773545825112066,-0.5223665139221325,2.0
0.7340734073407341,0.5844583282819866,-0.5792538129896235,-0.5506723966806369,2.0
0.7350735073507351,0.6464092417492363,-0.5811465436804467,-0.46095647266275575,2.0
0.7360736073607361,0.6086532557060828,-0.5830327584271344,-0.30111887757401257,2.0
0.7370737073707371,0.8060883656856219,-0.5849124411441765,-0.12048149792382996,2.0
0.738073807380738,0.4729311630501175,-0.5867855758172277,-0.1259547908194172,2.0
0.7390739073907391,0.7407257660843156,-0.5886521465032352,-0.20958745081344288,2.0
0.74007400740074,0.6382880604125981,-0.5905121373305694,-0.2351559477213936,2.0
0.7410741074107411,0.7538337052987444,-0.5923655324991529,-0.19241306357480004,2.0
0.742074207420742,0.5698224997140908,-0.5942123162805869,-0.036528691159118325,2.0
0.7430743074307431,0.621214283421746,-0.5960524730182813,0.1478615773969294,2.0
0.744074407440744,0.6319306240625282,-0.5978859871275777,0.24310786265216877,2.0
0.7450745074507451,0.51130160532802,-0.5997128430958772,0.19594969081941477,2.0
0.746074607460746,0.49424708252102584,-0.6015330254827653,0.17786977355162328,2.0
0.7470747074707471,0.8220271428355275,-0.6033465189201351,0.20924007292417102,2.0
0.7480748074807481,0.6405228970307938,-0.6051533081123112,0.154528827133235,2.0
0.7490749074907491,0.6741841099403073,-0.6069533778361722,0.1464405353600875,2.0
0.7500750075007501,0.7766826604006712,-0.6087467129412722,0.15333329412692573,2.0
0.7510751075107511,0.8335168200771855,-0.6105332983499634,0.20781603485774192,2.0
0.7520752075207521,0.5557318604411252,-0.6123131190575136,0.06851889652446363,2.0
0.753075307530753,0.7446513428992061,-0.6140861601322284,0.020939002513333378,2.0
0.7540754075407541,0.7132571329244083,-0.6158524067155693,0.07757146166226236,2.0
0.755075507550755,0.7819330556982254,-0.6176118440222699,0.20834760393042281,2.0
0.7560756075607561,0.7645280946924219,-0.6193644573404555,0.3337569016175572,2.0
0.757075707570757,0.9169891871126459,-0.6211102320317583,0.3140905093350941,2.0
0.7580758075807581,0.8889040674751386,-0.6228491535314333,0.2690858154952088,2.0
0.759075907590759,0.826518241471287,-0.6245812073484731,0.23770778655684263,2.0
0.7600760076007601,0.6337420370090981,-0.6263063790657225,0.4035324461017988,2.0
0.761076107610761,0.8719881759348749,-0.6280246543399902,0.34366482273695215,2.0
0.7620762076207621,0.7166786241525114,-0.6297360189021646,0.33686489879172393,2.0
0.7630763076307631,0.8229574927450197,-0.6314404585573213,0.3030715955560761,2.0
0.7640764076407641,0.9477869700577516,-0.6331379591848381,0.20910876626413338,2.0
0.7650765076507651,0.7663649213095548,-0.6348285067385022,0.13241071234307883,2.0
0.7660766076607661,0.8952719776323899,-0.6365120872466218,0.2785741513220135,2.0
0.7670767076707671,0.7586235390054521,-0.6381886868121334,0.0406568083101643,2.0
0.768076807680768,0.9161262239581363,-0.6398582916127102,0.07277925028665976,2.0
0.7690769076907691,0.8811020769786532,-0.6415208879008687,-0.003990836703681777,2.0
0.77007700770077,0.7173450592841816,-0.6431764620040761,0.059776287566539424,2.0
0.7710771077107711,0.9298454492659198,-0.6448250003248547,-0.0930180313544864,2.0
0.772077207720772,0.8775806321993572,-0.6464664893408861,-0.019129752595211016,2.0
0.7730773077307731,0.7770825174828583,-0.6481009156051182,-0.08760387249648206,2.0
0.774077407740774,0.8857476725799734,-0.6497282657458641,-0.040307434993650554,2.0
0.7750775077507751,0.7807853949997885,-0.6513485264669074,-0.11619436788566247,2.0
0.7760776077607761,0.8862025404458692,-0.6529616845476034,-0.08186726985248372,2.0
0.7770777077707771,0.7802418243214132,-0.6545677268429786,-0.12201476657241457,2.0
0.7780778077807781,0.7244146580708131,-0.6561666402838321,-0.11273590114095611,2.0
0.7790779077907791,0.6818352154858859,-0.6577584118768339,0.026620253060330803,2.0
0.7800780078007801,0.8903614574602154,-0.6593430287046236,0.036385092666386676,2.0
0.7810781078107811,0.8825662247953315,-0.6609204779259086,0.04158683768135005,2.0
0.7820782078207821,0.8360270034764342,-0.6624907467755597,0.19907632410921836,2.0
0.7830783078307831,0.9474958180000762,-0.6640538225647082,0.05274138501940384,2.0
0.7840784078407841,0.9358309871779815,-0.6656096926808408,0.0004534223315614372,2.0
0.785078507850785,0.8901845867571785,-0.6671583445878937,0.012249912865433527,2.0
0.7860786078607861,0.9449833388383078,-0.6686997658263469,0.14986490366125804,2.0
0.787078707870787,1.0069360505081701,-0.6702339440133166,0.15856333747045445,2.0
0.7880788078807881,0.7595245804851599,-0.6717608668426474,0.19400220829118864,2.0
0.789078907890789,1.0649730752397488,-0.6732805220850033,0.050502452461677616,2.0
0.7900790079007901,0.934948070512915,-0.674792897587959,0.04395244596518614,2.0
0.7910791079107911,0.8941442626328486,-0.6762979812760878,0.11966417816264019,2.0
0.7920792079207921,0.8355627246345537,-0.6777957611510532,0.24761176196242884,2.0
0.7930793079307931,0.8819971817711588,-0.6792862252916938,0.23377370979697615,2.0
0.7940794079407941,1.0926016287944358,-0.6807693618541139,0.26844456729776733,2.0
0.7950795079507951,0.9726898286863738,-0.6822451590717664,0.19065692940418383,2.0
0.7960796079607961,0.8667366265079524,-0.6837136052555414,0.05610952453706391,2.0
0.7970797079707971,0.821302647270819,-0.6851746887938497,0.24675659356224103,2.0
0.7980798079807981,1.0552292268998087,-0.6866283981527072,0.2565516331544019,2.0
0.7990799079907991,1.0558134624962305,-0.688074721875818,0.3536574585483805,2.0
0.8000800080008,0.9091056233443346,-0.6895136485846568,0.30305214646076883,2.0
0.8010801080108011,0.9765134097912975,-0.6909451669785508,0.23619030494496818,2.0
0.802080208020802,0.9161878753508685,-0.6923692658347607,0.2656976105627335,2.0
0.8030803080308031,0.9417414834130309,-0.6937859340085599,0.30274915519133117,2.0
0.804080408040804,0.9644968117366117,-0.6951951604333145,0.2022311902669981,2.0
0.8050805080508051,0.8912977099721503,-0.6965969341205622,-0.1016623611654972,2.0
0.8060806080608061,0.8048493374257237,-0.6979912441600881,0.0062643247581569035,2.0
0.8070807080708071,0.9677012060786819,-0.6993780797200034,-0.0803667851418739,2.0
0.8080808080808081,0.8513161210470067,-0.7007574300468208,0.019276798617690327,2.0
0.8090809080908091,0.9819566067046049,-0.7021292844655292,-0.1357817670970663,2.0
0.8100810081008101,1.0195077196816846,-0.7034936323796689,-0.18368165241725276,2.0
0.8110811081108111,0.9255242113138731,-0.7048504632714045,-0.21176481621142074,2.0
0.8120812081208121,0.8329437557691544,-0.7061997667015977,-0.2314628169227586,2.0
0.8130813081308131,1.1264492749438542,-0.7075415323098805,-0.1009523686622317,2.0
0.8140814081408141,0.8488263775572469,-0.7088757498147242,-0.1493270260742059,2.0
0.815081508150815,0.9595579252947144,-0.7102024090135117,-0.13757665506245864,2.0
0.8160816081608161,1.0851164229143972,-0.7115214997826067,-0.03330923614074355,2.0
0.817081708170817,1.014916569712984,-0.7128330120774207,-0.18678709385103173,2.0
0.8180818081808181,1.014638489736935,-0.7141369359324833,-0.1847932219477677,2.0
0.819081908190819,1.018191750774525,-0.7154332614615083,-0.12774308715519286,2.0
0.8200820082008201,0.8952440626909246,-0.7167219788574593,-0.13456975037627136,2.0
0.8210821082108211,1.11743041504148,-0.7180030783926162,-0.1258798215698389,2.0
0.8220822082208221,0.8815868577531442,-0.7192765504186401,-0.09941263926985776,2.0
0.8230823082308231,0.8525039707283156,-0.7205423853666351,-0.10098758469891356,2.0
0.8240824082408241,1.042481492950764,-0.7218005737472145,-0.04996893254820121,2.0
0.8250825082508251,1.1447383403096762,-0.7230511061505602,-0.03274620583458615,2.0
0.8260826082608261,0.8407756551441824,-0.7242939732464859,-0.168566584061274,2.0
0.8270827082708271,1.1400322297403678,-0.7255291657844968,-0.1506889475167794,2.0
0.8280828082808281,0.9788918255598329,-0.72675667459385,-0.34134367686333933,2.0
0.8290829082908291,1.041255432959023,-0.7279764905836127,-0.37794511413759996,2.0
0.83008300830083,0.8856842071001416,-0.7291886047427214,-0.2801801192902844,2.0
0.8310831083108311,0.812627418804763,-0.7303930081400384,-0.38018638418230905,2.0
0.832083208320832,0.9558027185528082,-0.7315896919244085,-0.5706657131509159,2.0
0.8330833083308331,1.097628253946912,-0.7327786473247154,-0.5073860988881077,2.0
0.834083408340834,1.000299860650491,-0.7339598656499351,-0.3310580571017168,2.0
0.8350835083508351,1.0281088511195655,-0.735133338289192,-0.22229127356929157,2.0
0.8360836083608361,1.1031763441222315,-0.7362990567118106,-0.2820084397566604,2.0
0.8370837083708371,0.9345815901645289,-0.7374570124673683,-0.24910979760593865,2.0
0.8380838083808381,0.933315074765821,-0.7386071971857476,-0.2567969309334897,2.0
0.8390839083908391,0.9608718263562076,-0.7397496025771865,-0.4221466282687802,2.0
0.8400840084008401,0.9726809567815495,-0.7408842204323285,-0.3161494515861633,2.0
0.8410841084108411,1.0082304620267815,-0.7420110426222718,-0.15887996452435685,2.0
0.8420842084208421,0.7903870979916783,-0.7431300610986175,-0.28596219117487476,2.0
0.8430843084308431,0.9392407557564277,-0.7442412678935183,-0.2030655171220492,2.0
0.8440844084408441,0.9621561174660163,-0.7453446551197228,-0.026535496337738242,2.0
0.845084508450845,0.9011462338545462,-0.7464402149706246,0.039815457246810564,2.0
0.8460846084608461,0.9621998920911806,-0.747527939720305,-0.058906969095485075,2.0
0.847084708470847,0.9863167345812,-0.7486078217235772,-0.1639737531729222,2.0
0.8480848084808481,1.0125781378298855,-0.7496798534160326,-0.10727314876658199,2.0
0.849084908490849,0.9199830314398402,-0.7507440273140795,-0.0634662080029175,2.0
0.8500850085008501,1.0593398798722442,-0.7518003360149881,-0.05588251334992407,2.0
0.8510851085108511,0.9703044968991201,-0.7528487721969299,-0.1295553605485776,2.0
0.8520852085208521,1.026286144219121,-0.7538893286190184,0.041538538792404614,2.0
0.8530853085308531,0.8989682945540386,-0.7549219981213483,0.06093032629095986,2.0
0.8540854085408541,1.045744537293466,-0.7559467736250344,-0.09784812580628066,2.0
0.8550855085508551,0.9084197854172125,-0.7569636481322487,-0.3063889912531495,2.0
0.8560856085608561,1.0590359053977503,-0.7579726147262584,-0.3065536613277378,2.0
0.8570857085708571,1.0689145005777732,-0.7589736665714607,-0.5079199849882534,2.0
0.8580858085808581,1.0362955434838719,-0.7599667969134188,-0.5266207570905092,2.0
0.8590859085908591,1.0734501267704144,-0.760951999078897,-0.529759489079784,2.0
0.86008600860086,1.156656408893886,-0.7619292664758928,-0.7420104327223163,2.0
0.8610861086108611,0.9291276781321507,-0.7628985925936709,-0.8038590441374343,2.0
0.862086208620862,1.0192164179208176,-0.7638599710027949,-0.6769756497258315,2.0
0.8630863086308631,0.8419017345798322,-0.7648133953551587,-0.6164080950171128,2.0
0.8640864086408641,0.9664069458019762,-0.7657588593840164,-0.6860830329076081,2.0
0.8650865086508651,0.9978959597643785,-0.7666963569040125,-0.7278077707046179,2.0
0.8660866086608661,0.8857675944051324,-0.7676258818112095,-0.7363843581390852,2.0
0.8670867086708671,0.9932872367427763,-0.7685474280831176,-0.6487547062473233,2.0
0.8680868086808681,0.9565397359807141,-0.7694609897787201,-0.6995154708403176,2.0
0.8690869086908691,1.0136113529340234,-0.7703665610385008,-0.6951388892120811,2.0
0.8700870087008701,1.048857547762023,-0.7712641360844688,-0.6188401637395997,2.0
0.8710871087108711,1.0697938053390956,-0.7721537092201833,-0.5278211922460574,2.0
0.8720872087208721,0.7315206970606705,-0.7730352748307783,-0.5860712501782971,2.0
0.8730873087308731,0.9556370612714964,-0.773908827382984,-0.5978107180599185,2.0
0.8740874087408741,0.8945064190755762,-0.77477436142515,-0.7145568044985,2.0
0.875087508750875,0.8059931155037042,-0.7756318715872671,-0.7608277561244908,2.0
0.8760876087608761,1.050822663365303,-0.7764813525809867,-0.7889740482740294,2.0
0.877087708770877,0.8443438000815157,-0.7773227991996413,-0.7838682415676438,2.0
0.8780878087808781,0.7982296161444322,-0.7781562063182638,-0.8281799237617813,2.0
0.8790879087908791,0.8803186932706598,-0.778981568893604,-0.935696322902492,2.0
0.8800880088008801,0.8764976858325474,-0.7797988819641479,-0.995591238548675,2.0
0.8810881088108811,0.8037776030195726,-0.7806081406501331,-0.879748970862134,2.0
0.8820882088208821,0.9225288953638691,-0.7814093401535641,-0.8493834256752613,2.0
0.8830883088308831,0.9580196709029012,-0.7822024757582282,-0.9426163250048449,2.0
0.8840884088408841,1.015717167428254,-0.782987542829709,-0.981195303253101,2.0
0.8850885088508851,0.6567603691686598,-0.7837645368153986,-1.0515229036952858,2.0
0.8860886088608861,0.7461481200280102,-0.7845334532445127,-0.931367881818646,2.0
0.8870887088708871,0.9003387093597394,-0.7852942877280991,-0.940711013232636,2.0
0.8880888088808881,0.8646909179736707,-0.7860470359590499,-0.7895907362087229,2.0
0.8890889088908891,1.0210017571736445,-0.7867916937121122,-0.8332662646791399,2.0
0.89008900890089,0.7624133542905447,-0.7875282568438956,-0.8099663595462288,2.0
0.8910891089108911,0.6995639818061544,-0.7882567212928817,-0.7993476010522553,2.0
0.892089208920892,0.8911617191853298,-0.7889770830794313,-0.9655209574430359,2.0
0.8930893089308931,0.8241684290134669,-0.7896893383057906,-0.9972212151725368,2.0
0.8940894089408941,0.834323357433181,-0.7903934831560978,-0.8125204301111911,2.0
0.8950895089508951,0.7750152477522654,-0.7910895138963879,-1.1059963566165256,2.0
0.8960896089608961,0.9938386320921069,-0.7917774268745965,-1.0547098846257297,2.0
0.8970897089708971,0.714811462457228,-0.7924572185205643,-1.3156292480665115,2.0
0.8980898089808981,0.851447732455014,-0.7931288853460382,-1.0583878525391495,2.0
0.8990899089908991,0.7943105954737327,-0.7937924239446746,-1.1815886263034374,2.0
0.9000900090009001,0.6924055851062059,-0.7944478309920397,-1.1265406892004366,2.0
0.9010901090109011,0.8658176741720779,-0.7950951032456092,-1.0652734455536998,2.0
0.9020902090209021,0.8720684875045206,-0.7957342375447688,-1.0329622535226324,2.0
0.9030903090309031,0.7109073030790066,-0.7963652308108117,-0.8766992107611957,2.0
0.9040904090409041,0.6496182506110376,-0.7969880800469372,-0.8414364265705903,2.0
0.905090509050905,0.8635825620428692,-0.7976027823382472,-0.8995345613284127,2.0
0.9060906090609061,0.48375209165193345,-0.7982093348517421,-0.8266237058505643,2.0
0.907090709070907,0.6528725740172524,-0.7988077348363164,-0.7133458170382488,2.0
0.9080908090809081,0.8115175100410021,-0.7993979796227537,-0.755689006975917,2.0
0.9090909090909091,0.8183094990276051,-0.7999800666237193,-0.9565224898527206,2.0
0.9100910091009101,0.712825470495199,-0.8005539933337542,-0.9147668388067282,2.0
0.9110911091109111,0.7443986962753908,-0.8011197573292661,-0.7515109035821514,2.0
0.9120912091209121,0.8409575149038503,-0.8016773562685218,-0.7776725333362792,2.0
0.9130913091309131,0.9050759269598805,-0.8022267878916366,-0.7572957722815846,2.0
0.9140914091409141,0.7136321475111788,-0.8027680500205648,-0.9816874787393797,2.0
0.9150915091509151,0.9246298175323965,-0.8033011405590886,-0.9620708865169662,2.0
0.9160916091609161,0.8065416346249201,-0.8038260574928049,-0.7884159981722627,2.0
0.9170917091709171,0.7805324130249193,-0.8043427988891136,-0.7007142738325232,2.0
0.9180918091809182,0.8448902733371848,-0.8048513628972047,-0.7459607495729009,2.0
0.9190919091909191,0.7514580998858975,-0.8053517477480421,-0.670882415948165,2.0
0.92009200920092,0.6866211185200104,-0.8058439517543494,-0.6612890141965062,2.0
0.9210921092109211,0.6646880851475472,-0.8063279733105949,-0.656045899519674,2.0
0.922092209220922,0.8794719788631331,-0.8068038108929726,-0.8021353095939165,2.0
0.9230923092309231,0.5905248814560261,-0.8072714630593867,-0.7846844268723596,2.0
0.9240924092409241,0.4836812404446929,-0.8077309284494318,-0.7490652933015828,2.0
0.9250925092509251,0.7152313955106181,-0.8081822057843747,-0.5582288489382958,2.0
0.9260926092609261,0.6429436478100561,-0.8086252938671336,-0.44023265994576016,2.0
0.9270927092709271,0.597234575632927,-0.809060191582258,-0.5323219266112172,2.0
0.9280928092809281,0.6660215512766446,-0.8094868978959061,-0.7924085066488452,2.0
0.9290929092909291,0.690141418508913,-0.8099054118558242,-0.8340453509728083,2.0
0.9300930093009301,0.6592180447274559,-0.8103157325913215,-0.8394590731576763,2.0
0.9310931093109311,0.5745678518457349,-0.8107178593132471,-0.7826164863829153,2.0
0.9320932093209321,0.6286167188974748,-0.8111117913139654,-0.7361846141566668,2.0
0.9330933093309332,0.6102407687974526,-0.8114975279673299,-0.6083539293158903,2.0
0.9340934093409341,0.45674382010296,-0.8118750687286573,-0.6987133755442632,2.0
0.935093509350935,0.450519184610922,-0.8122444131347003,-0.6529088081540678,2.0
0.9360936093609361,0.5386225912868353,-0.8126055608036189,-0.49518262282421033,2.0
0.9370937093709371,0.4808799473293309,-0.8129585114349526,-0.5621936950632209,2.0
0.9380938093809381,0.6039376291968279,-0.8133032648095905,-0.6237804944168528,2.0
0.9390939093909391,0.4735889789873942,-0.8136398207897403,-0.694763454346804,2.0
0.9400940094009401,0.5925824601757462,-0.8139681793188983,-0.5194823259171927,2.0
0.9410941094109411,0.65518067521725,-0.8142883404218166,-0.5737380230277616,2.0
0.9420942094209421,0.5533472902892772,-0.8146003042044704,-0.6199923185218545,2.0
0.9430943094309431,0.3460240410393569,-0.8149040708540248,-0.6296448991212397,2.0
0.9440944094409441,0.5790254031648453,-0.8151996406388005,-0.6300134860003754,2.0
0.9450945094509451,0.48384155220967956,-0.815487013908238,-0.5577168044291017,2.0
0.9460946094609461,0.6027035627742376,-0.8157661910928626,-0.6749419804482154,2.0
0.9470947094709471,0.6843227371872688,-0.8160371727042474,-0.4976084962543433,2.0
0.9480948094809482,0.4081404761582844,-0.8162999593349755,-0.47239559918279134,2.0
0.9490949094909491,0.43052430065215336,-0.8165545516586016,-0.6105641176611615,2.0
0.95009500950095,0.5720166278449776,-0.816800950429614,-0.671934877242223,2.0
0.9510951095109511,0.5924662178438909,-0.8170391564833938,-0.6791381469919315,2.0
0.9520952095209521,0.5775977053166758,-0.8172691707361738,-0.5507113800691056,2.0
0.9530953095309531,0.49692026053250876,-0.8174909941849989,-0.48259343305225033,2.0
0.9540954095409541,0.4994299353850542,-0.8177046279076821,-0.6028903595245256,2.0
0.9550955095509551,0.39355505737213586,-0.8179100730627621,-0.49596108544654954,2.0
0.9560956095609561,0.24574910830496055,-0.8181073308894601,-0.4578751622827077,2.0
0.9570957095709571,0.35579549313278225,-0.8182964027076344,-0.3735992620425752,2.0
0.9580958095809581,0.49925923927235005,-0.8184772899177357,-0.48917585343822634,2.0
0.9590959095909591,0.3232504665574296,-0.8186499940007607,-0.3624795865032055,2.0
0.9600960096009601,0.19756143442451174,-0.8188145165182049,-0.35949668107568683,2.0
0.9610961096109611,0.3468487217648121,-0.8189708591120158,-0.47490140635164846,2.0
0.9620962096209621,0.38839324390520513,-0.8191190235045436,-0.565792297096822,2.0
0.9630963096309632,0.29249429913951625,-0.8192590114984923,-0.5408413502388478,2.0
0.9640964096409641,0.17100517768664977,-0.81939082497687,-0.4884662068000206,2.0
0.965096509650965,0.3062501089185274,-0.8195144659029373,-0.2977039312225244,2.0
0.9660966096609661,0.4459539312802633,-0.8196299363201567,-0.20461185272956053,2.0
0.9670967096709671,0.1794506697452937,-0.8197372383521397,-0.051991307856692884,2.0
0.9680968096809681,0.19187138277533944,-0.8198363742025938,-0.08805063618386873,2.0
0.9690969096909691,0.23188443787756952,-0.8199273461552689,0.02190122713795737,2.0
0.9700970097009701,0.40914559482498547,-0.8200101565739019,0.12130704213360329,2.0
0.9710971097109711,0.37725313942946054,-0.8200848079021624,0.20064329644183534,2.0
0.9720972097209721,0.22385075667481014,-0.8201513026635956,0.1885786174832641,2.0
0.9730973097309731,0.3239114067953181,-0.8202096434615656,0.4371117781337933,2.0
0.9740974097409741,0.16771244466280222,-0.8202598329791979,0.5834507552121574,2.0
0.9750975097509751,0.18078619604210663,-0.820301873979321,0.5897151713447735,2.0
0.9760976097609761,0.16932541499849663,-0.8203357693044063,0.3026481091323896,2.0
0.9770977097709771,0.2863315458353338,-0.820361521876509,0.164892542297683,2.0
0.9780978097809782,0.20848822356642954,-0.8203791346972072,0.034874775797322725,2.0
0.9790979097909791,0.2622276572830057,-0.8203886108475398,0.13772225192009793,2.0
0.98009800980098,0.174187329861016,-0.8203899534879445,0.14892901658175414,2.0
0.9810981098109811,0.3375078514098435,-0.8203831658581952,0.052610006476033915,2.0
0.9820982098209821,0.2344139741360114,-0.820368251277337,0.14639071564694076,2.0
0.9830983098309831,0.1600077219128841,-0.8203452131436232,0.233666730132361,2.0
0.9840984098409841,0.12894066895325068,-0.8203140549344482,0.3036943582636726,2.0
0.9850985098509851,0.08332393356306332,-0.820274780206283,0.24703864355471136,2.0
0.9860986098609861,0.24025632503595667,-0.8202273925946069,0.4335808049294433,2.0
0.9870987098709871,0.19039657910468968,-0.8201718958138409,0.5556224243391382,2.0
0.9880988098809881,0.03876358786838327,-0.8201082936572792,0.4494882899913404,2.0
0.9890989098909891,0.13673213995456002,-0.8200365899970193,0.35782027936512173,2.0
0.9900990099009901,0.11756592172608746,-0.8199567887838933,0.26502056081224085,2.0
0.9910991099109911,-0.022967863985500117,-0.8198688940473957,0.2604029155585756,2.0
0.9920992099209921,-0.09257156162428437,-0.8197729098956139,0.29497155476552883,2.0
0.9930993099309932,0.23949213868154012,-0.8196688405151543,0.13541290006506018,2.0
0.9940994099409941,0.08762574310500316,-0.8195566901710707,0.22140385369498383,2.0
0.995099509950995,0.045002003769019513,-0.81943646320679,0.25273692217810434,2.0
0.9960996099609961,0.03857113247369846,-0.8193081640440375,0.33337713623018966,2.0
0.9970997099709971,-0.007738606129414585,-0.8191717971827629,0.3532158150359088,2.0
0.9980998099809981,0.06497866710913935,-0.8190273672010631,0.33298135619492564,2.0
0.9990999099909991,0.12966289060315703,-0.818874878755107,0.20030993902885177,2.0
1.000100010001,-0.0977859764509873,-0.8187143365790566,0.09437868050228829,2.0
1.001100110011001,0.03049977012625634,-0.8185457454849897,-0.07121228932697375,2.0
1.0021002100210021,-0.09085524493363327,-0.8183691103628216,-0.10052217919147988,2.0
1.0031003100310032,-0.19175154707818787,-0.8181844361802243,-0.03958372239308133,2.0
1.004100410041004,-0.08802555846685728,-0.817991727982547,-0.0703978656520327,2.0
1.005100510051005,0.022721372954175652,-0.8177909908927349,0.03554041961116622,2.0
1.0061006100610062,-0.0006475420982326105,-0.817582230111247,0.14726356118487743,2.0
1.0071007100710072,0.03904531739959252,-0.8173654509159741,0.13251589173509193,2.0
1.008100810081008,-0.03887883899740287,-0.8171406586621555,0.17429477350789294,2.0
1.009100910091009,-0.11678107255880898,-0.816907858782294,0.2503358150355534,2.0
1.0101010101010102,-0.4355290012181889,-0.8166670567860729,0.5061465675182035,2.0
1.011101110111011,-0.11517122215121264,-0.8164182582602694,0.6206280193235046,2.0
1.012101210121012,0.0005572798822907343,-0.8161614688686678,0.5679011217653138,2.0
1.0131013101310131,0.03174719017621731,-0.8158966943519743,0.47260008923644503,2.0
1.0141014101410142,-0.10335836424536501,-0.815623940527728,0.44788933040743917,2.0
1.015101510151015,-0.10629733751393877,-0.8153432132902132,0.5978623569887963,2.0
1.016101610161016,0.008969254898738094,-0.8150545186103694,0.7391255138758759,2.0
1.0171017101710171,-0.20332375199110125,-0.8147578625357029,0.7031144669013164,2.0
1.0181018101810182,-0.03793833107951983,-0.8144532511901948,0.8017502584932781,2.0
1.019101910191019,-0.19672831829912218,-0.814140690774211,0.7852359438153127,2.0
1.02010201020102,-0.2013048393803125,-0.8138201875644088,0.8332153717993608,2.0
1.0211021102110212,-0.25081268911717136,-0.8134917479136455,1.0168597491195297,2.0
1.0221022102210222,-0.3201249031426652,-0.8131553782508846,1.1168510462877934,2.0
1.023102310231023,-0.21809641928608509,-0.812811085081101,1.3810191431242522,2.0
1.024102410241024,-0.1941684910739938,-0.8124588749851867,1.3081633559529495,2.0
1.0251025102510252,-0.10994056197902019,-0.8120987546198554,1.2259998871273377,2.0
1.026102610261026,-0.4101187988507527,-0.811730730717546,1.186858726682699,2.0
1.027102710271027,-0.3121134992797506,-0.8113548100863254,1.283931075676756,2.0
1.0281028102810281,-0.19295124867705638,-0.8109709996097906,1.0035476469194093,2.0
1.0291029102910292,-0.21731143993176896,-0.8105793062469712,1.076487804007021,2.0
1.03010301030103,-0.3681697116891614,-0.8101797370322296,1.1646797112254321,2.0
1.031103110311031,-0.5309316219140008,-0.8097722990751607,1.3289159470246195,2.0
1.0321032103210321,-0.2773593287400386,-0.8093569995604925,1.3732982863598895,2.0
1.0331033103310332,-0.38796031072386983,-0.8089338457479842,1.1625837365765304,2.0
1.034103410341034,-0.32355852862520734,-0.8085028449723238,1.18396760230428,2.0
1.035103510351035,-0.41594057341391927,-0.8080640046430266,1.1093860965363114,2.0
1.0361036103610362,-0.3153362775929664,-0.8076173322443309,1.192991204460485,2.0
1.0371037103710372,-0.23754543931354405,-0.8071628353350943,1.1037186285382723,2.0
1.038103810381038,-0.36951996439660195,-0.8067005215486885,1.1405354880384349,2.0
1.039103910391039,-0.4967556860095112,-0.8062303985928951,1.1058734721497607,2.0
1.0401040104010402,-0.32417514798097014,-0.8057524742497978,1.1844399757534556,2.0
1.041104110411041,-0.3166597304245781,-0.8052667563756768,1.1788045153533622,2.0
1.042104210421042,-0.21643345850291523,-0.8047732529009007,1.26202750666884,2.0
1.0431043104310431,-0.24382957342495243,-0.8042719718298187,1.3010081078001294,2.0
1.0441044104410442,-0.5843047882522807,-0.8037629212406509,1.2727519417250068,2.0
1.045104510451045,-0.3150995413906892,-0.8032461092853798,1.4437499531300229,2.0
1.046104610461046,-0.35462054991632763,-0.8027215441896388,1.3328219579107754,2.0
1.0471047104710471,-0.6048781860016803,-0.8021892342526025,1.3172635234278147,2.0
1.0481048104810482,-0.31983959599075595,-0.8016491878468739,1.3713951700708282,2.0
1.049104910491049,-0.5193958940422208,-0.8011014134183734,1.162439465070279,2.0
1.05010501050105,-0.5470814848792765,-0.8005459194862234,1.1995665738265486,2.0
1.0511051105110512,-0.42495350041969837,-0.7999827146426379,1.277411550186186,2.0
1.0521052105210522,-0.5776476408330303,-0.7994118075528054,1.1876039993641896,2.0
1.053105310531053,-0.47530634257897847,-0.7988332069547751,1.0946959194276846,2.0
1.054105410541054,-0.4584957320217361,-0.7982469216593405,0.8875418714975251,2.0
1.0551055105510552,-0.4952961100794773,-0.7976529605499237,0.8630488725711802,2.0
1.056105610561056,-0.5064377114224733,-0.7970513325824585,0.8433855955516008,2.0
1.057105710571057,-0.5475093068593857,-0.796442046785271,0.705736358009653,2.0
1.0581058105810581,-0.6175677476082152,-0.7958251122589634,0.7243925617540828,2.0
1.0591059105910592,-0.38873115608521946,-0.7952005381762932,0.7646938135541903,2.0
1.06010601060106,-0.6443613950719559,-0.7945683337820546,0.8479221203465876,2.0
1.061106110611061,-0.4696926430014199,-0.7939285083929568,0.8505079079106361,2.0
1.0621062106210621,-0.6016677580925385,-0.7932810713975045,0.9431877107596112,2.0
1.0631063106310632,-0.4661613292012956,-0.7926260322558747,0.9213010063862616,2.0
1.064106410641064,-0.647451938389322,-0.7919634004997954,0.9442709692807603,2.0
1.065106510651065,-0.5343120554195455,-0.7912931857324217,0.9227737758483671,2.0
1.0661066106610662,-0.8419502251033153,-0.7906153976282122,0.8788424852266709,2.0
1.0671067106710672,-0.5150941738994699,-0.7899300459328054,0.8386935854892053,2.0
1.068106810681068,-0.6083692350161364,-0.789237140462894,0.7047527971110289,2.0
1.0691069106910691,-0.6097027945220189,-0.7885366911060985,0.5208800448042471,2.0
1.0701070107010702,-0.5406793286245934,-0.7878287078208425,0.6340608085776339,2.0
1.071107110711071,-0.7151346478229829,-0.7871132006362245,0.7174871117150388,2.0
1.072107210721072,-0.42374354589701385,-0.7863901796518902,0.6191517272845488,2.0
1.0731073107310731,-0.5605586746446463,-0.7856596550379052,0.7612266800427039,2.0
1.0741074107410742,-0.5819404167670211,-0.7849216370346251,0.7815403546440964,2.0
1.075107510751075,-0.5669509105260984,-0.7841761359525664,0.780542381185495,2.0
1.076107610761076,-0.5740012649029862,-0.7834231621722757,0.7919997190980193,2.0
1.0771077107710771,-0.6338706545583587,-0.7826627261441994,0.8214175857031116,2.0
1.0781078107810782,-0.7115947423356463,-0.7818948383885524,0.8613340876268029,2.0
1.079107910791079,-0.7765706371175806,-0.7811195094951853,0.712998775155144,2.0
1.08010801080108,-0.6594891763554206,-0.7803367501234512,0.829575154527769,2.0
1.0811081108110812,-0.6802119977848848,-0.7795465710020739,0.9347147693776852,2.0
1.0821082108210822,-0.5919285842175074,-0.7787489829290124,0.872206081470012,2.0
1.083108310831083,-0.8012888204156555,-0.7779439967713269,0.6428041535118602,2.0
1.0841084108410841,-0.7727303329494654,-0.7771316234650428,0.5979197469825278,2.0
1.0851085108510852,-0.7589579870844216,-0.7763118740150154,0.5308340571573066,2.0
1.086108610861086,-0.7734973714670941,-0.7754847594947937,0.6846440446820586,2.0
1.087108710871087,-0.7428185635862818,-0.7746502910464815,0.6749404051243914,2.0
1.0881088108810881,-0.555392477828771,-0.7738084798806013,0.5468128686494695,2.0
1.0891089108910892,-0.8454553459382615,-0.7729593372759553,0.5094811544427718,2.0
1.09010901090109,-0.6941223209096414,-0.7721028745794862,0.48374795856139596,2.0
1.091109110911091,-0.8365622121101829,-0.7712391032061369,0.5792033667396803,2.0
1.0921092109210921,-0.664848808356798,-0.7703680346387117,0.5391036969446295,2.0
1.0931093109310932,-0.7921076332582406,-0.7694896804277338,0.7623057790273244,2.0
1.094109410941094,-0.7737639398840698,-0.768604052191305,0.6450781013701065,2.0
1.095109510951095,-0.7323664224318797,-0.7677111616149627,0.6108012806465097,2.0
1.0961096109610962,-0.9217404851774915,-0.766811020451537,0.5536847582183939,2.0
1.0971097109710972,-0.7532475850565237,-0.7659036405210086,0.6063648093664663,2.0
1.098109810981098,-0.7793032888677395,-0.7649890337103633,0.6472899553718485,2.0
1.0991099109910991,-0.883210093676573,-0.7640672119734481,0.4830725285513423,2.0
1.1001100110011002,-0.8287368177775232,-0.7631381873308264,0.47843020039880396,2.0
1.101110111011101,-0.7795057046721758,-0.7622019718696312,0.4473097647659997,2.0
1.102110211021102,-0.7295063768574148,-0.7612585777434192,0.4640375110653011,2.0
1.1031103110311031,-0.6991919431492515,-0.7603080171720245,0.5797362767027873,2.0
1.1041104110411042,-0.7525557246838543,-0.7593503024414096,0.6205351170244203,2.0
1.105110511051105,-0.8020303838857759,-0.7583854459035185,0.6454566355404684,2.0
1.106110611061106,-0.9488342849684446,-0.7574134599761271,0.7457721310629364,2.0
1.1071107110711071,-0.8942270132833674,-0.7564343571426937,0.8104724456364084,2.0
1.1081108110811082,-0.9534874380779956,-0.75544814995221,0.6755169365657977,2.0
1.109110911091109,-0.9799432497874685,-0.7544548510190499,0.6412733265472838,2.0
1.11011101110111,-0.9087929702913091,-0.7534544730228174,0.5932187898509703,2.0
1.1111111111111112,-1.0553378911572235,-0.7524470287081972,0.45729831549111677,2.0
1.1121112111211122,-0.9406032523579883,-0.7514325308848,0.416307961814715,2.0
1.113111311131113,-0.8202278511202853,-0.7504109924270113,0.33932911035792745,2.0
1.1141114111411141,-0.9826266116850951,-0.7493824262738362,0.44046538984125433,2.0
1.1151115111511152,-0.9308376987014259,-0.7483468454287473,0.56977823608679,2.0
1.116111611161116,-0.8523301894136552,-0.747304262959529,0.5365649024513963,2.0
1.117111711171117,-0.9780039873861843,-0.7462546919981218,0.5312317564367379,2.0
1.1181118111811181,-0.8175636102231468,-0.7451981457404673,0.4496037396222155,2.0
1.1191119111911192,-0.9717218141107024,-0.744134637446352,0.38198490638623067,2.0
1.12011201120112,-0.9402704014141929,-0.7430641804392499,0.22028126762260136,2.0
1.121112111211121,-1.1835119627031472,-0.7419867881061645,0.2536052842935999,2.0
1.1221122112211221,-0.8756776120739163,-0.7409024738974719,0.23240936527427547,2.0
1.1231123112311232,-0.9741320237976664,-0.7398112513267613,0.06853993594533046,2.0
1.124112411241124,-0.9013097925028325,-0.7387131339706765,0.2121458961496491,2.0
1.125112511251125,-0.9699658488463552,-0.7376081354687551,0.14464284279761,2.0
1.1261126112611262,-0.9293388602768133,-0.7364962695232692,-0.0771269189333101,2.0
1.1271127112711272,-0.9391658352442006,-0.735377549899064,-0.04742552488520065,2.0
1.128112811281128,-1.037309692902597,-0.734251990423397,0.006500725964722404,2.0
1.1291129112911291,-1.0613875807797184,-0.7331196049857742,-0.09005838031003276,2.0
1.1301130113011302,-0.9173963429493048,-0.7319804075377905,0.15092152169816572,2.0
1.131113111311131,-1.0908437733254674,-0.730834412092964,0.2792974993135067,2.0
1.132113211321132,-0.706523987112064,-0.7296816327265732,0.32426066272482984,2.0
1.1331133113311331,-0.8898761213272087,-0.728522083575494,0.2009380537465579,2.0
1.1341134113411342,-1.0329656081808547,-0.7273557788380327,-0.0011574284100419163,2.0
1.135113511351135,-0.878215606446594,-0.7261827327737634,0.0988722764216705,2.0
1.136113611361136,-0.9208324301926478,-0.7250029597033594,0.001838123575581363,2.0
1.1371137113711371,-0.9076541358127281,-0.7238164740084286,0.012757736128844739,2.0
1.1381138113811382,-1.0650603381796326,-0.7226232901313469,-0.21006821216865004,2.0
1.139113911391139,-1.1399406030646841,-0.7214234225750896,-0.08194045018240831,2.0
1.14011401140114,-1.0611445493954232,-0.7202168859030633,-0.2522213515818145,2.0
1.1411141114111412,-0.9915266676176651,-0.7190036947389394,-0.18624653547054906,2.0
1.1421142114211422,-0.9320216774416544,-0.717783863766483,-0.19852188945373908,2.0
1.143114311431143,-0.8679716380779265,-0.716557407729384,-0.4612768545147396,2.0
1.1441144114411441,-0.8799161535616815,-0.7153243414310875,-0.4825986132724478,2.0
1.1451145114511452,-1.0890898396339987,-0.7140846797346223,-0.24167017950950928,2.0
1.146114611461146,-0.920991573844391,-0.7128384375624313,-0.2614397612250063,2.0
1.147114711471147,-0.7940835812399053,-0.7115856298961973,-0.3171052824140529,2.0
1.1481148114811481,-1.0367117688954552,-0.710326271776674,-0.42534625753755384,2.0
1.1491149114911492,-1.0157517605890978,-0.7090603783035112,-0.2522823514416128,2.0
1.15011501150115,-1.0458299945822822,-0.7077879646350818,-0.27928924270108546,2.0
1.151115111511151,-1.0184640285428403,-0.7065090459883085,-0.30668158932292444,2.0
1.1521152115211521,-1.1636987735082651,-0.7052236376384902,-0.4120874808516655,2.0
1.1531153115311532,-0.9828744540217306,-0.7039317549191257,-0.44047007812583927,2.0
1.154115411541154,-0.9656685831955796,-0.702633413221741,-0.5799810932524571,2.0
1.155115511551155,-0.8593630500518332,-0.7013286279957096,-0.6603113975478192,2.0
1.1561156115611562,-0.9421480906278329,-0.7000174147480801,-0.6608436003672389,2.0
1.1571157115711572,-0.9483552139860238,-0.6986997890433986,-0.4805874599397732,2.0
1.158115811581158,-0.9196258860330733,-0.6973757665035295,-0.5643828372901011,2.0
1.1591159115911591,-0.9221279085040479,-0.6960453628074798,-0.7292030114223726,2.0
1.1601160116011602,-0.8030588545178817,-0.6947085936912197,-0.8034246403440464,2.0
1.161116111611161,-1.2104760788579314,-0.6933654749475057,-0.7646259878317764,2.0
1.162116211621162,-1.04908870011305,-0.6920160224256983,-0.8299630475874571,2.0
1.1631163116311631,-0.9598046881684211,-0.6906602520315852,-0.7308294040361143,2.0
1.1641164116411642,-1.0008653166525827,-0.6892981797272,-0.8134394154343504,2.0
1.165116511651165,-1.1220077504502546,-0.6879298215306411,-1.0295521196895685,2.0
1.166116611661166,-1.0213451054807563,-0.6865551935158908,-0.9632285764354993,2.0
1.1671167116711672,-1.2001942024470376,-0.6851743118126343,-0.8285766080944275,2.0
1.1681168116811682,-1.063027481654537,-0.6837871926060769,-0.6926979486973455,2.0
1.169116911691169,-0.9431237662044414,-0.682393852136762,-0.6428882574215387,2.0
1.17011701170117,-1.010345718743233,-0.6809943067003865,-0.5340537078139589,2.0
1.1711171117111712,-1.1063944095190708,-0.6795885726476195,-0.5074931318929089,2.0
1.1721172117211722,-0.9743825171748955,-0.6781766663839168,-0.5638143048040684,2.0
1.173117311731173,-0.8868459456363554,-0.6767586043693372,-0.6839135678789131,2.0
1.1741174117411741,-1.194055388199948,-0.6753344031183559,-0.7423830617924682,2.0
1.1751175117511752,-1.0540004304977015,-0.6739040791996818,-0.7500588404109616,2.0
1.176117611761176,-1.0395913180747391,-0.6724676492360694,-0.7814759283608,2.0
1.177117711771177,-0.8450017325781276,-0.6710251299041329,-0.8859547101977059,2.0
1.1781178117811781,-1.0366792038402508,-0.6695765379341606,-0.9589973662226804,2.0
1.1791179117911792,-1.1547962297964436,-0.668121890109926,-0.8875982395086144,2.0
1.18011801180118,-1.050690751285145,-0.6666612032685015,-0.9540640432062679,2.0
1.181118111811181,-0.9814402470945743,-0.6651944943000686,-0.9466977739562812,2.0
1.1821182118211822,-0.9407784652084163,-0.663721780147731,-0.8095888654046007,2.0
1.1831183118311832,-0.9265185495156649,-0.6622430778073247,-0.955449026724625,2.0
1.184118411841184,-0.8881473971056008,-0.6607584043272287,-0.9714607672931281,2.0
1.185118511851185,-0.8455223670169094,-0.6592677768081739,-0.8993925395030641,2.0
1.1861186118611862,-0.8789789630842019,-0.6577712124030551,-0.9786469205476236,2.0
1.1871187118711872,-1.0437992433083216,-0.6562687283167379,-1.1039421125940656,2.0
1.188118811881188,-1.1619586165218554,-0.6547603418058691,-1.242807135761159,2.0
1.1891189118911891,-1.073955728320225,-0.653246070178683,-1.3760584834833989,2.0
1.1901190119011902,-0.9229792964257933,-0.6517259307948109,-1.3553583179580313,2.0
1.191119111911191,-0.9063072063577338,-0.650199941065089,-1.4830525710513043,2.0
1.192119211921192,-0.9574684107808925,-0.6486681184513631,-1.4291863667829032,2.0
1.1931193119311931,-0.8846149254106095,-0.6471304804662967,-1.3206755992821373,2.0
1.1941194119411942,-1.0458537176746427,-0.6455870446731777,-1.2088682133644948,2.0
1.195119511951195,-0.7303714432046085,-0.6440378286857231,-1.2248648965490379,2.0
1.196119611961196,-0.9719418315729296,-0.6424828501678835,-1.365065332595373,2.0
1.1971197119711972,-1.180732113824294,-0.6409221268336502,-1.328636521650206,2.0
1.1981198119811982,-1.2080313559351248,-0.6393556764468576,-1.2205473387803618,2.0
1.199119911991199,-0.9232743921359798,-0.6377835168209892,-1.4211765781991212,2.0
1.2001200120012,-1.0855349762418591,-0.6362056658189786,-1.3685866171884842,2.0
1.2011201120112012,-1.006415626004427,-0.6346221413530146,-1.5380119918511703,2.0
1.2021202120212022,-1.0963417206570356,-0.6330329613843447,-1.6296740357487416,2.0
1.203120312031203,-0.7449233334739446,-0.6314381439230751,-1.7843722605745154,2.0
1.2041204120412041,-0.8989172666617119,-0.629837707027974,-1.764411126047482,2.0
1.2051205120512052,-0.9652039654620524,-0.628231668806274,-1.6267765837972399,2.0
1.206120612061206,-0.8301455242669866,-0.6266200474134719,-1.5349235616290562,2.0
1.207120712071207,-0.9020463746404297,-0.6250028610531295,-1.4776200450618353,2.0
1.2081208120812081,-1.131517097886328,-0.6233801279766754,-1.561805691260843,2.0
1.2091209120912092,-0.7847442170902117,-0.6217518664832035,-1.7375568684821374,2.0
1.21012101210121,-0.9069100536196191,-0.6201180949192738,-1.7579333659405014,2.0
1.211121112111211,-0.9056694924084504,-0.61847883167871,-1.7218445151041424,2.0
1.2121212121212122,-0.786579557253405,-0.6168340952023997,-1.7331345480623517,2.0
1.2131213121312132,-0.8628737900874428,-0.6151839039780932,-1.7789978851750754,2.0
1.214121412141214,-1.0178793979083551,-0.6135282765401999,-1.839490800268546,2.0
1.215121512151215,-0.892922890537685,-0.6118672314695868,-1.7774799303213762,2.0
1.2161216121612162,-0.9827722600887695,-0.6102007873933765,-1.9339283618303964,2.0
1.2171217121712172,-0.8995277731119804,-0.6085289629847428,-1.9826479128209584,2.0
1.218121812181218,-0.9303335509129028,-0.6068517769627091,-2.1529264682018687,2.0
1.2191219121912191,-1.048811547194603,-0.6051692480919414,-1.9843961997660848,2.0
1.2201220122012202,-0.8341961779811402,-0.6034813951825475,-2.0941151980359507,2.0
1.221122112211221,-0.8587869370071652,-0.6017882370898712,-2.1933080508362113,2.0
1.222122212221222,-0.7938977612073,-0.6000897927142859,-2.3800211430270153,2.0
1.2231223122312231,-0.90144369391599,-0.598386081000991,-2.3500849382836533,2.0
1.2241224122412242,-0.7030967272043708,-0.5966771209398068,-2.2972526041644525,2.0
1.225122512251225,-0.8065871788442837,-0.5949629315649664,-2.232368004111684,2.0
1.226122612261226,-0.7691816360707753,-0.5932435319549099,-2.0504733384238825,2.0
1.2271227122712272,-0.8313334623212449,-0.5915189412320795,-1.9399077690563293,2.0
1.2281228122812282,-0.7680216862114186,-0.5897891785627098,-2.133803190449941,2.0
1.229122912291229,-0.8497318784205158,-0.5880542631566228,-2.110282073150891,2.0
1.2301230123012301,-0.8458236998029924,-0.5863142142670175,-1.984729673634911,2.0
1.2311231123112312,-0.7919031078232569,-0.5845690511902637,-2.021991016620914,2.0
1.2321232123212322,-0.896302277396918,-0.5828187932656936,-1.9111489900314007,2.0
1.233123312331233,-0.7673961384479967,-0.5810634598753918,-1.9038652574817911,2.0
1.2341234123412341,-0.8473314773555607,-0.5793030704439858,-1.9591623515418957,2.0
1.2351235123512352,-0.7898132828584963,-0.5775376444384389,-1.9938481254053522,2.0
1.236123612361236,-0.8293997294191686,-0.5757672013678383,-2.0452737141899653,2.0
1.237123712371237,-0.8000745707333972,-0.5739917607831843,-1.930673434974716,2.0
1.2381238123812381,-0.7335210711165022,-0.5722113422771826,-1.8730019024694284,2.0
1.2391239123912392,-0.8543489055374713,-0.5704259654840307,-1.782515561729117,2.0
1.24012401240124,-0.7635742163109426,-0.5686356500792088,-1.6581030725977612,2.0
1.241124112411241,-0.8282075969928717,-0.5668404157792659,-1.7780796023106857,2.0
1.2421242124212422,-0.7507165523362186,-0.5650402823416104,-1.6316852599832314,2.0
1.2431243124312432,-0.6739485650495664,-0.5632352695642974,-1.7686998113284114,2.0
1.244124412441244,-0.5557832751921407,-0.5614253972858151,-1.833066175875259,2.0
1.2451245124512451,-0.8662849166721559,-0.5596106853848724,-1.8313355551619772,2.0
1.2461246124612462,-0.6906220996715936,-0.5577911537801875,-2.0080363917935604,2.0
1.2471247124712472,-0.7651330349428555,-0.5559668224302722,-1.9904166480984948,2.0
1.248124812481248,-0.7339340434055691,-0.5541377113332201,-1.934690963809715,2.0
1.2491249124912491,-0.8183596457964151,-0.5523038405264906,-1.782688649249111,2.0
1.2501250125012502,-0.6346905050793341,-0.5504652300866962,-1.7077240281125556,2.0
1.251125112511251,-0.6913489076675977,-0.5486219001293885,-1.7192214360475153,2.0
1.252125212521252,-0.613153384881447,-0.5467738708088403,-1.844139949458024,2.0
1.2531253125312531,-0.8688375648530224,-0.5449211623178333,-1.7596407068384048,2.0
1.2541254125412542,-0.7068927339449332,-0.5430637948874418,-1.7242285331510754,2.0
1.255125512551255,-0.6839617911405198,-0.5412017887868168,-1.6714185786431128,2.0
1.256125612561256,-0.5623397069064715,-0.5393351643229684,-1.6668738658753808,2.0
1.2571257125712572,-0.7978492434905207,-0.5374639418405522,-1.645669652448376,2.0
1.2581258125812582,-0.7542785755403706,-0.535588141721651,-1.6704818530437173,2.0
1.259125912591259,-0.4310767602790312,-0.5337077843855588,-1.6272617812644616,2.0
1.2601260126012601,-0.6803086339222132,-0.5318228902885602,-1.6316893648109052,2.0
1.2611261126112612,-0.6648803554938808,-0.5299334799237186,-1.6724517282695772,2.0
1.2621262126212622,-0.6300439760643566,-0.5280395738206543,-1.5409583877276842,2.0
1.263126312631263,-0.5330415708444308,-0.5261411925453274,-1.6227648079463162,2.0
1.2641264126412641,-0.38481990655739334,-0.5242383566998193,-1.65830292804764,2.0
1.2651265126512652,-0.5932927163572728,-0.5223310869221146,-1.5753495518486678,2.0
1.266126612661266,-0.6942840686896731,-0.5204194038858828,-1.523317507263309,2.0
1.267126712671267,-0.6691238687766318,-0.5185033283002571,-1.5335784424671683,2.0
1.2681268126812681,-0.5696842845992967,-0.5165828809096169,-1.4849374114330043,2.0
1.2691269126912692,-0.5932880232013287,-0.5146580824933676,-1.6951409078960102,2.0
1.27012701270127,-0.5211504587620336,-0.5127289538657208,-1.6216894986079042,2.0
1.271127112711271,-0.6291385528715427,-0.5107955158754728,-1.5326724218388084,2.0
1.2721272127212722,-0.7472163347562357,-0.5088577894057864,-1.639571621901,2.0
1.2731273127312732,-0.545530616604911,-0.5069157953739685,-1.7338709406980575,2.0
1.274127412741274,-0.4174558336329751,-0.5049695547312506,-1.5387494481524784,2.0
1.2751275127512751,-0.445859502307299,-0.5030190884625648,-1.4595766552763945,2.0
1.2761276127612762,-0.667096226621666,-0.5010644175863262,-1.6073750807238714,2.0
1.2771277127712772,-0.5049693569418662,-0.4991055631542087,-1.4964180304708734,2.0
1.278127812781278,-0.618907550748388,-0.4971425462509241,-1.5042892687201639,2.0
1.2791279127912791,-0.5167258811594093,-0.49517538799399874,-1.6746731204692882,2.0
1.2801280128012802,-0.48777557004652,-0.49320410953355187,-1.7264062578934252,2.0
1.281128112811281,-0.5768785139167111,-0.4912287320520747,-1.7839400496024755,2.0
1.282128212821282,-0.4588781156476961,-0.4892492767642036,-1.8562906960387981,2.0
1.2831283128312831,-0.45112605701761715,-0.4872657649165013,-1.7453947054554508,2.0
1.2841284128412842,-0.3674842778372651,-0.48527821778723124,-1.7068256019886718,2.0
1.285128512851285,-0.4449364060076133,-0.4832866566861337,-1.6702890105845918,2.0
1.286128612861286,-0.35865693075771765,-0.48129110295420263,-1.664807697745653,2.0
1.2871287128712872,-0.40653437438539586,-0.47929157796346267,-1.8365581323716555,2.0
1.2881288128812882,-0.5035956291834109,-0.47728810311674374,-1.7697188781240518,2.0
1.289128912891289,-0.13369427810369855,-0.4752806998474576,-1.8082337798170123,2.0
1.2901290129012901,-0.3639896741289006,-0.4732693896193711,-1.7141425936938948,2.0
1.2911291129112912,-0.4454072323748006,-0.4712541939263834,-1.7210141758440987,2.0
1.2921292129212922,-0.2564378394022743,-0.4692351342923009,-1.8048523806650612,2.0
1.293129312931293,-0.4136329536611446,-0.46721223227061187,-1.7296568726130719,2.0
1.2941294129412941,-0.510923155971092,-0.46518550944425857,-1.8364588313501127,2.0
1.2951295129512952,-0.4208136285117487,-0.4631549874254159,-1.868087147324844,2.0
1.296129612961296,-0.3534296292817633,-0.46112068785526167,-1.6454584805106756,2.0
1.297129712971297,-0.2388149750115688,-0.45908263240375186,-1.5841164937782573,2.0
1.2981298129812981,-0.5081542923504054,-0.45704084276939605,-1.4669127426514985,2.0
1.2991299129912992,-0.37614575601345224,-0.4549953406790285,-1.460966020453748,2.0
1.3001300130013,-0.2857154312147528,-0.45294614788758375,-1.4372077580387392,2.0
1.301130113011301,-0.19208021696604782,-0.4508932861778667,-1.4774789614472532,2.0
1.3021302130213022,-0.41831585731066834,-0.4488367773603282,-1.371124273237871,2.0
1.3031303130313032,-0.30916767130286005,-0.44677664327283784,-1.454397839989223,2.0
1.304130413041304,-0.36435917063770423,-0.4447129057804561,-1.5597812637797623,2.0
1.3051305130513051,-0.17229224820207906,-0.44264558677520477,-1.477018220600365,2.0
1.3061306130613062,-0.21886635069815047,-0.44057470817584343,-1.491038126725015,2.0
1.3071307130713072,-0.11801367117451594,-0.4385002919276369,-1.5649356557728842,2.0
1.308130813081308,-0.24277524392139502,-0.4364223600021316,-1.472437167236033,2.0
1.3091309130913091,-0.21844589857311253,-0.43434093439692306,-1.6109714529390537,2.0
1.3101310131013102,-0.20003659535621823,-0.4322560371354311,-1.6523994948540057,2.0
1.311131113111311,-0.22350614151062403,-0.43016769026667,-1.7533848354857768,2.0
1.312131213121312,-0.11123078579323548,-0.42807591586501814,-1.9200706439943738,2.0
1.3131313131313131,-0.18416903947146845,-0.4259807360299907,-2.023708517051813,2.0
1.3141314131413142,0.025251666388323324,-0.42388217288601143,-2.0436069503945484,2.0
1.315131513151315,-0.08035894937400197,-0.42178024858218255,-2.04557556714515,2.0
1.316131613161316,-0.08629405975918263,-0.4196749852920535,-2.0860693156232646,2.0
1.3171317131713172,-0.16665283256777771,-0.4175664052133952,-2.0008389773558406,2.0
1.3181318131813182,0.040891804269981596,-0.4154545305679665,-2.05466462397797,2.0
1.319131913191319,-0.31513369259718993,-0.41333938360128847,-2.015446275699457,2.0
1.3201320132013201,-0.2971008722536993,-0.4112209865824097,-2.0628168780189102,2.0
1.3211321132113212,-0.3572111810388474,-0.40909936180368084,-2.2166056792102737,2.0
1.3221322132213222,0.02218760979357705,-0.40697453158052194,-2.1573456364068706,2.0
1.323132313231323,-0.07734892396801978,-0.4048465182511916,-2.2705604092493012,2.0
1.3241324132413241,-0.11672201913602381,-0.4027153441765569,-2.211316506324795,2.0
1.3251325132513252,-0.19537216872485957,-0.4005810317398648,-2.1397626539262378,2.0
1.326132613261326,-0.03705520004946145,-0.3984436033465095,-2.2309633978643015,2.0
1.327132713271327,0.007598228931167884,-0.39630308142380005,-2.1004048779038462,2.0
1.3281328132813282,-0.102496513310681,-0.39415948842073356,-2.1717367315796365,2.0
1.3291329132913292,-0.05701942030735915,-0.39201284680775916,-2.2008549648534426,2.0
1.33013301330133,-0.12378092984943787,-0.38986317907655155,-2.150490948127263,2.0
1.331133113311331,-0.040365865612760066,-0.38771050773977495,-2.2805891494183865,2.0
1.3321332133213322,-0.119873123911417,-0.38555485533085576,-2.267466094146768,2.0
1.3331333133313332,-0.010984961064398079,-0.3833962444037489,-2.3062692592441496,2.0
1.334133413341334,-0.04567458249363109,-0.38123469753270556,-2.3512308281214334,2.0
1.3351335133513351,-0.08141089584851428,-0.37907023731204165,-2.3184768746727116,2.0
1.3361336133613362,-0.10339415877605332,-0.37690288635590796,-2.5106392666064057,2.0
1.3371337133713372,0.024079895079510652,-0.3747326672980558,-2.532815654961384,2.0
1.338133813381338,0.09779574199490455,-0.3725596027916062,-2.6759739167630303,2.0
1.3391339133913391,0.2425389286055025,-0.3703837155088159,-2.696431176020548,2.0
1.3401340134013402,0.025918255978829345,-0.36820502814084627,-2.587047409037133,2.0
1.341134113411341,0.061474266499712535,-0.36602356339753256,-2.540830589758003,2.0
1.342134213421342,0.10804066208158976,-0.3638393440071473,-2.5117762993682584,2.0
1.3431343134313432,0.32633516983120975,-0.3616523927161719,-2.3736567989352224,2.0
1.3441344134413442,0.0016031025316032982,-0.35946273228906206,-2.403966978445549,2.0
1.345134513451345,0.04266437998168153,-0.3572703855080139,-2.3882058224293705,2.0
1.346134613461346,-0.051502001804083514,-0.3550753751727322,-2.3153465115497482,2.0
1.3471347134713472,-0.08857007769313485,-0.3528777241001987,-2.402930682100941,2.0
1.3481348134813482,0.07999787569414542,-0.3506774551244375,-2.4585519798070856,2.0
1.349134913491349,0.3964873910328789,-0.34847459109628265,-2.5843023245708565,2.0
1.3501350135013501,0.05091309827642854,-0.3462691548831438,-2.8026505532023727,2.0
1.3511351135113512,0.30397390379765554,-0.3440611693687737,-2.774262551358694,2.0
1.3521352135213522,0.14902921297723085,-0.3418506574530361,-2.776971944408253,2.0
1.353135313531353,0.27659693038453914,-0.3396376420516718,-2.828608516837612,2.0
1.3541354135413541,0.40706799838857155,-0.33742214609606264,-2.7246417995788934,2.0
1.3551355135513552,0.28201246205557234,-0.33520419253300243,-2.7185029932221685,2.0
1.356135613561356,0.12933831839031387,-0.3329838043244595,-2.7003146024723437,2.0
1.357135713571357,0.2792346986786473,-0.3307610044473445,-2.650851818448593,2.0
1.3581358135813582,0.402240636197701,-0.32853581589327824,-2.6757294209274884,2.0
1.3591359135913592,0.23359528062201917,-0.32630826166835586,-2.74286474594132,2.0
1.36013601360136,0.3524255134369952,-0.3240783647929147,-2.7433099591507615,2.0
1.361136113611361,0.30972109593138786,-0.32184614830129804,-2.775889754107316,2.0
1.3621362136213622,0.4645351640625355,-0.319611635241623,-2.8711262684257512,2.0
1.3631363136313632,0.2740022644965251,-0.3173748486755477,-2.7388026308972777,2.0
1.364136413641364,0.28289301659991506,-0.31513581167803595,-2.71603510978923,2.0
1.3651365136513651,0.290045989821186,-0.31289454733712163,-2.7382170363111107,2.0
1.3661366136613662,0.30521479880931096,-0.3106510787536787,-2.616150292880155,2.0
1.3671367136713672,0.23552614484348747,-0.3084054290411825,-2.591766926471144,2.0
1.368136813681368,0.3074818748446588,-0.30615762132548047,-2.3680374931306774,2.0
1.3691369136913691,0.33487620924845024,-0.3039076787445531,-2.510516902027262,2.0
1.3701370137013702,0.4719567704557922,-0.3016556244482841,-2.5833750518910072,2.0
1.371137113711371,0.26747083627728213,-0.2994014815982251,-2.646371098357861,2.0
1.372137213721372,0.19461217021127047,-0.29714527336735685,-2.6062553711740244,2.0
1.3731373137313732,0.33080666270213077,-0.2948870229398628,-2.5265557612350937,2.0
1.3741374137413742,0.48410012969924315,-0.2926267535108898,-2.4239117404913184,2.0
1.375137513751375,0.3298664398781222,-0.2903644882863156,-2.3651586234657285,2.0
1.376137613761376,0.20936527614054087,-0.28810025048251275,-2.1941579098961164,2.0
1.3771377137713772,0.41104912367177066,-0.2858340633261157,-2.179540807351459,2.0
1.3781378137813782,0.4790321105677027,-0.2835659500537879,-2.3097840354344377,2.0
1.379137913791379,0.4497465347777445,-0.2812959339119857,-2.341047895107692,2.0
1.3801380138013801,0.2640933393176668,-0.2790240381567229,-2.3430032605720377,2.0
1.3811381138113812,0.38714855932529274,-0.2767502860533405,-2.346671656880783,2.0
1.3821382138213822,0.31589594346715366,-0.2744747008762674,-2.2411490569988723,2.0
1.383138313831383,0.46947511905974576,-0.27219730590879115,-2.2263111110914826,2.0
1.3841384138413841,0.4531116134697695,-0.26991812444281876,-2.3816699183517334,2.0
1.3851385138513852,0.608479529418643,-0.2676371797786467,-2.261448662670048,2.0
1.386138613861386,0.5381063976653937,-0.265354495224725,-2.0579736082152675,2.0
1.387138713871387,0.509527089807831,-0.2630700940974213,-2.211003865302888,2.0
1.3881388138813882,0.6401510427970293,-0.26078399972078853,-2.2137940252555466,2.0
1.3891389138913892,0.2581940523124856,-0.2584962354263314,-2.3731122648359952,2.0
1.39013901390139,0.4480894444160945,-0.256206824552771,-2.3805806096047784,2.0
1.3911391139113911,0.5284869867545238,-0.2539157904458093,-2.5376054792061793,2.0
1.3921392139213922,0.5853086167231747,-0.25162315645789884,-2.52999179917982,2.0
1.3931393139313932,0.6246508949510313,-0.24932894594800364,-2.436318189714228,2.0
1.394139413941394,0.6532281370729827,-0.24703318228137047,-2.3624924514262697,2.0
1.3951395139513951,0.6723665213283252,-0.24473588882928946,-2.2890793629492614,2.0
1.3961396139613962,0.6257363105119879,-0.2424370889688647,-2.2235730353360155,2.0
1.3971397139713972,0.6435866983034211,-0.24013680608277815,-2.133780008453777,2.0
1.398139813981398,0.7431319678671903,-0.2378350635590548,-2.1540913699675728,2.0
1.3991399139913991,0.738680406124936,-0.23553188479082943,-2.1793807623088566,2.0
1.4001400140014002,0.46837826336205074,-0.2332272931761146,-2.116265379343513,2.0
1.401140114011401,0.8202855535913892,-0.2309213121175653,-2.1847732354251996,2.0
1.402140214021402,0.6105602867144294,-0.22861396502224338,-2.3136908509115197,2.0
1.4031403140314032,0.6381774080137498,-0.226305275301388,-2.4668605454426213,2.0
1.4041404140414042,0.5078805402141205,-0.22399526637017736,-2.4966676614159256,2.0
1.405140514051405,0.6358665230179315,-0.2216839616474998,-2.4351115031721546,2.0
1.4061406140614061,0.6974595120613615,-0.21937138455571514,-2.494057609108348,2.0
1.4071407140714072,0.5502389206514504,-0.217057558520426,-2.612012405298545,2.0
1.4081408140814082,0.6023811290383432,-0.21474250697024205,-2.484325365319986,2.0
1.409140914091409,0.7132141352084023,-0.2124262533365456,-2.4549202466849818,2.0
1.4101410141014101,0.7153949278948173,-0.21010882105325954,-2.3061580506941417,2.0
1.4111411141114112,0.43115413062611596,-0.20779023355661527,-2.3697878249082724,2.0
1.4121412141214122,0.621445029182527,-0.2054705142849177,-2.476398943934832,2.0
1.413141314131413,0.638085208161034,-0.20314968667831354,-2.357371042921027,2.0
1.4141414141414141,0.6277230596733802,-0.2008277741785561,-2.4414294272413213,2.0
1.4151415141514152,0.7275216434810478,-0.19850480022877395,-2.2724148374163895,2.0
1.416141614161416,0.7614505098010116,-0.19618078827323956,-2.2350343378297772,2.0
1.417141714171417,0.6618580695258794,-0.19385576175713246,-2.2304323817336864,2.0
1.4181418141814182,0.7300460882451295,-0.1915297441263109,-2.0765926614964205,2.0
1.4191419141914192,0.7696572383366017,-0.1892027588270772,-2.063724124117909,2.0
1.42014201420142,0.7493904214652146,-0.18687482930594396,-2.0419693514723707,2.0
1.4211421142114211,0.728245911903988,-0.18454597900940306,-2.0516108303169527,2.0
1.4221422142214222,0.7850702331637778,-0.18221623138369444,-2.1501866833540624,2.0
1.4231423142314232,0.7047189444052803,-0.17988560987457208,-2.002684037781352,2.0
1.424142414241424,0.7741014677275977,-0.17755413792707306,-1.9420529328418077,2.0
1.4251425142514251,0.7555216750108604,-0.17522183898528357,-2.055366654232345,2.0
1.4261426142614262,0.753335117601661,-0.17288873649210826,-1.9418106316015002,2.0
1.4271427142714272,0.684086441428005,-0.17055485388903976,-1.8356853487544336,2.0
1.428142814281428,0.7161286947113913,-0.16822021461592565,-1.9101339238182,2.0
1.4291429142914291,0.7226996794349573,-0.1658848421107348,-2.0250855301351556,2.0
1.4301430143014302,0.903058352189891,-0.1635487598093304,-1.8458899037089886,2.0
1.431143114311431,0.6842475288973585,-0.16121199114523424,-1.7210326271823488,2.0
1.432143214321432,0.766474066197703,-0.15887455954939705,-1.5873876525061106,2.0
1.4331433143314332,0.8381924713781967,-0.15653648844996898,-1.5575845948742004,2.0
1.4341434143414342,0.805193040536151,-0.15419780127206623,-1.6450149530558478,2.0
1.435143514351435,0.7965268982941672,-0.15185852143754175,-1.3674806192727333,2.0
1.4361436143614361,0.9900798896482015,-0.1495186723647524,-1.3854794150966303,2.0
1.4371437143714372,0.9134264429291223,-0.14717827746832943,-1.3470269433845503,2.0
1.4381438143814382,0.8070764343744926,-0.1448373601589495,-1.2700148785010672,2.0
1.439143914391439,0.8193659273107047,-0.14249594384310274,-1.257738313646094,2.0
1.4401440144014401,0.9175245592181581,-0.1401540519228607,-1.2894788393370717,2.0
1.4411441144114412,0.8784773452932677,-0.13781170779565063,-1.3126129954353631,2.0
1.4421442144214422,1.0253925273625013,-0.1354689348540204,-1.197237094502977,2.0
1.443144314431443,0.7873271483318375,-0.1331257564854136,-1.1552814207198272,2.0
1.4441444144414441,0.8013988216981331,-0.13078219607193503,-1.1862714691931535,2.0
1.4451445144514452,0.6964888195759152,-0.1284382769901253,-1.2422884622723003,2.0
1.446144614461446,0.9132634887708361,-0.12609402261072966,-1.173848329478348,2.0
1.447144714471447,0.8597597813860999,-0.1237494562984673,-1.0231139173709345,2.0
1.4481448144814482,0.777866268342913,-0.1214046014118036,-0.9936035655430502,2.0
1.4491449144914492,0.9604932030363265,-0.11905948130272248,-0.9000836430474424,2.0
1.45014501450145,0.8644268443665679,-0.11671411931649629,-0.9429536893076735,2.0
1.4511451145114511,0.8134754861840685,-0.11436853879145499,-0.7393345994697036,2.0
1.4521452145214522,0.7635272212182689,-0.11202276305876256,-0.6740324528452026,2.0
1.4531453145314532,0.7233925962362074,-0.10967681544218318,-0.6630934535412792,2.0
1.454145414541454,0.8550341909520498,-0.10733071925785836,-0.7360974575420735,2.0
1.4551455145514551,0.8298574925731432,-0.10498449781407376,-0.560697384138592,2.0
1.4561456145614562,0.8875018320467565,-0.10263817441103588,-0.4634100519884644,2.0
1.4571457145714573,1.0535719036730176,-0.10029177234064242,-0.6036765419851345,2.0
1.458145814581458,0.7637184263714026,-0.09794531488625353,-0.6301020154453788,2.0
1.4591459145914591,0.9328086073016597,-0.09559882532246577,-0.5730795641548503,2.0
1.4601460146014602,0.8913957095760733,-0.09325232691488629,-0.7381185571610738,2.0
1.461146114611461,0.9820480200050887,-0.09090584291990457,-0.861692177954242,2.0
1.462146214621462,1.1335993620865208,-0.08855939658446367,-0.8444637817379915,2.0
1.4631463146314632,0.7592198680623339,-0.08621301114583826,-0.8165729583949383,2.0
1.4641464146414642,0.9726295255316652,-0.08386670983140293,-0.7919598960617636,2.0
1.465146514651465,0.9817721073154478,-0.08152051585841122,-0.7834066989144912,2.0
1.4661466146614661,0.8620838082695603,-0.07917445243376436,-0.7078854249642026,2.0
1.4671467146714672,0.8977340361016636,-0.07682854275379004,-0.7796931135736265,2.0
1.4681468146814682,0.9561165720190121,-0.07448281000401485,-1.0069513190069432,2.0
1.469146914691469,1.0782280646026834,-0.07213727735893742,-0.9353515749761732,2.0
1.4701470147014701,1.0918679028046065,-0.06979196798180455,-0.9701263550895463,2.0
1.4711471147114712,1.1856156607188577,-0.0674469050243875,-1.141023360103535,2.0
1.4721472147214723,1.060366366231849,-0.0651021116267552,-1.1563086211641629,2.0
1.473147314731473,0.9540535941067161,-0.06275761091705151,-1.0143272386414501,2.0
1.4741474147414741,0.9780915747113331,-0.06041342601126563,-0.9927825825987505,2.0
1.4751475147514752,0.8116083975311463,-0.05806958001301574,-0.9366836333848814,2.0
1.476147614761476,0.9750326442763124,-0.05572609601332038,-1.1408109189422964,2.0
1.477147714771477,1.0513350164320832,-0.05338299709037342,-1.2256192212705277,2.0
1.4781478147814782,0.9933926514546351,-0.05104030630932501,-1.2387598627677898,2.0
1.4791479147914792,0.8333311012715932,-0.04869804672205301,-1.2018693659437334,2.0
1.48014801480148,0.8944106197538149,-0.04635624136694516,-1.1207300433010692,2.0
1.4811481148114811,0.9487608567529232,-0.04401491326867084,-1.3111642915538497,2.0
1.4821482148214822,0.9369098182418761,-0.04167408543796306,-1.2544186459647726,2.0
1.4831483148314832,1.0385767787503943,-0.039333780871394004,-1.453834765189744,2.0
1.484148414841484,0.9832497480538015,-0.03699402255115148,-1.4410547230619692,2.0
1.4851485148514851,1.088457771281444,-0.034654833444818275,-1.4340697616167548,2.0
1.4861486148614862,0.9301602568207185,-0.03231623650515169,-1.6665568514412077,2.0
1.4871487148714873,1.028293747460203,-0.029978254669860052,-1.57297373083499,2.0
1.488148814881488,0.9491589696036061,-0.027640910861382748,-1.5894098604394142,2.0
1.4891489148914892,1.0319872460937567,-0.0253042279866672,-1.6702190400880939,2.0
1.4901490149014902,0.86748250270236,-0.02296822893694938,-1.7907862417739828,2.0
1.491149114911491,0.9811381179389329,-0.02063293658753522,-1.7457156597488321,2.0
1.492149214921492,0.954856674960304,-0.018298373797575703,-1.5055508158047548,2.0
1.4931493149314932,0.8675592400107968,-0.01596456340985141,-1.6776963925729291,2.0
1.4941494149414942,1.1149332003667272,-0.013631528250550706,-1.8505257295038793,2.0
1.495149514951495,0.9082320568858675,-0.011299291129048886,-1.8807095952205075,2.0
1.4961496149614961,0.8482515916785367,-0.008967874837690168,-1.7583789872004283,2.0
1.4971497149714972,0.9448787310093087,-0.006637302151569974,-1.7630471234971101,2.0
1.4981498149814982,1.1293629336322972,-0.004307595828314144,-1.783464977398974,2.0
1.499149914991499,1.1277438117954286,-0.0019787786078617384,-1.8086197794464507,2.0
1.5001500150015001,0.8566728717826252,0.0003491267877552197,-1.7693739099106036,2.0
1.5011501150115012,0.9347458237476837,0.002676097654628425,-1.8296827904668007,2.0
1.5021502150215023,1.0036696924888715,0.005002111307189714,-1.8664139770978576,2.0
1.503150315031503,1.0033595647849098,0.0073271450784298505,-1.7959196741218642,2.0
1.5041504150415042,0.9704486240535839,0.009651176320117697,-1.8625207475891299,2.0
1.5051505150515052,1.0318780764638742,0.011974182403012535,-1.8285400870210868,2.0
1.506150615061506,1.052333474238938,0.014296140717085322,-1.755466917305476,2.0
1.507150715071507,0.7781464345196357,0.016617028671733078,-1.4357867898591576,2.0
1.5081508150815082,0.845249899342048,0.01893682369599369,-1.3958892522275521,2.0
1.5091509150915092,1.0385653755327748,0.021255503238763677,-1.4740313151127071,2.0
1.51015101510151,0.9694568553463788,0.023573044769012404,-1.5031479437594033,2.0
1.5111511151115111,1.1569120395507675,0.025889425775999318,-1.6144813262442448,2.0
1.5121512151215122,0.9642054583829432,0.02820462376948757,-1.6540738120294816,2.0
1.5131513151315132,0.8676952819755872,0.030518616279957386,-1.6126919902767782,2.0
1.514151415141514,0.9271517301871844,0.032831380858821736,-1.570070185784668,2.0
1.5151515151515151,0.990798417933369,0.035142895078642426,-1.6357627894916769,2.0
1.5161516151615162,0.8658335276564469,0.037453136533339246,-1.6644659860235511,2.0
1.5171517151715173,0.9102180181903965,0.03976208283840874,-1.7599507265952672,2.0
1.518151815181518,0.9753251216875951,0.04206971163113216,-1.7230565118033756,2.0
1.5191519151915192,1.090503901059396,0.04437600057079358,-1.7645484119524448,2.0
1.5201520152015202,1.0019422615246727,0.04668092733888788,-1.6949502265972634,2.0
1.521152115211521,1.1273442518432246,0.04898446963933506,-1.6945445654838023,2.0
1.522152215221522,0.9216833290635866,0.051286605198693457,-1.670782397668826,2.0
1.5231523152315232,0.9411797426871235,0.053587311766370126,-1.681026609369643,2.0
1.5241524152415242,0.8888921563878692,0.055886567114830914,-1.7109657222053245,2.0
1.525152515251525,0.9647422493465757,0.05818434903981279,-1.7838197750165037,2.0
1.5261526152615261,1.0398761032828285,0.0604806353605365,-1.6934322656665994,2.0
1.5271527152715272,0.9069340587442827,0.06277540391991246,-1.6879936497665398,2.0
1.5281528152815282,0.9959342127434772,0.06506863258475606,-1.5847147940915798,2.0
1.529152915291529,1.1420799557913817,0.06736029924599217,-1.8199089572085374,2.0
1.5301530153015301,0.9594876764154544,0.06965038181886984,-1.9803623306490945,2.0
1.5311531153115312,0.9628789911449559,0.07193885824316693,-1.861026191606412,2.0
1.5321532153215323,0.8618528546767872,0.07422570648340067,-1.8055284071781774,2.0
1.533153315331533,0.9843577829043996,0.07651090452903767,-1.9828100716072912,2.0
1.5341534153415342,0.9672205870651084,0.07879443039470052,-1.7864012647133987,2.0
1.5351535153515352,0.7457369596584251,0.0810762621203745,-1.8019516694326136,2.0
1.536153615361536,1.0014769542929352,0.08335637777161625,-1.633701331587156,2.0
1.537153715371537,0.9501153693113843,0.08563475543976279,-1.687718627567996,2.0
1.5381538153815382,0.9548061118481602,0.08791137324213393,-1.6368065083740753,2.0
1.5391539153915392,1.0163916171682938,0.09018620932224382,-1.5905825867020216,2.0
1.54015401540154,1.0657163653373956,0.0924592418500018,-1.7128029356546983,2.0
1.5411541154115411,0.8664984168034275,0.09473044902192354,-1.622813481782317,2.0
1.5421542154215422,0.8383543767217587,0.09699980906133175,-1.436088037544837,2.0
1.5431543154315432,0.8360845051648974,0.09926730021856338,-1.3882330691264029,2.0
1.544154415441544,0.9107290676901179,0.10153290077117542,-1.3521841395128718,2.0
1.5451545154515451,0.8227025780751457,0.10379658902414816,-1.3826982552018412,2.0
1.5461546154615462,0.875960892097647,0.10605834331008787,-1.2033845252097883,2.0
1.5471547154715473,1.0744293822501803,0.10831814198943232,-1.1203685093787206,2.0
1.548154815481548,0.9621869621991318,0.11057596345065296,-1.1456160269991467,2.0
1.5491549154915492,0.9944032823734065,0.11283178611045959,-0.9762619456310605,2.0
1.5501550155015502,0.6698597923501707,0.11508558841400192,-0.9292115738693542,2.0
1.5511551155115513,0.882552315996666,0.11733734883507026,-0.7895173716461104,2.0
1.5521552155215521,0.8088130718430392,0.11958704587629877,-0.6929078024334272,2.0
1.5531553155315532,1.0044921529163564,0.12183465806936898,-0.6721290303859417,2.0
1.5541554155415542,0.904894190237158,0.12408016397520621,-0.5432773796467225,2.0
1.555155515551555,0.7948507851700872,0.12632354218418507,-0.3689850632591323,2.0
1.5561556155615561,0.7769820939574769,0.12856477131632757,-0.23984591156422974,2.0
1.5571557155715572,0.8009114029472686,0.13080383002150228,-0.1897072129879641,2.0
1.5581558155815582,0.9392794862859394,0.13304069697962553,-0.047588954669824136,2.0
1.559155915591559,0.8936569983640616,0.1352753509008596,-0.016404392355407204,2.0
1.5601560156015601,0.9222282099946658,0.13750777052581334,-0.08016511734689485,2.0
1.5611561156115612,0.7670731159206742,0.13973793462573952,-0.12014646281311961,2.0
1.5621562156215623,0.9193230182222324,0.14196582200273172,-0.15637161843914035,2.0
1.563156315631563,0.8242339372372546,0.1441914114899231,-0.2519591336421953,2.0
1.5641564156415642,0.7999821932224235,0.14641468195168583,-0.18783850115980683,2.0
1.5651565156515652,0.7701663542353814,0.14863561228382363,-0.2500633212494708,2.0
1.5661566156615663,0.7743012807645527,0.1508541814137732,-0.2341591204834288,2.0
1.5671567156715671,0.8876557047792024,0.1530703683007955,-0.1688955747886153,2.0
1.5681568156815682,0.8682249336730506,0.1552841519361767,-0.1974861555925448,2.0
1.5691569156915692,0.9729671267922082,0.15749551134341866,-0.17175138543493218,2.0
1.57015701570157,0.7033159526241248,0.15970442557843637,-0.03662538173594807,2.0
1.5711571157115711,0.74990074385535,0.16191087372975344,0.05738221760511547,2.0
1.5721572157215722,0.7080730979289014,0.1641148349186952,0.09389534349717046,2.0
1.5731573157315732,0.5629113451096787,0.16631628829958106,0.0433722007541541,2.0
1.574157415741574,0.9585958538788768,0.16851521305991926,0.09015249068019006,2.0
1.5751575157515751,0.5274620654447649,0.1707115884206018,0.21793922339521818,2.0
1.5761576157615762,0.6283950635779855,0.17290539363609234,0.21320203743786104,2.0
1.5771577157715773,0.7026332597186412,0.17509660799462362,0.12389802456317563,2.0
1.578157815781578,0.6598735352652515,0.17728521081838414,0.054061223659090774,2.0
1.5791579157915792,0.5203931126412721,0.17947118146371432,0.05570471496501411,2.0
1.5801580158015802,0.620367008498773,0.18165449932129335,0.07199166856111741,2.0
1.5811581158115813,0.6375230455357668,0.18383514381633123,0.04493841343066801,2.0
1.5821582158215821,0.5770880072232629,0.1860130944087603,0.036442070050192794,2.0
1.5831583158315832,0.8571198551794252,0.1881883305934236,0.12314778764743824,2.0
1.5841584158415842,0.7298663780892487,0.19036083190026284,0.09884413656159216,2.0
1.585158515851585,0.7045144716910339,0.19253057789450848,0.02762248935694396,2.0
1.5861586158615861,0.6278869621781107,0.1946975481768693,0.029461939737764505,2.0
1.5871587158715872,0.6208795648661202,0.1968617223837192,0.0582673585687143,2.0
1.5881588158815882,0.7321091125334209,0.19902308018728354,0.1292392137655182,2.0
1.589158915891589,0.640141753700451,0.20118160129582727,0.1170581359049596,2.0
1.5901590159015901,0.49402071605616116,0.2033372654538436,0.14387210225141453,2.0
1.5911591159115912,0.6410811488489252,0.2054900524422359,-0.0015905651004221256,2.0
1.5921592159215923,0.6939829306685061,0.2076399420785085,0.17739406252275824,2.0
1.593159315931593,0.5905790828372488,0.20978691421694695,0.3725005530993889,2.0
1.5941594159415942,0.5675633037950122,0.21193094874880802,0.37872797165925154,2.0
1.5951595159515952,0.6126155408926464,0.21407202560249972,0.2696807808568505,2.0
1.5961596159615963,0.5434558945031595,0.21621012474376755,0.2697943058961633,2.0
1.5971597159715971,0.4593458713350572,0.2183452261758787,0.28021252442244365,2.0
1.5981598159815982,0.7295312583046156,0.2204773099398047,0.3526977065374358,2.0
1.5991599159915992,0.6457289951968035,0.22260635611440224,0.5486991121083488,2.0
1.6001600160016,0.45718814662166973,0.2247323448165971,0.417677815103089,2.0
1.6011601160116011,0.6733103733248852,0.22685525620156774,0.42620237171454756,2.0
1.6021602160216022,0.4349757162077671,0.22897507046292204,0.5884566791432899,2.0
1.6031603160316032,0.5043627967459149,0.2310917678328836,0.803586541903936,2.0
1.604160416041604,0.5613624876871197,0.2332053285824668,0.687761349603555,2.0
1.6051605160516051,0.43918417789458936,0.235315733021662,0.5514997616208639,2.0
1.6061606160616062,0.5990130880633422,0.23742296149961073,0.6215322688239782,2.0
1.6071607160716073,0.5277699357393683,0.23952699440478667,0.6993003257168748,2.0
1.608160816081608,0.5097457736023453,0.2416278121651751,0.6645439305372732,2.0
1.6091609160916092,0.3633410591533784,0.24372539524845027,0.7868934607692504,2.0
1.6101610161016102,0.5988217256661589,0.2458197241621519,0.8176341110648077,2.0
1.6111611161116113,0.5967174987603323,0.24791077945386367,0.866221850800671,2.0
1.6121612161216121,0.35127111216023854,0.24999854171138933,0.8950179909610662,2.0
1.6131613161316132,0.370968691989554,0.2520829915629305,0.9788332198754436,2.0
1.6141614161416142,0.25601642362673965,0.2541641096772615,1.0930388282650236,2.0
1.615161516151615,0.4526530092945708,0.2562418767639025,1.0562640878993503,2.0
1.6161616161616161,0.38916639792984803,0.25831627357329895,1.0168413497694926,2.0
1.6171617161716172,0.41649384603512857,0.26038728089699165,0.9589797423437659,2.0
1.6181618161816183,0.47965753955132173,0.26245487956779245,1.1745416764654732,2.0
1.619161916191619,0.4096795902526126,0.2645190504599588,1.3200408128618972,2.0
1.6201620162016201,0.4813312709207472,0.2665797744893658,1.3121303195273049,2.0
1.6211621162116212,0.432331173999326,0.2686370326136769,1.3106576783498227,2.0
1.6221622162216223,0.38402568214496713,0.27069080583251837,1.308035702482531,2.0
1.623162316231623,0.3901854848228801,0.27274107518764906,1.3272004597494567,2.0
1.6241624162416242,0.2589330718835414,0.27478782176313354,1.2998917018349014,2.0
1.6251625162516252,0.30810036606575025,0.2768310266855113,1.3048620430747606,2.0
1.6261626162616263,0.3245188306106655,0.2788706711239657,1.214057197978365,2.0
1.6271627162716271,0.23523822338057668,0.28090673629049445,1.1160336086258487,2.0
1.6281628162816282,0.2861496230827915,0.2829392034400808,1.06692100494619,2.0
1.6291629162916292,0.2759538321976989,0.2849680538708576,1.1888797856615292,2.0
1.63016301630163,0.33562543789187604,0.2869932689242799,1.1506295871491898,2.0
1.6311631163116311,0.46488183696759944,0.2890148299852905,1.2048556291474812,2.0
1.6321632163216322,0.33172256654345433,0.2910327184824857,1.1355053409725429,2.0
1.6331633163316333,0.3120213788402182,0.29304691588828397,1.1933942130562203,2.0
1.634163416341634,0.4123662485097857,0.29505740371909084,1.1943927224401159,2.0
1.6351635163516351,0.2098440770010603,0.2970641635354659,1.3024000717285023,2.0
1.6361636163616362,0.4039095085044604,0.29906717694228696,1.4878818210582403,2.0
1.6371637163716373,0.2323954863180284,0.30106642558891333,1.3943954590807741,2.0
1.638163816381638,0.2619767379020686,0.3030618911693513,1.4060146393194932,2.0
1.6391639163916392,0.06970121453406847,0.3050535554224189,1.3510466771643928,2.0
1.6401640164016402,0.4057275337026158,0.3070414001319056,1.2252512374380657,2.0
1.6411641164116413,0.24460669980499578,0.30902540712673865,1.3704125452550089,2.0
1.6421642164216421,0.3171412022705955,0.3110055582811412,1.2963618036063933,2.0
1.6431643164316432,0.23459158492008897,0.312981835514798,1.207581007650796,2.0
1.6441644164416442,0.13887689325240798,0.31495422079301244,1.0522424489564475,2.0
1.645164516451645,0.16618419685009345,0.31692269612686885,1.0448299860879635,2.0
1.6461646164616461,0.04935041182450142,0.31888724357339354,0.9498024278909505,2.0
1.6471647164716472,0.18112625701341156,0.32084784523571297,1.0286631150790142,2.0
1.6481648164816483,0.1498578477828713,0.32280448326321154,0.9565691460699522,2.0
1.649164916491649,0.3484579597412384,0.3247571398516916,1.1036007367327096,2.0
1.6501650165016502,0.04225999948566331,0.32670579724353216,1.0601379892957346,2.0
1.6511651165116512,0.0336070115269015,0.32865043772784286,1.1052267040501307,2.0
1.6521652165216523,0.1973717332107829,0.33059104364062547,0.9083215614202045,2.0
1.653165316531653,0.22521584123553268,0.33252759736492493,1.013265881335817,2.0
1.6541654165416542,0.001656488349844415,0.3344600813309904,1.0024795895108771,2.0
1.6551655165516552,0.22041012058116788,0.336388478016426,0.9686462528559677,2.0
1.6561656165616563,0.11808012064195184,0.33831276994634757,1.0862936828276222,2.0
1.6571657165716571,0.1153668537887574,0.34023293969353763,1.0325413619190085,2.0
1.6581658165816582,0.14644047230965407,0.34214896987859816,1.0148037858868721,2.0
1.6591659165916592,0.09086361551867145,0.34406084317010255,1.0665162915605546,2.0
1.66016601660166,0.1481777687477904,0.34596854228474894,1.1106452889673566,2.0
1.6611661166116611,0.027602995658075793,0.3478720499875145,1.1364668269986065,2.0
1.6621662166216622,0.06455608503046988,0.3497713490918025,1.0656615606245512,2.0
1.6631663166316633,-0.019868407282525175,0.35166642245959795,1.1405174409085495,2.0
1.664166416641664,-0.026026569568545113,0.35355725300161345,1.2285360731213881,2.0
1.6651665166516652,-0.027176855054278283,0.35544382367744354,1.2572917109328312,2.0
1.6661666166616662,0.06175895182654219,0.3573261174957103,1.2226989927877003,2.0
1.6671667166716673,-0.023259416353947907,0.35920411751421344,1.2006786365185695,2.0
1.668166816681668,0.08157138741443748,0.36107780684007984,1.1487222035886935,2.0
1.6691669166916692,-0.03171492699552568,0.36294716862991,1.0467592397191627,2.0
1.6701670167016702,0.055983145763083164,0.3648121860899242,1.079380439028008,2.0
1.6711671167116713,0.11700514352147197,0.3666728424761109,0.9112019520752626,2.0
1.6721672167216721,0.11920883845455367,0.368529121094371,0.7439983073532531,2.0
1.6731673167316732,-0.09496232156946313,0.3703810053006657,0.7515259657152344,2.0
1.6741674167416742,-0.1121943775993269,0.3722284785011598,0.7554314057642512,2.0
1.675167516751675,0.11617006089586995,0.37407152415236494,0.6181087024591316,2.0
1.6761676167616761,-0.21643912386878952,0.3759101257612863,0.6732869521222926,2.0
1.6771677167716772,-0.13926118285480843,0.37774426688556323,0.6233620506093804,2.0
1.6781678167816783,-0.19978240422295326,0.37957393113361276,0.52627243589853,2.0
1.679167916791679,-0.11061888895143474,0.3813991021647729,0.45210212064463634,2.0
1.6801680168016802,-0.05353664583098984,0.3832197636894434,0.5998744124665919,2.0
1.6811681168116812,-0.10489377359812391,0.38503589946922523,0.4208396766806457,2.0
1.6821682168216823,-0.2835865154442708,0.38684749331706336,0.42841311265653215,2.0
1.683168316831683,-0.09339711287219792,0.38865452909738435,0.43268536632895743,2.0
1.6841684168416842,-0.03842316768606682,0.3904569907262399,0.4099083089433158,2.0
1.6851685168516852,-0.10644116961233209,0.3922548621714399,0.6025527700661106,2.0
1.6861686168616863,-0.3273956546818603,0.3940481274526941,0.5822842882923521,2.0
1.6871687168716871,-0.08345389643011139,0.39583677064174855,0.6541623608655285,2.0
1.6881688168816882,-0.17881223101073543,0.3976207758625239,0.821985238010019,2.0
1.6891689168916892,-0.24688710579983417,0.39940012729125135,0.6842253921985635,2.0
1.69016901690169,-0.3551682956184846,0.4011748091566063,0.7230239763594402,2.0
1.6911691169116911,-0.14665543702551836,0.40294480573984764,0.6669635021769634,2.0
1.6921692169216922,-0.15092165413712194,0.40471010137494906,0.6374867405691236,2.0
1.6931693169316933,-0.1681294074166722,0.40647068044873413,0.49346852979556916,2.0
1.694169416941694,-0.28805720900528786,0.4082265274010119,0.6085861132998754,2.0
1.6951695169516952,-0.21164970413198572,0.40997762672470756,0.5893396977026637,2.0
1.6961696169616962,-0.22695555649545265,0.4117239629659951,0.6084841236618603,2.0
1.6971697169716973,-0.1120735649792455,0.41346552072443016,0.5198735283419592,2.0
1.698169816981698,-0.1324164517567373,0.41520228465307985,0.6016666569402477,2.0
1.6991699169916992,-0.2670215285159001,0.4169342394586558,0.7592877498684732,2.0
1.7001700170017002,-0.34615273567107907,0.41866136990164254,0.9024725657893928,2.0
1.7011701170117013,-0.4928539734541373,0.4203836607964265,0.8466023368424704,2.0
1.7021702170217021,-0.2633193472795976,0.4221010970114255,0.6004799571397111,2.0
1.7031703170317032,-0.22714823627317635,0.42381366346921895,0.6879426066860428,2.0
1.7041704170417042,-0.44831288422273996,0.4255213451466718,0.5841324149901624,2.0
1.705170517051705,-0.3522710897884147,0.42722412707506563,0.4459360674998256,2.0
1.7061706170617061,-0.4390097481495499,0.42892199434022305,0.6468000370239285,2.0
1.7071707170717072,-0.6465234651701275,0.43061493208263363,0.5325241138106771,2.0
1.7081708170817083,-0.2789199218498526,0.4323029254975794,0.7020161378509263,2.0
1.709170917091709,-0.24995553937717604,0.43398595983526045,0.8172356169090071,2.0
1.7101710171017102,-0.301892261194681,0.4356640204009189,0.6832721887393735,2.0
1.7111711171117112,-0.2661094345974314,0.4373370925549626,0.810852648199073,2.0
1.7121712171217123,-0.32725739570478973,0.43900516171308657,0.7626160547552092,2.0
1.7131713171317131,-0.5662991201970113,0.44066821334639705,0.5685983081734569,2.0
1.7141714171417142,-0.6142954875251044,0.442326232981534,0.7398493818226001,2.0
1.7151715171517152,-0.4010826082941263,0.4439792062007893,0.7319082398838835,2.0
1.7161716171617163,-0.5749497977499481,0.4456271186422315,0.7036884330762098,2.0
1.7171717171717171,-0.466865776695797,0.4472699559998212,0.6311116910217746,2.0
1.7181718171817182,-0.32461565062165343,0.44890770402353547,0.5107576336930023,2.0
1.7191719171917192,-0.42670803115710537,0.4505403485194819,0.8264157760041899,2.0
1.72017201720172,-0.5083169066591513,0.45216787535001945,0.8905075112758567,2.0
1.7211721172117211,-0.5124775243787768,0.4537902704338763,0.6860707869429586,2.0
1.7221722172217222,-0.6127347514230884,0.45540751974626625,0.6133719237541451,2.0
1.7231723172317233,-0.4022313047007182,0.457019609319004,0.8330282331516252,2.0
1.724172417241724,-0.5233744134288234,0.45862652524062175,0.7109391790953079,2.0
1.7251725172517252,-0.4801115629152026,0.46022825365648623,1.0068507431968527,2.0
1.7261726172617262,-0.4159466427730725,0.46182478076890937,0.938995980583766,2.0
1.7271727172717273,-0.6637385422230496,0.4634160928372664,0.8284501769303149,2.0
1.7281728172817281,-0.40039618542591293,0.4650021761781055,0.7903042738756283,2.0
1.7291729172917292,-0.5379444532734834,0.466583017165264,0.851146016855479,2.0
1.7301730173017302,-0.5913486612380958,0.46815860222997735,0.6858198592276791,2.0
1.7311731173117313,-0.3801176840345648,0.46972891786099225,0.4916999366014131,2.0
1.7321732173217321,-0.6939350628186671,0.4712939506046779,0.5543864421553656,2.0
1.7331733173317332,-0.6012186468709482,0.4728536870651359,0.4758661220276724,2.0
1.7341734173417342,-0.6528364276114241,0.4744081139043087,0.3278927546203412,2.0
1.735173517351735,-0.6541672566369681,0.47595721784208983,0.33628195390117543,2.0
1.7361736173617361,-0.6499642351839404,0.47750098565643334,0.5172701110844481,2.0
1.7371737173717372,-0.6930527313211723,0.47903940418345853,0.481692536874831,2.0
1.7381738173817383,-0.6698748822275233,0.4805724603175608,0.5173514841572614,2.0
1.739173917391739,-0.5668030404330525,0.482100141011515,0.5126997057603987,2.0
1.7401740174017402,-0.5965642668287692,0.48362243327658405,0.4191691896447853,2.0
1.7411741174117412,-0.5744767754953072,0.4851393241826219,0.29174892213673076,2.0
1.7421742174217423,-0.6423761739891521,0.4866508008581794,0.28594643544700454,2.0
1.7431743174317431,-0.7022244513352707,0.48815685049060903,0.24073749645051445,2.0
1.7441744174417442,-0.6279978484070105,0.48965746032616775,0.20325619113504145,2.0
1.7451745174517452,-0.653107096124893,0.4911526176701189,0.051802788284471185,2.0
1.7461746174617463,-0.7435264437896503,0.49264230988683533,0.08835600429128146,2.0
1.7471747174717471,-0.7121512830411305,0.4941265243999006,0.2022999754498554,2.0
1.7481748174817482,-0.6926514111933104,0.4956052486922112,0.026043126342279857,2.0
1.7491749174917492,-0.773046535335467,0.4970784703060753,0.09451987414453294,2.0
1.75017501750175,-0.6178341805493128,0.4985461768433123,0.05690340935132038,2.0
1.7511751175117511,-0.8518684924808859,0.5000083559653541,0.16260950959464818,2.0
1.7521752175217522,-0.8461213424463848,0.5014649953933402,0.08041585964058777,2.0
1.7531753175317533,-0.7317431193704433,0.5029160829082179,0.223695060634077,2.0
1.754175417541754,-0.6195479239140724,0.5043616063508396,0.20660974499710405,2.0
1.7551755175517552,-0.6840197127853891,0.5058015536220583,0.1515965574953757,2.0
1.7561756175617562,-0.5905229320773279,0.5072359126828232,0.22596591449290793,2.0
1.7571757175717573,-0.7099455375839344,0.5086646715542759,0.21450582743302862,2.0
1.7581758175817581,-0.9486602610950702,0.510087818317844,0.10980653201293569,2.0
1.7591759175917592,-0.8175766835661361,0.5115053411153371,0.1371931141398237,2.0
1.7601760176017602,-0.9721741111850069,0.5129172281490384,0.04871879756013673,2.0
1.7611761176117613,-0.7494958416693468,0.5143234676817974,0.2337815288279459,2.0
1.7621762176217621,-1.0157157812066042,0.5157240480371221,0.16207633299565802,2.0
1.7631763176317632,-0.8923088861889721,0.5171189575992722,0.258511622817124,2.0
1.7641764176417642,-0.755285975057141,0.5185081848133469,0.18502241456766325,2.0
1.765176517651765,-0.9220733467521812,0.5198917181853778,0.25565829775233634,2.0
1.7661766176617661,-0.6603101886654932,0.5212695462824173,0.2624855201847471,2.0
1.7671767176717672,-0.7529777834541475,0.5226416577326266,0.14173056401146342,2.0
1.7681768176817683,-0.6816839018409764,0.5240080412253657,0.17836055066124057,2.0
1.769176917691769,-0.8738817302393844,0.5253686855112794,0.08337629542365686,2.0
1.7701770177017702,-1.046439933858644,0.5267235794023855,-0.05546151664056274,2.0
1.7711771177117712,-1.0356421330576318,0.5280727117721611,0.09081919013798792,2.0
1.7721772177217723,-0.8410000426391646,0.5294160715556269,0.19495870054627096,2.0
1.7731773177317731,-0.8437599053549344,0.5307536477494332,0.1502752204370347,2.0
1.7741774177417742,-0.929199129193954,0.5320854294119454,0.18497597352050296,2.0
1.7751775177517752,-0.7754829130502872,0.5334114056633248,0.14562522141217632,2.0
1.7761776177617763,-0.8678774021383051,0.5347315656856152,0.161939823471535,2.0
1.7771777177717771,-0.8961202090821462,0.5360458987228223,0.14091026094648543,2.0
1.7781778177817782,-0.7156691540266586,0.537354394080998,0.24867278342447607,2.0
1.7791779177917793,-0.8992500728417404,0.5386570411283195,0.4220542860633916,2.0
1.78017801780178,-0.9141290476335047,0.5399538292951706,0.22412987245117605,2.0
1.7811781178117811,-0.9723990474352928,0.5412447480742222,0.15929983077525472,2.0
1.7821782178217822,-0.9822838373410334,0.5425297870205115,0.1487768967439935,2.0
1.7831783178317833,-1.005619785866346,0.5438089357515189,0.2816559929817404,2.0
1.784178417841784,-0.7419867067443198,0.5450821839472473,0.33023014854022736,2.0
1.7851785178517852,-0.8028916900215638,0.5463495213502997,0.33213007990612303,2.0
1.7861786178617862,-0.7942183891139506,0.5476109377659544,0.25264769701628387,2.0
1.7871787178717873,-0.9482748670617486,0.5488664230622428,0.2123995727667332,2.0
1.7881788178817881,-1.0561545229277356,0.5501159671700223,0.07638139912753864,2.0
1.7891789178917892,-0.686200977829571,0.5513595600830542,0.14977124891638083,2.0
1.7901790179017902,-0.9146025833297893,0.5525971918580741,0.05781867967130216,2.0
1.7911791179117913,-0.9644833133106484,0.5538288526148673,0.1220219578860251,2.0
1.7921792179217921,-1.0986816709606353,0.5550545325363418,0.3583661356824363,2.0
1.7931793179317932,-0.915888462740949,0.5562742218686001,0.46773375983194704,2.0
1.7941794179417943,-0.959235612427048,0.5574879109210088,0.5756329035429102,2.0
1.795179517951795,-0.8085826340339334,0.5586955900662711,0.6107028290552382,2.0
1.7961796179617961,-1.058986203387867,0.5598972497404975,0.6445629978535314,2.0
1.7971797179717972,-0.8722828983818083,0.5610928804432734,0.7491496418806021,2.0
1.7981798179817983,-1.009581981700402,0.5622824727377287,0.6501566053838659,2.0
1.799179917991799,-1.0663101393490924,0.5634660172506056,0.6205725900279072,2.0
1.8001800180018002,-0.8673128953548781,0.564643504672327,0.6610262259204052,2.0
1.8011801180118012,-0.9449233049224636,0.5658149257570618,0.5476803208261293,2.0
1.8021802180218023,-1.0868399206475114,0.5669802713227932,0.488793058746188,2.0
1.8031803180318031,-0.9026541795794953,0.5681395322513804,0.5333858503856946,2.0
1.8041804180418042,-0.9703049279018072,0.5692926994886283,0.5111306384897624,2.0
1.8051805180518052,-0.896491322269686,0.5704397640443477,0.6366035027622319,2.0
1.8061806180618063,-1.0359575391085505,0.57158071699242,0.7175840016605147,2.0
1.8071807180718071,-1.1296669276501528,0.5727155494708613,0.7713097996039686,2.0
1.8081808180818082,-1.0303760903291523,0.5738442526818834,0.62403468372823,2.0
1.8091809180918093,-0.9938960748506049,0.5749668178919548,0.6043625029917445,2.0
1.81018101810181,-1.2514848502277354,0.5760832364318619,0.6512623180565615,2.0
1.8111811181118112,-0.8482821056509796,0.5771934996967707,0.6640765498674202,2.0
1.8121812181218122,-0.8665933621728251,0.5782975991462836,0.6702623566521902,2.0
1.8131813181318133,-1.1346884226763818,0.5793955263045015,0.8810081780789905,2.0
1.814181418141814,-1.0059813571184693,0.5804872727600783,0.9321649651070407,2.0
1.8151815181518152,-0.9666413362267227,0.581572830166282,0.9024701208305093,2.0
1.8161816181618162,-1.198761659839903,0.582652190241049,0.9373060306649394,2.0
1.8171817181718173,-0.9862917870785751,0.5837253447670411,0.9310330513697945,2.0
1.8181818181818181,-0.9592679862596499,0.584792285591702,1.0148902821709762,2.0
1.8191819181918192,-0.9263205664562373,0.5858530046273113,1.0352004461905915,2.0
1.8201820182018202,-0.8859429555633536,0.586907493851038,0.9638776090222528,2.0
1.8211821182118213,-0.8424593074993111,0.5879557453049953,0.9564057410451481,2.0
1.8221822182218221,-1.0329056294216319,0.5889977510962926,0.8268947226569697,2.0
1.8231823182318232,-0.9526653295597738,0.5900335033970889,0.8862304697774255,2.0
1.8241824182418243,-1.1685392013389053,0.5910629944446436,0.8227076170254736,2.0
1.825182518251825,-0.8394337891108254,0.5920862165413663,0.7278979918347948,2.0
1.8261826182618262,-1.1525676722164895,0.5931031620548693,0.6416691168314381,2.0
1.8271827182718272,-0.8208071249250901,0.5941138234180152,0.5819614037776891,2.0
1.8281828182818283,-0.9322364991756354,0.5951181931289665,0.42239256362907746,2.0
1.829182918291829,-0.9983839268226606,0.5961162637512346,0.3690408457084333,2.0
1.8301830183018302,-0.872014870612784,0.5971080279137262,0.4423313476749254,2.0
1.8311831183118312,-0.936356295598673,0.5980934783107903,0.5341591381042442,2.0
1.8321832183218323,-0.9098789056487546,0.5990726077022652,0.627560226247759,2.0
1.8331833183318331,-1.0984386547024119,0.6000454089135231,0.6339083094420869,2.0
1.8341834183418342,-0.8841841579195606,0.6010118748355159,0.8555246001083816,2.0
1.8351835183518352,-1.1777609272411151,0.6019719984248192,0.8361266690407265,2.0
1.8361836183618363,-1.1411466939410173,0.6029257727036753,0.9332423278249199,2.0
1.8371837183718371,-1.018071037659022,0.6038731907600359,0.8575711012697753,2.0
1.8381838183818382,-0.9574844401974814,0.604814245747606,0.8319156271858756,2.0
1.8391839183918393,-1.0338000773221154,0.605748930885883,0.8895368745425328,2.0
1.84018401840184,-1.0694000811638078,0.6066772394602001,0.6838117975021056,2.0
1.8411841184118412,-1.006971595349342,0.6075991648217647,0.8038150931683211,2.0
1.8421842184218422,-1.0136188057476052,0.6085147003876984,0.966552119503422,2.0
1.8431843184318433,-1.0987578523588832,0.609423839641076,1.0920127659688288,2.0
1.844184418441844,-1.0436744862234926,0.6103265761309637,1.0953073241636344,2.0
1.8451845184518452,-1.0308833482659874,0.6112229034724568,1.0767958099698003,2.0
1.8461846184618462,-0.9592554911094993,0.6121128153467166,1.0483801729791284,2.0
1.8471847184718473,-1.0952708111202847,0.6129963055010058,1.1830911039037162,2.0
1.8481848184818481,-0.907392607536503,0.6138733677487247,1.00923641535227,2.0
1.8491849184918492,-0.937245895542767,0.6147439959694464,1.023683803589634,2.0
1.8501850185018502,-0.8711692949930203,0.6156081841089497,0.89699377835054,2.0
1.8511851185118513,-0.7961704338460477,0.6164659261792548,0.9251558091680739,2.0
1.8521852185218521,-0.9456826299659095,0.6173172162586532,1.1442287543205831,2.0
1.8531853185318532,-0.8087419616262896,0.6181620484917429,1.2273037989272948,2.0
1.8541854185418543,-1.1825496853937931,0.6190004170894575,1.261020890634195,2.0
1.855185518551855,-0.9019452887837885,0.6198323163290981,1.2761321199025317,2.0
1.8561856185618562,-0.8427146864517834,0.620657740554364,1.257241640770877,2.0
1.8571857185718572,-1.1559594032699132,0.6214766841753812,1.1269789743229837,2.0
1.8581858185818583,-0.9584237986522942,0.6222891416687314,1.2053930005979645,2.0
1.859185918591859,-1.0559221343162148,0.6230951075774804,1.2925522935895448,2.0
1.8601860186018602,-1.0453728075223632,0.6238945765112063,1.3586037732396055,2.0
1.8611861186118612,-0.9224941665113546,0.624687543146024,1.1982153304876912,2.0
1.8621862186218623,-0.8568897568125067,0.6254740022246147,1.2030943390861888,2.0
1.8631863186318631,-1.0704706087264406,0.626253948556248,1.267123684813158,2.0
1.8641864186418642,-0.9525642754554341,0.6270273770168097,1.2934616800710186,2.0
1.8651865186518652,-0.7760436658648753,0.6277942825488233,1.2627229144341319,2.0
1.8661866186618663,-1.1169881269301816,0.628554660161475,1.2502938449039507,2.0
1.8671867186718671,-1.092252315936988,0.6293085049306365,1.253459036364958,2.0
1.8681868186818682,-1.060429526931343,0.630055811998887,1.2938187057728028,2.0
1.8691869186918693,-0.9053908492948762,0.6307965765755339,1.2857914453840729,2.0
1.87018701870187,-1.086735568617367,0.6315307939366337,1.2111497198359131,2.0
1.8711871187118712,-0.8273048079386045,0.632258459425014,1.1351463798662413,2.0
1.8721872187218722,-0.9750326298138497,0.6329795684502901,1.3346606447785068,2.0
1.8731873187318733,-0.9752856482307727,0.6336941164888861,1.403459182045168,2.0
1.8741874187418741,-0.9608173155765871,0.6344020990840513,1.4466228964439276,2.0
1.8751875187518752,-0.8962998691314776,0.6351035118458793,1.574039305708057,2.0
1.8761876187618762,-0.7407555902432581,0.6357983504513234,1.6049078196870203,2.0
1.8771877187718773,-1.0020127367680254,0.6364866106442124,1.6970366568009656,2.0
1.8781878187818781,-0.8333530288048651,0.6371682882352684,1.4648084597203905,2.0
1.8791879187918792,-0.9040221367816947,0.6378433791021191,1.4209730434671424,2.0
1.8801880188018802,-0.8911366605658751,0.6385118791893126,1.3500739453362993,2.0
1.8811881188118813,-0.9416115641800882,0.6391737845083312,1.2675444568947194,2.0
1.8821882188218821,-1.0475918532446236,0.6398290911376038,1.1752032163955048,2.0
1.8831883188318832,-0.8223712588117815,0.6404777952225186,1.3314810034703197,2.0
1.8841884188418843,-0.9872317906461622,0.6411198929754338,1.2117828681261997,2.0
1.885188518851885,-0.8754980855932392,0.6417553806756879,1.3493142277808037,2.0
1.8861886188618862,-0.794820856343504,0.6423842546696118,1.2280693382587011,2.0
1.8871887188718872,-0.8183372034904063,0.6430065113705358,1.2577321869298026,2.0
1.8881888188818883,-0.7215001413973477,0.6436221472587994,1.1664414645121952,2.0
1.8891889188918891,-0.8017412655256173,0.6442311588817603,1.2812655955974401,2.0
1.8901890189018902,-0.846642086224533,0.6448335428538005,1.4794894041786488,2.0
1.8911891189118912,-0.8403508598928469,0.6454292958563328,1.3335745195036055,2.0
1.8921892189218923,-0.8950344868890725,0.6460184146378084,1.1631232044951465,2.0
1.8931893189318931,-0.8764397591192458,0.6466008960137208,1.1400079408804402,2.0
1.8941894189418942,-1.0569886616631323,0.647176736866612,1.2616890625539718,2.0
1.8951895189518952,-0.68383068224436,0.6477459341460753,1.3183189533020245,2.0
1.8961896189618963,-0.8828785577993936,0.6483084848687586,1.2772332745691162,2.0
1.8971897189718971,-0.8613790918998239,0.6488643861183684,1.1480950090920279,2.0
1.8981898189818982,-0.790762555647516,0.6494136350456711,1.010332998383748,2.0
1.8991899189918993,-0.7963613379020515,0.6499562288684947,1.0773292369112664,2.0
1.9001900190019,-0.8019810966359855,0.6504921648717287,1.1749180279515132,2.0
1.9011901190119012,-0.7348247100041063,0.6510214404073256,1.3160456230605466,2.0
1.9021902190219022,-0.7540377529392798,0.6515440528942991,1.1757449367395512,2.0
1.9031903190319033,-0.6890752192130023,0.652059999818723,0.9937006194142608,2.0
1.9041904190419041,-0.7644529552553124,0.6525692787337305,1.1441624302443267,2.0
1.9051905190519052,-0.7961173302999417,0.6530718872595103,1.1421404355780522,2.0
1.9061906190619062,-0.7693418500395943,0.6535678230833035,0.9369517766872472,2.0
1.9071907190719073,-0.5927998618168111,0.6540570839594002,0.7738997695490276,2.0
1.9081908190819081,-0.8855231071813667,0.6545396677091349,0.6692456118880745,2.0
1.9091909190919092,-0.7813124120464379,0.6550155722208806,0.7586900594136252,2.0
1.9101910191019102,-0.7583370042597173,0.6554847954500443,0.7123272106953771,2.0
1.9111911191119113,-0.8397098383764381,0.655947335419059,0.6132745293910787,2.0
1.9121912191219121,-0.7822820275749301,0.6564031902173768,0.5568098216887432,2.0
1.9131913191319132,-0.7825045965047832,0.6568523580014618,0.612060059275944,2.0
1.9141914191419143,-0.8342146283725698,0.6572948369947806,0.6691075001236725,2.0
1.915191519151915,-0.7045706165603886,0.657730625487794,0.5291665943011846,2.0
1.9161916191619162,-0.6687958524604246,0.6581597218379467,0.4036412145508397,2.0
1.9171917191719172,-0.7055067926368825,0.6585821244696564,0.3388520531053607,2.0
1.9181918191819183,-0.7435183548879067,0.6589978318743032,0.42189377592436056,2.0
1.9191919191919191,-0.6263800811015179,0.6594068426102173,0.2928877193979235,2.0
1.9201920192019202,-0.7026780092785507,0.6598091553026676,0.4254433252024282,2.0
1.9211921192119212,-0.5178487039716204,0.660204768643847,0.42161685796083515,2.0
1.9221922192219223,-0.6138934190969046,0.6605936813928598,0.34679946555468494,2.0
1.9231923192319231,-0.6123014060688059,0.6609758923757061,0.28497264324444144,2.0
1.9241924192419242,-0.6790236523210058,0.6613514004852681,0.19502811512302545,2.0
1.9251925192519252,-0.6051897007301715,0.661720204681293,0.18238075012149924,2.0
1.9261926192619263,-0.6335252840873851,0.6620823039903778,0.28146597521579375,2.0
1.9271927192719271,-0.7272105605087505,0.6624376975059507,0.25701330716437815,2.0
1.9281928192819282,-0.637115186258486,0.6627863843882551,0.40442745675215674,2.0
1.9291929192919293,-0.746284721231536,0.6631283638643296,0.4054315987087872,2.0
1.93019301930193,-0.6863830723996703,0.6634636352279898,0.39794504180606544,2.0
1.9311931193119312,-0.6832226262160238,0.6637921978398084,0.5214269287431659,2.0
1.9321932193219322,-0.6104550641664845,0.6641140511270954,0.6147688802978077,2.0
1.9331933193319333,-0.5027637354397131,0.6644291945838758,0.6718643662207736,2.0
1.9341934193419341,-0.525712035062977,0.664737627770869,0.5231812238109524,2.0
1.9351935193519352,-0.6211412694310247,0.6650393503154663,0.47309682116593105,2.0
1.9361936193619362,-0.46540670759387526,0.6653343619117076,0.2976304103587187,2.0
1.9371937193719373,-0.5591926986086644,0.6656226623202581,0.4542297311391277,2.0
1.9381938193819381,-0.5907983880361454,0.6659042513683834,0.5967899244139969,2.0
1.9391939193919392,-0.5826118391161462,0.666179128949926,0.7078177353915133,2.0
1.9401940194019403,-0.49320485057537256,0.666447295025278,0.7125829271621896,2.0
1.9411941194119413,-0.41579652487621477,0.6667087496213556,0.6442746165038831,2.0
1.9421942194219421,-0.4484043971471561,0.6669634928315731,0.5469136316071402,2.0
1.9431943194319432,-0.431210945127029,0.6672115248158136,0.4549842890501099,2.0
1.9441944194419443,-0.5580578881100926,0.6674528458004024,0.4651178279312704,2.0
1.945194519451945,-0.6058515615215819,0.6676874560780774,0.23656397898149617,2.0
1.9461946194619462,-0.40799125015872256,0.66791535600796,0.20738069818968166,2.0
1.9471947194719472,-0.6089596733529329,0.6681365460155242,0.35594975429331904,2.0
1.9481948194819483,-0.3596408286011988,0.6683510265925673,0.402691049771732,2.0
1.9491949194919491,-0.43512017286817756,0.6685587982971768,0.34820641647407746,2.0
1.9501950195019502,-0.528091324142119,0.6687598617537001,0.45078983818096874,2.0
1.9511951195119512,-0.6373275071136146,0.6689542176527101,0.49833413319708897,2.0
1.9521952195219523,-0.5340962352338521,0.669141866750973,0.6511433535455787,2.0
1.9531953195319531,-0.3963535733960529,0.6693228098714142,0.6947241779709602,2.0
1.9541954195419542,-0.41081693414758336,0.6694970479030832,0.7113275236657848,2.0
1.9551955195519553,-0.45102413029597843,0.6696645818011189,0.5614280546620666,2.0
1.9561956195619563,-0.532763314480374,0.669825412586713,0.7559107526211627,2.0
1.9571957195719571,-0.3500007779384935,0.6699795413470747,0.6884237526723674,2.0
1.9581958195819582,-0.42069475467005446,0.6701269692353917,0.8375534576442129,2.0
1.9591959195919593,-0.3835195872136419,0.6702676974707942,0.9099502103989201,2.0
1.96019601960196,-0.3037976401129096,0.6704017273383155,0.7926550076211998,2.0
1.9611961196119612,-0.3881658528397137,0.6705290601888528,0.8880508292037868,2.0
1.9621962196219622,-0.40961604852294115,0.670649697439128,0.9296341265446593,2.0
1.9631963196319633,-0.32474129719823736,0.6707636405716466,0.958987558782273,2.0
1.9641964196419641,-0.348067485719372,0.6708708911346576,0.8235233359335258,2.0
1.9651965196519652,-0.362113231965804,0.6709714507421117,0.8707992246095657,2.0
1.9661966196619662,-0.37211603798429543,0.671065321073618,0.9212385333845123,2.0
1.9671967196719673,-0.4231358897521138,0.6711525038744025,0.9528283874273833,2.0
1.9681968196819681,-0.3370968698256532,0.6712330009552633,0.8364797670507351,2.0
1.9691969196919692,-0.23426752510558876,0.6713068141925275,0.7392127111716791,2.0
1.9701970197019703,-0.26794077071405425,0.671373945528006,0.5521461758739846,2.0
1.9711971197119713,-0.17188094050768415,0.6714343969689476,0.6150679023771075,2.0
1.9721972197219722,-0.14313630079393797,0.6714881705879934,0.5805243703639262,2.0
1.9731973197319732,-0.2904277573187233,0.6715352685231305,0.6311878950798626,2.0
1.9741974197419743,-0.13997238562980108,0.6715756929776436,0.558342175300024,2.0
1.975197519751975,-0.2737193419678787,0.6716094462200684,0.5157277251963209,2.0
1.9761976197619762,-0.3741375413768432,0.6716365305841415,0.6626603548397312,2.0
1.9771977197719772,-0.272730129987607,0.6716569484687526,0.7072447969579452,2.0
1.9781978197819783,-0.2010369954661701,0.6716707023378936,0.8639838209815507,2.0
1.9791979197919791,-0.10812308266951633,0.6716777947206092,0.8505557453866317,2.0
1.9801980198019802,-0.11943617368785871,0.6716782282109443,0.813910350021078,2.0
1.9811981198119812,-0.1008920313998026,0.6716720054678941,0.866377200088678,2.0
1.9821982198219823,-0.21065577555696433,0.6716591292153508,0.8609605577160219,2.0
1.9831983198319831,-0.16500487688401275,0.6716396022420499,1.118140010543591,2.0
1.9841984198419842,-0.21894681066371877,0.6716134274015186,1.108444911605466,2.0
1.9851985198519853,0.0035861891646584154,0.6715806076120199,1.1698632715746615,2.0
1.9861986198619863,-0.16906784603859865,0.6715411458564982,1.2504869321683456,2.0
1.9871987198719872,-0.08798424349115722,0.6714950451825246,1.1797147129989107,2.0
1.9881988198819882,-0.10813924984195132,0.6714423087022396,1.2022921700618707,2.0
1.9891989198919893,-0.197588037775375,0.6713829395922979,0.991381675153569,2.0
1.99019901990199,0.019144210385788576,0.6713169410938098,0.9274265815017261,2.0
1.9911991199119912,-0.22319463491566593,0.6712443165122839,0.8319482898064173,2.0
1.9921992199219922,0.009639665276751738,0.6711650692175686,0.8071042949887067,2.0
1.9931993199319933,-0.317695091328191,0.6710792026437932,0.6645301931182607,2.0
1.9941994199419941,-0.0995558895865169,0.6709867202893074,0.7270828725811733,2.0
1.9951995199519952,0.20577933462343034,0.6708876257166217,0.8049120883257301,2.0
1.9961996199619962,0.21845259323081778,0.6707819225523461,0.6897397968148665,2.0
1.9971997199719973,0.002825999397111416,0.6706696144871286,0.7850536579155152,2.0
1.9981998199819981,-0.020097567780544414,0.670550705275593,0.5923045303781885,2.0
1.9991999199919992,0.038644488397110086,0.6704251987362758,0.534715686414752,2.0
2.000200020002,-0.023418477390655595,0.6702930987515635,0.33873030516249525,2.0
2.001200120012001,0.01881330051122032,0.6701544092676279,0.30226482838075985,2.0
2.002200220022002,0.12252872330778701,0.670009134294362,0.21910751277675328,2.0
2.003200320032003,-0.05924630118166458,0.6698572779053146,0.09963053821183937,2.0
2.0042004200420043,-0.00099485943285188,0.6696988442376238,0.1010647029696356,2.0
2.0052005200520053,-0.03844671895027389,0.6695338374919518,0.09894947818373406,2.0
2.0062006200620064,0.02252577959845265,0.6693622619324172,0.042544203312079615,2.0
2.007200720072007,0.0691993606482278,0.6691841218865274,-0.022222168075736196,2.0
2.008200820082008,0.1825847574791019,0.6689994217451098,0.03491226487496316,2.0
2.009200920092009,0.02156917338088178,0.6688081659622446,0.10440003165533951,2.0
2.01020102010201,0.20075619858045396,0.6686103590551933,0.12913996932309077,2.0
2.0112011201120112,0.1851627527046649,0.6684060056043303,0.07510125103257449,2.0
2.0122012201220123,0.2428418306858791,0.6681951102530713,0.12039406655857453,2.0
2.0132013201320134,0.016010874307858067,0.6679776777078026,0.2399509608745546,2.0
2.0142014201420144,0.25746647365788766,0.6677537127378089,0.3551448105326291,2.0
2.015201520152015,0.3192922716970304,0.6675232201752016,0.21452568161386784,2.0
2.016201620162016,0.17286600250169779,0.6672862049148444,0.011115730894889486,2.0
2.017201720172017,0.1454481071137695,0.6670426719142812,-0.02034415910202156,2.0
2.018201820182018,0.08184041747216106,0.6667926261936611,-0.017654639827249737,2.0
2.0192019201920193,0.28999563948362017,0.6665360728356635,-0.027193619532120163,2.0
2.0202020202020203,0.055805196603193635,0.6662730169854235,-0.08245466951808217,2.0
2.0212021202120214,0.17640591848573403,0.666003463850455,-0.2759400030136039,2.0
2.022202220222022,0.12203627397593597,0.6657274187005748,-0.22093006696896428,2.0
2.023202320232023,0.22691588769620893,0.665444886867825,-0.14298670041763303,2.0
2.024202420242024,0.23396325630538456,0.6651558737463956,-0.16381003703067804,2.0
2.025202520252025,0.14436680342477284,0.6648603847925463,-0.2674343914732821,2.0
2.0262026202620262,0.2915072975914454,0.6645584255245272,-0.020204707494128372,2.0
2.0272027202720273,0.22835333485479495,0.6642500015224996,-0.05551330843562752,2.0
2.0282028202820284,0.34322889745504437,0.6639351184284554,-0.17195688637168682,2.0
2.0292029202920294,0.10053023556043542,0.663613781946138,-0.1949052090002646,2.0
2.03020302030203,0.30289482279702945,0.6632859978409592,-0.3327407587988447,2.0
2.031203120312031,0.19436939024606953,0.6629517719399178,-0.2507419208079486,2.0
2.032203220322032,0.2564152108143911,0.6626111101315187,-0.17409120923545054,2.0
2.033203320332033,0.3836126084327541,0.6622640183656884,-0.21567285349432952,2.0
2.0342034203420343,0.3112794423762812,0.6619105026536914,-0.14617747122369482,2.0
2.0352035203520353,0.3668746517628321,0.6615505690680477,-0.23872051898432858,2.0
2.0362036203620364,0.16850179191998874,0.6611842237424461,-0.2474114030745264,2.0
2.037203720372037,0.3276924075441741,0.6608114728716609,-0.5062127859519077,2.0
2.038203820382038,0.40193983205808026,0.6604323227114639,-0.5885498277250586,2.0
2.039203920392039,0.4997339385622923,0.6600467795785402,-0.5668400772471395,2.0
2.04020402040204,0.5020474067513372,0.6596548498503999,-0.4795810720980381,2.0
2.0412041204120412,0.39324159312483287,0.6592565399652909,-0.45576061937582496,2.0
2.0422042204220423,0.31154718357545685,0.6588518564221107,-0.4806337875751234,2.0
2.0432043204320434,0.4153868019955466,0.6584408057803185,-0.5280866018227749,2.0
2.0442044204420444,0.3755705718757718,0.6580233946598447,-0.6906131482149338,2.0
2.045204520452045,0.6387228109148726,0.6575996297410022,-0.8174435960348583,2.0
2.046204620462046,0.32650404783451886,0.6571695177643949,-0.8467561799137423,2.0
2.047204720472047,0.4717705393715203,0.6567330655308283,-0.9278700907568823,2.0
2.048204820482048,0.31229083265091984,0.6562902799012171,-0.7592560514969132,2.0
2.0492049204920493,0.3931845836913516,0.6558411677964932,-0.6100408263779281,2.0
2.0502050205020503,0.4535817009623559,0.6553857361975127,-0.6461494362133928,2.0
2.0512051205120514,0.6762625982336194,0.6549239921449642,-0.6103958659069139,2.0
2.052205220522052,0.6060517500689282,0.6544559427392738,-0.6922893207138238,2.0
2.053205320532053,0.5842263175383243,0.6539815951405107,-0.5864164190571591,2.0
2.054205420542054,0.5987020110857738,0.6535009565682934,-0.5378575996058622,2.0
2.055205520552055,0.5858553199819883,0.6530140343016942,-0.4512674665205557,2.0
2.0562056205620562,0.43878664397368317,0.6525208356791422,-0.4177183472793292,2.0
2.0572057205720573,0.5947303544977091,0.652021368098328,-0.4620118586732802,2.0
2.0582058205820584,0.6387381860424399,0.6515156390161061,-0.3944596383216354,2.0
2.0592059205920594,0.5862197469812683,0.6510036559483979,-0.329313996474063,2.0
2.06020602060206,0.5576968497961649,0.6504854264700926,-0.44794005495371486,2.0
2.061206120612061,0.5697566290743835,0.6499609582149494,-0.2997166412594134,2.0
2.062206220622062,0.6358135255110475,0.6494302588754981,-0.1869594711565144,2.0
2.063206320632063,0.5741163671869952,0.6488933362029392,-0.24302464325542453,2.0
2.0642064206420643,0.45732470551371396,0.6483501980070442,-0.12971059865476214,2.0
2.0652065206520653,0.5550634621984036,0.647800852156054,0.009184390710909663,2.0
2.0662066206620664,0.5582640285273145,0.6472453065765775,-0.14936955057623788,2.0
2.067206720672067,0.6716428905692464,0.646683569253491,-0.0066363935098674,2.0
2.068206820682068,0.7437003904655365,0.6461156482298336,-0.09823055480811586,2.0
2.069206920692069,0.6119147840804067,0.6455415516067067,-0.13431418376940327,2.0
2.07020702070207,0.5136379048264841,0.6449612875431684,-0.009092234176131697,2.0
2.0712071207120712,0.7431509361766252,0.6443748642561311,-0.11317391221265893,2.0
2.0722072207220723,0.5398361264963211,0.6437822900202556,-0.10428031679813698,2.0
2.0732073207320734,0.7554727870248233,0.6431835731678467,-0.3137096771326518,2.0
2.0742074207420744,0.6264142079740327,0.6425787220887474,-0.2845261874440386,2.0
2.075207520752075,0.8423046092170687,0.6419677452302339,-0.17357554691692548,2.0
2.076207620762076,0.578232522604011,0.6413506510969055,-0.18886208420280265,2.0
2.077207720772077,0.43459950774853606,0.640727448250582,-0.15319728782553646,2.0
2.078207820782078,0.7510227147945425,0.6400981453101924,-0.1137107064701795,2.0
2.0792079207920793,0.7269442149518929,0.6394627509516684,0.0016385443638522235,2.0
2.0802080208020803,0.672151197344724,0.6388212739078352,-0.027802056508066178,2.0
2.0812081208120814,0.6888183808095053,0.638173722968302,-0.08914632775127071,2.0
2.082208220822082,0.6958999678205104,0.6375201069793525,-0.1839279034667134,2.0
2.083208320832083,0.5879215365035327,0.6368604348438344,0.0750145013666007,2.0
2.084208420842084,0.6902157976983051,0.6361947155210483,0.03940864219648349,2.0
2.085208520852085,0.6518895648941447,0.635522958026637,-0.0803138329112224,2.0
2.0862086208620862,0.9313443896765197,0.6348451714324731,-0.3199089589758122,2.0
2.0872087208720873,0.8139226596789495,0.6341613648665471,-0.3722229225156566,2.0
2.0882088208820884,0.8461725131046678,0.6334715475128534,-0.39347355428144415,2.0
2.0892089208920894,0.8477608242642616,0.6327757286112782,-0.3257694013317285,2.0
2.09020902090209,0.6984301762408693,0.6320739174574853,-0.22194338184238563,2.0
2.091209120912091,0.8969300884538149,0.6313661234028004,-0.32246257563929287,2.0
2.092209220922092,0.8419290365971731,0.630652355854098,-0.43529137252108624,2.0
2.093209320932093,0.49994945902353954,0.6299326242736852,-0.4970442043062197,2.0
2.0942094209420943,0.8602705991064554,0.6292069381791852,-0.2854048209913171,2.0
2.0952095209520953,0.9455402119748968,0.6284753071434215,-0.1257769071945474,2.0
2.0962096209620964,0.7525100883634338,0.627737740794301,0.06318481720685047,2.0
2.097209720972097,0.8685768515862176,0.6269942488146969,0.017886944091342817,2.0
2.098209820982098,0.898906237224724,0.6262448409423288,0.04951328437087849,2.0
2.099209920992099,0.8640715038194797,0.6254895269696468,-0.061570399694825785,2.0
2.1002100210021,0.9373898666528144,0.6247283167437112,-0.10378278479356653,2.0
2.1012101210121013,0.6671250400537633,0.6239612201660736,-0.08263334302406983,2.0
2.1022102210221023,0.7875524066128163,0.6231882471926564,-0.016986018277549232,2.0
2.1032103210321034,0.8665071354003245,0.622409407833633,0.06640935461328377,2.0
2.1042104210421044,0.8229042289636813,0.6216247121533063,-0.06063211605027929,2.0
2.105210521052105,0.831696087540326,0.6208341702699884,-0.31968747951049603,2.0
2.106210621062106,0.8387784744700694,0.6200377923558766,-0.3916028416573069,2.0
2.107210721072107,0.7691839371593692,0.6192355886369338,-0.4082805825833107,2.0
2.108210821082108,0.8217274355935574,0.6184275693927641,-0.498098745055351,2.0
2.1092109210921093,0.8663090528790325,0.6176137449564888,-0.5755275293007118,2.0
2.1102110211021103,0.6449686308642262,0.6167941257146243,-0.6003889234489495,2.0
2.1112111211121114,0.7926084470987385,0.6159687221069566,-0.6067858573986672,2.0
2.112211221122112,0.8368918852781444,0.615137544626418,-0.5372927322006505,2.0
2.113211321132113,0.6987329511797521,0.6143006038189585,-0.49131924318466713,2.0
2.114211421142114,0.8918685875616171,0.6134579102834246,-0.4392161484402178,2.0
2.115211521152115,0.7000968174282205,0.6126094746714297,-0.5340952187619765,2.0
2.1162116211621163,0.991407333568251,0.611755307687229,-0.567408757718129,2.0
2.1172117211721173,0.8412999918950479,0.6108954200875921,-0.5518408435054605,2.0
2.1182118211821184,0.8842917474109423,0.6100298226816756,-0.5278492241458109,2.0
2.1192119211921194,0.8161510458827164,0.6091585263308937,-0.4654502263974535,2.0
2.12021202120212,0.9284228143413022,0.6082815419487922,-0.5164831218708144,2.0
2.121212121212121,0.7742608712598276,0.6073988805009162,-0.6599041766936873,2.0
2.122212221222122,0.8116375558436605,0.6065105530046839,-0.6232789485928654,2.0
2.1232123212321232,0.7685689347012343,0.6056165705292548,-0.695384153403896,2.0
2.1242124212421243,0.9349654334210394,0.6047169441953998,-0.7437028028310315,2.0
2.1252125212521253,1.01807099657506,0.6038116851753699,-0.7810959832127313,2.0
2.1262126212621264,0.9929872689596501,0.6029008046927656,-0.7305638570604325,2.0
2.127212721272127,1.0239011081315517,0.6019843140224057,-0.8050072988592536,2.0
2.128212821282128,1.0194531051454025,0.6010622244901919,-0.7200423742934889,2.0
2.129212921292129,0.9957741587202187,0.6001345474729807,-0.812180903783748,2.0
2.13021302130213,0.9615185444490117,0.5992012943984472,-0.680860462667861,2.0
2.1312131213121313,0.9513533566687081,0.598262476744952,-0.9153567607116628,2.0
2.1322132213221323,1.010528328709865,0.5973181060414084,-0.7422337090635307,2.0
2.1332133213321334,1.0687505743916077,0.5963681938671463,-0.7703323419232457,2.0
2.1342134213421344,0.896714677550619,0.5954127518517789,-0.8068230563274013,2.0
2.135213521352135,1.031082464645552,0.5944517916750656,-0.7517634890759952,2.0
2.136213621362136,0.8883586294557113,0.5934853250667773,-0.8399181410172167,2.0
2.137213721372137,0.7704049080950893,0.5925133638065602,-0.744060459817262,2.0
2.1382138213821382,0.9294607000348225,0.5915359197237992,-0.74952170966136,2.0
2.1392139213921393,0.9159346026072921,0.5905530046974797,-0.6672944694940532,2.0
2.1402140214021403,0.946357686280024,0.589564630656052,-0.7922038798482426,2.0
2.1412141214121414,0.996254610157509,0.5885708095772907,-0.68621934381181,2.0
2.142214221422142,0.9056711007573797,0.5875715534881593,-0.6950897459100617,2.0
2.143214321432143,1.0616898275743742,0.5865668744646676,-0.5174692800418037,2.0
2.144214421442144,0.9998086426716231,0.5855567846317365,-0.5748411549253474,2.0
2.145214521452145,0.7909090378287938,0.5845412961630557,-0.597863454166125,2.0
2.1462146214621463,1.0138556321382217,0.5835204212809443,-0.6083691018684316,2.0
2.1472147214721473,0.9362858350676756,0.5824941722562099,-0.6133396600060235,2.0
2.1482148214821484,0.9060774386945016,0.5814625614080079,-0.5452108872716048,2.0
2.1492149214921494,1.0213967798593127,0.5804256011037001,-0.5145334826252161,2.0
2.15021502150215,0.9672199767435687,0.5793833037587138,-0.48346507680747436,2.0
2.151215121512151,0.9094517387649647,0.5783356818363962,-0.5974821869888898,2.0
2.152215221522152,1.0962148375288683,0.577282747847876,-0.5793858338822143,2.0
2.1532153215321532,0.9557319121690568,0.5762245143519177,-0.3904228567920262,2.0
2.1542154215421543,0.9383318609331228,0.5751609939547789,-0.4706653655051849,2.0
2.1552155215521553,0.9551929315944402,0.5740921993100666,-0.5798945219486401,2.0
2.1562156215621564,0.8224978536892861,0.5730181431185921,-0.5028537751028443,2.0
2.157215721572157,1.0030640755533275,0.5719388381282267,-0.4635070266564733,2.0
2.158215821582158,1.0440101370640282,0.5708542971337565,-0.3542991743335526,2.0
2.159215921592159,0.9951664662743643,0.5697645329767367,-0.15886602855216347,2.0
2.16021602160216,1.1480436814629336,0.5686695585453465,-0.15797746435421847,2.0
2.1612161216121613,1.093892624566382,0.5675693867742417,-0.006234012436234538,2.0
2.1622162216221623,0.93735839851651,0.5664640306444084,-0.14086833354147316,2.0
2.1632163216321634,1.0192594589493194,0.5653535031830151,-0.3194854128010869,2.0
2.1642164216421644,0.8374938891002562,0.5642378174632666,-0.2302692365488425,2.0
2.165216521652165,1.0727950920470573,0.5631169866042554,-0.13223492683499313,2.0
2.166216621662166,1.088612737927331,0.5619910237708114,-0.1794990524425437,2.0
2.167216721672167,1.1055868257452284,0.5608599421733568,0.06397973155704686,2.0
2.1682168216821682,0.9616253403222215,0.5597237550677543,0.18663362964804422,2.0
2.1692169216921693,0.874061862242562,0.558582475755158,0.13933023199388989,2.0
2.1702170217021703,1.0377320612109793,0.5574361175818644,0.15262151867348542,2.0
2.1712171217121714,1.1893044429811797,0.5562846939391611,0.07909844514610379,2.0
2.172217221722172,0.8094110026145875,0.5551282182631775,-0.04942845848392546,2.0
2.173217321732173,0.9877125556111985,0.55396670403473,0.09351284556677442,2.0
2.174217421742174,1.0656420166051883,0.5528001647791764,0.1812366867524721,2.0
2.175217521752175,0.9746429911445185,0.5516286140662586,0.16696646184295919,2.0
2.1762176217621763,0.875386346891919,0.5504520655099541,0.32065019271668227,2.0
2.1772177217721773,1.1120547361146447,0.549270532768321,0.3555047958371419,2.0
2.1782178217821784,0.8641125576220239,0.5480840295433472,0.43535964363186697,2.0
2.1792179217921794,0.8916906777180577,0.5468925695807941,0.6080962887383099,2.0
2.18021802180218,1.089327357744043,0.5456961666700468,0.6550524278072333,2.0
2.181218121812181,1.1407780264130438,0.5444948346439549,0.7067679591111213,2.0
2.182218221822182,0.9611924244480988,0.5432885873786836,0.7454158406739553,2.0
2.1832183218321832,0.7413709262286381,0.542077438793555,0.6770168081481325,2.0
2.1842184218421843,0.9781641525884992,0.5408614028508948,0.6989320791145919,2.0
2.1852185218521853,1.0722751768126637,0.5396404935558752,0.8253209743376658,2.0
2.1862186218621864,1.0701763411621688,0.5384147249563602,0.8587306262754508,2.0
2.187218721872187,0.8747599440167529,0.5371841111427501,0.9467234667620854,2.0
2.188218821882188,0.8991523520944263,0.5359486662478212,0.742728758322496,2.0
2.189218921892189,1.1299998727999787,0.5347084044465734,0.831869889704072,2.0
2.19021902190219,0.8967768713748205,0.5334633399560706,0.694859628036147,2.0
2.1912191219121913,0.78143001690795,0.532213487035282,0.6593929240466956,2.0
2.1922192219221923,1.1366532226616388,0.5309588599849262,0.7443363879797933,2.0
2.1932193219321934,0.9174290694231516,0.5296994731473116,0.7987549674150767,2.0
2.1942194219421944,1.0594292898623727,0.5284353409061777,0.5901498414928018,2.0
2.195219521952195,0.8446569278997273,0.5271664776865363,0.6857042863611176,2.0
2.196219621962196,1.01451557165221,0.5258928979545113,0.7837723785877937,2.0
2.197219721972197,0.96734180483771,0.5246146162171796,0.8453237421442603,2.0
2.1982198219821982,0.9946341749288681,0.5233316470224115,0.9085473885077058,2.0
2.1992199219921993,0.9188789796592918,0.522044004958709,0.9337808260005472,2.0
2.2002200220022003,1.0118623440403425,0.5207517046550459,1.001656601617108,2.0
2.2012201220122014,1.0145145592772136,0.5194547607807054,1.1539366050884776,2.0
2.202220222022202,0.8278793141590549,0.5181531880451213,1.1861756190188992,2.0
2.203220322032203,0.7747750585478481,0.5168470011977115,1.2411498947867825,2.0
2.204220422042204,0.9638493355860925,0.5155362150277212,1.2007607046686188,2.0
2.205220522052205,0.9230753633450721,0.5142208443640569,1.1583143483844616,2.0
2.2062206220622063,0.9832602006056275,0.5129009040751253,1.2727996910272783,2.0
2.2072207220722073,0.8723927792678403,0.5115764090686684,1.2318887378604126,2.0
2.2082208220822084,1.0205347871515467,0.5102473742916017,1.1969511064595506,2.0
2.2092209220922094,0.9245256470781192,0.50891381472985,1.1421910362603744,2.0
2.21022102210221,0.8962491271987265,0.5075757454081836,1.1790111346144012,2.0
2.211221122112211,0.9661860150555792,0.5062331813900517,1.226817703267119,2.0
2.212221222122212,0.8342429155908366,0.5048861377774202,1.1535380161962097,2.0
2.2132213221322132,0.8493170447244808,0.5035346297106065,0.9777137367029815,2.0
2.2142214221422143,0.9508213626449896,0.5021786723681126,0.9345221812004629,2.0
2.2152215221522153,0.966923682393418,0.5008182809664609,1.054489293266717,2.0
2.2162216221622164,0.8709000963018548,0.4994534707600271,0.9242148086934941,2.0
2.217221722172217,0.8098451216602027,0.49808425704087467,0.8685493889596473,2.0
2.218221822182218,0.8738015476367593,0.4967106551385863,0.7670878704609042,2.0
2.219221922192219,1.0599129270000172,0.49533268042010076,0.8104115232559878,2.0
2.22022202220222,0.9121548270683031,0.4939503482895425,0.7561219553536823,2.0
2.2212221222122213,0.8399413382586277,0.4925636741880557,0.7600492673995531,2.0
2.2222222222222223,0.8005538872388439,0.49117267359363465,0.65517933046846,2.0
2.2232223222322234,0.96035599324553,0.489777362020958,0.7336142089085549,2.0
2.2242224222422244,0.9887566390050329,0.4883777550212189,0.6655252756618443,2.0
2.225222522252225,0.7306436036946538,0.4869738681819572,0.6716380203312591,2.0
2.226222622262226,0.7313930760871763,0.4855657171268878,0.7277453357943617,2.0
2.227222722272227,0.8884617530059469,0.4841533175157357,0.8665060673175922,2.0
2.2282228222822282,0.8347210852347734,0.4827366850440626,0.8900585311261197,2.0
2.2292229222922293,0.7795441701564759,0.4813158354430994,1.0226075923697857,2.0
2.2302230223022304,0.7354650432458956,0.479890784479575,0.946972568391514,2.0
2.2312231223122314,0.6944049359844505,0.47846154795554624,0.9393525629773323,2.0
2.232223222322232,0.7499364229248385,0.4770281417082264,0.9929944255491723,2.0
2.233223322332233,0.8399983236500828,0.4755905816098151,0.9548035502806844,2.0
2.234223422342234,0.8271005897848629,0.4741488835673261,0.9587439725728375,2.0
2.235223522352235,0.7889581124785152,0.4727030635224176,0.7403416372631166,2.0
2.2362236223622363,0.9839352758215147,0.47125313745121816,0.7250485238309199,2.0
2.2372237223722373,0.892390831670749,0.46979912136415647,0.8663537802727785,2.0
2.2382238223822384,0.7542813671895632,0.46834103130578686,0.9010058778290772,2.0
2.2392239223922394,0.8330307671767757,0.46687888335461886,0.8598738529740108,2.0
2.24022402240224,0.8635331974119684,0.46541269362294374,0.8839221582279994,2.0
2.241224122412241,0.8315143325082802,0.46394247825665874,0.8580574957581941,2.0
2.242224222422242,0.9111135659136931,0.4624682534350979,0.8789070761960343,2.0
2.2432243224322432,0.7198949594897938,0.46099003537085614,0.9680209106983902,2.0
2.2442244224422443,0.9697100583601593,0.459507840309614,1.0085460038028538,2.0
2.2452245224522454,0.6493797419895351,0.45802168452996617,1.0377937278587486,2.0
2.2462246224622464,0.723701950714521,0.45653158434324526,1.1435507303445003,2.0
2.247224722472247,0.9622293825650515,0.4550375560933482,1.1097287399374804,2.0
2.248224822482248,0.9467371758907095,0.4535396161565581,1.2264250296604726,2.0
2.249224922492249,0.7061458818889156,0.45203778094137437,1.1374402229815934,2.0
2.25022502250225,0.7565762396900607,0.4505320668883323,1.0832051221541983,2.0
2.2512251225122513,0.7120385172074497,0.44902249046983056,0.9750318892016229,2.0
2.2522252225222523,0.6643285203346347,0.4475090681899534,1.0145702317053371,2.0
2.2532253225322534,0.5798493462129887,0.4459918165842957,0.9503985999653781,2.0
2.2542254225422544,0.7126467410047489,0.4444707522197844,0.6861932031354248,2.0
2.255225522552255,0.7474825210183135,0.44294589169450554,0.7142958132682659,2.0
2.256225622562256,0.6139113632963231,0.4414172516375219,0.7416772308524844,2.0
2.257225722572257,0.6160376654047413,0.43988484870870126,0.6208009623655003,2.0
2.2582258225822582,0.6694935082046952,0.43834869959853634,0.7893183440082598,2.0
2.2592259225922593,0.7320305982972829,0.4368088210279676,0.8936498404102997,2.0
2.2602260226022604,0.4799129316567988,0.4352652297482037,0.7766881357774585,2.0
2.2612261226122614,0.7959508400808539,0.4337179425405467,0.7913543820357094,2.0
2.262226222622262,0.5937200763140592,0.43216697621621225,0.7609014956712026,2.0
2.263226322632263,0.7105344924844387,0.430612347616148,1.0894165247455643,2.0
2.264226422642264,0.6431463753780575,0.42905407361086007,1.0083968974799111,2.0
2.265226522652265,0.594405647980692,0.4274921711002315,0.947835804382584,2.0
2.2662266226622663,0.479536049277657,0.42592665701334165,0.7910560471967296,2.0
2.2672267226722673,0.5709562419660037,0.42435754830828926,1.037854890821319,2.0
2.2682268226822684,0.5579909456740494,0.42278486197201154,1.0939440710759862,2.0
2.2692269226922694,0.45269299236460436,0.4212086150201046,1.078492466481666,2.0
2.27022702270227,0.5265246349966197,0.41962882449664285,1.061281546020716,2.0
2.271227122712271,0.6633758108325423,0.41804550747399927,0.9900563217353264,2.0
2.272227222722272,0.5293004571879539,0.4164586810526642,1.1498627413584457,2.0
2.2732273227322732,0.4826446980645122,0.4148683623610664,1.2249185813145658,2.0
2.2742274227422743,0.6437781741935593,0.41327456855539024,1.2212227559229563,2.0
2.2752275227522754,0.584501357162812,0.4116773168193958,1.1651249899931413,2.0
2.2762276227622764,0.5563024951187172,0.4100766243642357,1.0411760901225149,2.0
2.277227722772277,0.5552908850206734,0.4084725084282772,1.0519622212947066,2.0
2.278227822782278,0.3679365173336821,0.40686498627691486,1.342299093428932,2.0
2.279227922792279,0.7089124453034633,0.40525407520239515,1.311121899233873,2.0
2.28022802280228,0.3841876838138456,0.40363979252362975,1.358220155372611,2.0
2.2812281228122813,0.5380912508300714,0.40202215558601556,1.3219543310256239,2.0
2.2822282228222823,0.6146174700583961,0.4004011817612499,1.309557760271182,2.0
2.2832283228322834,0.31913580262676766,0.3987768884471504,1.3378642928492022,2.0
2.2842284228422844,0.32550865865579204,0.39714929306747115,1.2606086359116278,2.0
2.285228522852285,0.467191511923547,0.39551841307172,1.1720589001223196,2.0
2.286228622862286,0.4646468198631502,0.39388426593497233,1.4173813023564616,2.0
2.287228722872287,0.46305533629309215,0.39224686915769336,1.383158780059544,2.0
2.2882288228822882,0.6346366278008565,0.3906062402655494,1.2130184561326383,2.0
2.2892289228922893,0.5510702470880522,0.3889623968092274,1.36982896528435,2.0
2.2902290229022904,0.2690496656043344,0.38731535636424924,1.4397525081170452,2.0
2.2912291229122914,0.5335266774421326,0.38566513653078854,1.5343619360443608,2.0
2.292229222922292,0.42833331871525554,0.38401175493348544,1.4558098326908206,2.0
2.293229322932293,0.27888119865133043,0.3823552292212628,1.3544489225679592,2.0
2.294229422942294,0.3260932421564459,0.3806955770671413,1.2850754974242862,2.0
2.295229522952295,0.21044703618147811,0.37903281616805573,1.406624322868331,2.0
2.2962296229622963,0.22285729121190506,0.37736696424466876,1.372738141819828,2.0
2.2972297229722973,0.4551883994003565,0.37569803904118676,1.48017737541626,2.0
2.2982298229822984,0.26957823621564614,0.37402605832517294,1.4158187075446371,2.0
2.2992299229922994,0.3833358960527768,0.372351039887364,1.5573359288766186,2.0
2.3002300230023,0.2601522071502517,0.3706730015414846,1.5608982008116594,2.0
2.301230123012301,0.3893806499000638,0.3689919611240575,1.536717880736004,2.0
2.302230223022302,0.09144668091973987,0.3673079364942241,1.6993203611319352,2.0
2.3032303230323032,0.24804307128897424,0.3656209455335543,1.9361040509207177,2.0
2.3042304230423043,0.36995589643510035,0.36393100614586005,2.1494505251933904,2.0
2.3052305230523054,0.09422845182602457,0.3622381362570118,2.22825060759189,2.0
2.3062306230623064,0.27312612616196436,0.36054235381474947,2.3135825572947004,2.0
2.307230723072307,0.1164106316370509,0.35884367678849827,2.3236050444535237,2.0
2.308230823082308,0.23057603524124573,0.357142123169178,2.2767583972353913,2.0
2.309230923092309,0.22234579389652742,0.35543771096901994,2.3869166531458053,2.0
2.31023102310231,0.3006682590468909,0.35373045822137933,2.174238237195567,2.0
2.3112311231123113,0.245239143211541,0.35202038298054666,2.248322585772982,2.0
2.3122312231223123,0.3305989015394704,0.35030750332156146,2.4136955263758813,2.0
2.3132313231323134,0.1798150707647685,0.34859183734002513,2.471705465910117,2.0
2.3142314231423144,0.22943174640899566,0.34687340315191123,2.638310960762559,2.0
2.315231523152315,-0.05174389035434032,0.345152218893382,2.8218684390300526,2.0
2.316231623162316,0.2527078608506975,0.34342830272059466,3.0129363943554153,2.0
2.317231723172317,0.13002153077013362,0.34170167280951963,2.838096617089312,2.0
2.3182318231823182,0.2564022966545657,0.33997234735574944,2.825702588326562,2.0
2.3192319231923193,0.09781144701303283,0.33824034457430924,2.7946459047163397,2.0
2.3202320232023204,0.20023618108029667,0.3365056826994716,2.805975322635167,2.0
2.3212321232123214,0.030771951011498627,0.33476837998456627,2.8862436620385377,2.0
2.322232223222322,0.2749282314552701,0.3330284547017931,2.9418763444067975,2.0
2.323232323232323,-0.09907051678936629,0.3312859251420289,2.8475098009597666,2.0
2.324232423242324,0.08167099585268565,0.32954080961464643,2.885070255093523,2.0
2.325232523252325,0.14334616021363655,0.32779312644731834,2.860279690719219,2.0
2.3262326232623263,0.06870415395588418,0.3260428939858329,3.0136718979995574,2.0
2.3272327232723273,-0.009245640056322023,0.3242901305939026,3.0045608137468793,2.0
2.3282328232823284,-0.009117826146699287,0.3225348546529764,2.9145196539747307,2.0
2.3292329232923294,-0.26806842451987717,0.32077708456204806,2.8275604817493396,2.0
2.33023302330233,0.048065017646648334,0.3190168387374712,2.663625403986238,2.0
2.331233123312331,0.018645028819964268,0.31725413561276344,2.7317804229752696,2.0
2.332233223322332,-0.05085514488801206,0.31548899363842386,2.707354197746724,2.0
2.3332333233323332,-0.056170872753531345,0.31372143128173874,2.603566197687433,2.0
2.3342334233423343,0.023577629426213113,0.311951467026594,2.854432508985937,2.0
2.3352335233523354,0.16522352439904225,0.31017911937328296,2.964017154220069,2.0
2.3362336233623364,0.04429762213252793,0.3084044068383195,3.014235057368219,2.0
2.337233723372337,-0.073271571311172,0.30662734795424734,2.978796507160443,2.0
2.338233823382338,-0.05453418560944632,0.3048479612694462,2.8754589723017463,2.0
2.339233923392339,-0.06698994050618702,0.30306626534794767,2.895854037233337,2.0
2.34023402340234,-0.07994405729543269,0.30128227876924174,2.9414138934481304,2.0
2.3412341234123413,-0.16074556763860165,0.2994960201280853,2.979966286167951,2.0
2.3422342234223423,-0.10628432144202016,0.2977075080343146,2.9919837667459626,2.0
2.3432343234323434,0.10459724184649773,0.29591676111265336,3.0119914436485855,2.0
2.3442344234423445,-0.21703110549030952,0.2941237980025225,3.077828340698372,2.0
2.345234523452345,0.10474051031960464,0.29232863735784875,3.026417243802884,2.0
2.346234623462346,-0.1422034074427854,0.2905312978468751,3.114821004152414,2.0
2.347234723472347,-0.0822447430985846,0.2887317981519692,3.2043356913727004,2.0
2.3482348234823482,-0.1162525789828946,0.2869301569694339,3.2435001110537423,2.0
2.3492349234923493,-0.20107603456332895,0.2851263930093153,3.202454252308838,2.0
2.3502350235023504,-0.10313258384519114,0.28332052499521243,3.101343998883369,2.0
2.3512351235123514,-0.3090740272718444,0.2815125716640845,3.1959128176044196,2.0
2.352235223522352,-0.32094197664979063,0.27970255176606384,3.220187973101771,2.0
2.353235323532353,-0.1648237711622632,0.27789048406425876,3.324556552697341,2.0
2.354235423542354,-0.40504151038813924,0.27607638733456913,3.3661422001164127,2.0
2.355235523552355,-0.2190722286317974,0.2742602803654909,3.3471282592041494,2.0
2.3562356235623563,-0.1406070760158828,0.2724421819579266,3.265298412568872,2.0
2.3572357235723573,-0.3039617816404644,0.27062211092499205,3.37619263299246,2.0
2.3582358235823584,-0.271552201708839,0.26880008609182793,3.410569681155092,2.0
2.3592359235923595,-0.1927168362900063,0.2669761262954065,3.36830959594,2.0
2.36023602360236,-0.2878670709854591,0.26515025038434176,3.444659104237715,2.0
2.361236123612361,-0.19561752334639662,0.26332247721869373,3.487677357043136,2.0
2.362236223622362,-0.25414997305662673,0.261492825669784,3.3522866946437895,2.0
2.3632363236323632,-0.1573561158655786,0.25966131461999764,3.420734791101758,2.0
2.3642364236423643,-0.15427723161744505,0.25782796296259614,3.2033438881372778,2.0
2.3652365236523654,-0.2795763031682094,0.25599278960152333,3.1244624380203816,2.0
2.3662366236623664,-0.2619896800889755,0.2541558134512154,3.089687907094023,2.0
2.367236723672367,-0.37657068925384374,0.2523170534364072,3.189456680141908,2.0
2.368236823682368,-0.37086459252327864,0.2504765284919424,3.3344409738179297,2.0
2.369236923692369,-0.3853251466676899,0.24863425756258078,3.3207545522335886,2.0
2.37023702370237,-0.38454094503592556,0.24679025960280784,3.443869310247832,2.0
2.3712371237123713,-0.2144149788906278,0.24494455357664188,3.4108017570318676,2.0
2.3722372237223723,-0.5331475346410438,0.24309715845744298,3.3653390294429197,2.0
2.3732373237323734,-0.4288838210526303,0.24124809322771942,3.4497568690328815,2.0
2.3742374237423745,-0.3319395267563229,0.23939737687893892,3.5057096815773323,2.0
2.375237523752375,-0.40878326145398153,0.23754502841133562,3.3564288134725633,2.0
2.376237623762376,-0.4811936398384389,0.23569106683371507,3.407544430359137,2.0
2.377237723772377,-0.41634047387333595,0.2338355111632684,3.4867809039240143,2.0
2.3782378237823782,-0.45384263832618577,0.23197838042537677,3.4820725688607888,2.0
2.3792379237923793,-0.37734830788552814,0.23011969365341892,3.4461308598689735,2.0
2.3802380238023804,-0.43704270824786234,0.228259469888582,3.423748678925099,2.0
2.3812381238123814,-0.36495777927235473,0.22639772817966802,3.23535899036228,2.0
2.382238223822382,-0.42392754057324433,0.22453448758290345,3.1487162775089947,2.0
2.383238323832383,-0.4881509323969621,0.22266976716174341,3.0540985356247976,2.0
2.384238423842384,-0.46489581627482485,0.22080358598668623,3.0217790060464162,2.0
2.385238523852385,-0.3030846711610268,0.21893596313507588,3.233860458669243,2.0
2.3862386238623863,-0.5061923488957045,0.2170669176909142,2.975215120687599,2.0
2.3872387238723873,-0.5003308177830843,0.21519646874466683,3.090974042829081,2.0
2.3882388238823884,-0.4119645352091444,0.21332463539307284,3.1068433162671516,2.0
2.3892389238923895,-0.47030851909633686,0.21145143673895037,3.1578771875390528,2.0
2.39023902390239,-0.4884278447836829,0.2095768918910098,3.171864206529009,2.0
2.391239123912391,-0.740240921978483,0.20770101996365511,3.3027705274719645,2.0
2.392239223922392,-0.3820462726989612,0.2058238400767993,3.24119079765758,2.0
2.3932393239323932,-0.6501420957444888,0.2039453713556686,3.133504585280816,2.0
2.3942394239423943,-0.5942879356049496,0.20206563293061203,3.118092645502335,2.0
2.3952395239523954,-0.645284344529481,0.2001846439369081,3.077793526585892,2.0
2.3962396239623964,-0.3538670420420523,0.1983024235145761,2.999757153584206,2.0
2.397239723972397,-0.6017248773063629,0.19641899080818365,3.0876740373120986,2.0
2.398239823982398,-0.635038919462314,0.19453436496665125,3.155561253423141,2.0
2.399239923992399,-0.7427891027788887,0.19264856514306739,3.082530888260483,2.0
2.4002400240024,-0.7175360747724928,0.19076161049449317,3.2239470655687934,2.0
2.4012401240124013,-0.7221022336505014,0.1888735201817699,3.257182048442427,2.0
2.4022402240224023,-0.6062878841146706,0.18698431336933094,3.4402892814842625,2.0
2.4032403240324034,-0.5390282638315748,0.18509400922500807,3.435476136553558,2.0
2.4042404240424045,-0.5356935232307509,0.1832026269198415,3.5240034498070956,2.0
2.405240524052405,-0.6354516085764876,0.1813101856278867,3.607713090699565,2.0
2.406240624062406,-0.6281100858148924,0.17941670452602504,3.605407500799501,2.0
2.407240724072407,-0.6733148444701923,0.17752220279377148,3.7321805974112667,2.0
2.4082408240824082,-0.6637480252215966,0.17562669961308505,3.788761124030908,2.0
2.4092409240924093,-0.6369655166261122,0.17373021416817608,3.7729790546375064,2.0
2.4102410241024104,-0.6946112226632416,0.17183276564531647,3.783943495492021,2.0
2.4112411241124114,-0.4906276625267725,0.1699343732326464,3.836505092192271,2.0
2.412241224122412,-0.6120378891485272,0.16803505611998792,3.747146018673103,2.0
2.413241324132413,-0.5578446496908028,0.16613483349864747,3.767181781414901,2.0
2.414241424142414,-0.8404615146096315,0.1642337245612322,3.8500907003780114,2.0
2.415241524152415,-0.6837383761870323,0.16233174850145493,3.8270845245195506,2.0
2.4162416241624163,-0.9834202579029888,0.1604289245139452,3.910807982186128,2.0
2.4172417241724173,-0.7777649007063733,0.1585252717940564,3.776376044793547,2.0
2.4182418241824184,-0.5932716105913332,0.15662080953767868,3.6848950149612003,2.0
2.4192419241924195,-0.5452669195670075,0.15471555694104605,3.5104400219225322,2.0
2.42024202420242,-0.6504860173652287,0.15280953320054802,3.325368542335003,2.0
2.421242124212421,-0.7863477464203139,0.15090275751253518,3.4793649752340805,2.0
2.422242224222422,-0.5934619025772783,0.1489952490731336,3.47231016969967,2.0
2.4232423242324233,-0.8205165693413836,0.1470870270780534,3.539708095410707,2.0
2.4242424242424243,-0.7129958527051052,0.14517811072239767,3.510427964213453,2.0
2.4252425242524254,-0.6791541647255828,0.14326851920047312,3.4691097178190966,2.0
2.4262426242624264,-0.6800372338128992,0.14135827170560067,3.5743613004089436,2.0
2.427242724272427,-0.7349282016486012,0.13944738742992452,3.740276275827817,2.0
2.428242824282428,-0.5926109599423229,0.13753588556422144,3.8449183021808446,2.0
2.429242924292429,-0.8659294809914801,0.13562378529771538,4.023002969188357,2.0
2.43024302430243,-0.7631578063461222,0.13371110581788423,4.285693096995103,2.0
2.4312431243124313,-0.821817076672031,0.13179786631027202,4.390513591557482,2.0
2.4322432243224323,-0.8736383875658066,0.12988408595829723,4.446630849248069,2.0
2.4332433243324334,-0.7023052575809863,0.127969783943067,4.492752192218998,2.0
2.4342434243424345,-0.7652868583152779,0.12605497944318572,4.509104638766551,2.0
2.435243524352435,-0.7293355140410378,0.1241396916345676,4.471760807669883,2.0
2.436243624362436,-0.9173843689260622,0.12222393969024338,4.596809043283898,2.0
2.437243724372437,-0.7393755381032941,0.1203077427801786,4.5489578244680295,2.0
2.4382438243824383,-0.8933699238200704,0.1183911200710782,4.45924468522363,2.0
2.4392439243924393,-0.9071452444017347,0.1164740907262024,4.381877732404227,2.0
2.4402440244024404,-0.9308794027388686,0.11455667390517597,4.226503204720207,2.0
2.4412441244124414,-0.835464518941953,0.11263888876380077,4.2682086884484,2.0
2.442244224422442,-0.8803777915856246,0.11072075445386599,4.182298459255799,2.0
2.443244324432443,-1.01468738182351,0.10880229012296154,3.974493906331658,2.0
2.444244424442444,-0.9307404162789922,0.10688351491428885,3.8916988393991794,2.0
2.4452445244524452,-0.9770599766768866,0.10496444796647468,4.0120904940898034,2.0
2.4462446244624463,-0.9597672369573634,0.10304510841338144,4.004616362404023,2.0
2.4472447244724473,-0.8762012684190579,0.1011255153839208,4.012378589167298,2.0
2.4482448244824484,-0.7023271571236032,0.09920568800186391,4.090377381307947,2.0
2.4492449244924495,-0.8160265338319207,0.097285645385657,4.012403263480438,2.0
2.45024502450245,-0.9370460400214147,0.09536540664823319,3.900024160796306,2.0
2.451245124512451,-0.8407819473261753,0.09344499089682147,3.9941103274929257,2.0
2.452245224522452,-0.6981689420229507,0.09152441723276603,4.116128334361394,2.0
2.4532453245324533,-0.9712000231049813,0.08960370475133553,4.355981574123945,2.0
2.4542454245424543,-0.8448675657550696,0.08768287254153541,4.246842123490198,2.0
2.4552455245524554,-1.0320139449602295,0.08576193968592433,4.3659637166963385,2.0
2.4562456245624564,-1.003159372932683,0.08384092526042544,4.2998442452303065,2.0
2.457245724572457,-0.9859443200046247,0.08191984833414175,4.216852928337069,2.0
2.458245824582458,-0.7693792589525673,0.07999872796916549,4.088883619701444,2.0
2.459245924592459,-0.6573943073117776,0.07807758322039904,4.169997804383299,2.0
2.4602460246024602,-0.990128646926314,0.07615643313536256,4.301530034808091,2.0
2.4612461246124613,-1.1616566497459477,0.0742352967540124,4.238449567033451,2.0
2.4622462246224623,-0.9031651687062552,0.0723141931085534,4.2070623068209745,2.0
2.4632463246324634,-1.1573212940346054,0.07039314122325442,4.153639847828778,2.0
2.4642464246424645,-1.0594263186967487,0.06847216011426079,4.2042622470468265,2.0
2.465246524652465,-0.7557452947669032,0.06655126878941352,4.319291735055966,2.0
2.466246624662466,-1.2764909530720532,0.06463048624805771,4.260268922053881,2.0
2.467246724672467,-0.9837809272922777,0.06270983148086479,4.3526058100664216,2.0
2.4682468246824683,-0.8837356942155781,0.06078932346964326,4.315545063380639,2.0
2.4692469246924693,-0.9512885922380456,0.05886898118715608,4.413865232512455,2.0
2.4702470247024704,-0.8103510402811616,0.056948823596933824,4.439470933158878,2.0
2.4712471247124714,-0.9070311703603343,0.05502886965309383,4.507418241669503,2.0
2.472247224722472,-0.9616824466669278,0.053109138300155095,4.669000361909137,2.0
2.473247324732473,-0.9249458879253908,0.05118964847285044,4.715998255509254,2.0
2.474247424742474,-0.9645908233007104,0.04927041909594943,4.662879666400028,2.0
2.4752475247524752,-0.7692156146754161,0.04735146908407098,4.682821771364122,2.0
2.4762476247624763,-1.1695662284686525,0.04543281734149888,4.8330614839604396,2.0
2.4772477247724773,-0.9783245829106165,0.04351448276200187,4.867804548463996,2.0
2.4782478247824784,-0.9682775119457661,0.04159648422864844,4.808858921145417,2.0
2.4792479247924795,-1.0870944653384425,0.03967884061362504,4.832639825600352,2.0
2.48024802480248,-0.8526373622710646,0.037761570778051874,4.804424443461811,2.0
2.481248124812481,-0.985739117263499,0.03584469357180192,4.674819207897839,2.0
2.482248224822482,-1.147708009820107,0.033928227833317684,4.653618267525489,2.0
2.4832483248324833,-0.9895269702575799,0.03201219238943062,4.566140058838459,2.0
2.4842484248424843,-1.0137571617929648,0.03009660605517763,4.70990898717506,2.0
2.4852485248524854,-0.8454722517756714,0.028181487633620383,4.805524649088749,2.0
2.4862486248624864,-1.1166319712378228,0.026266855915661642,4.796201892871601,2.0
2.487248724872487,-1.2286465552804324,0.02435272967986822,4.707040182769255,2.0
2.488248824882488,-1.0353615995558838,0.022439127692283352,4.671571382039063,2.0
2.489248924892489,-0.9828043960509243,0.020526068706252756,4.651018343043145,2.0
2.4902490249024902,-0.9157173026111127,0.018613571462239558,4.653101455725143,2.0
2.4912491249124913,-1.026632316799854,0.01670165468764535,4.640144726418463,2.0
2.4922492249224923,-1.114724464284048,0.014790337096627675,4.662744825623024,2.0
2.4932493249324934,-1.0135048632000059,0.012879637389923117,4.735005384346127,2.0
2.4942494249424945,-0.9639691719284238,0.01096957425466519,4.798512471826474,2.0
2.495249524952495,-0.9764739705325484,0.009060166364206205,4.702088340619802,2.0
2.496249624962496,-1.0529637176890132,0.007151432377933443,4.6933337187380735,2.0
2.497249724972497,-1.1426758947443905,0.00524339094109683,4.753908816191745,2.0
2.4982498249824983,-0.8234119965785685,0.0033360606846233563,4.858055016103973,2.0
2.4992499249924993,-0.9588820778720981,0.0014294602249424907,4.785997879522397,2.0
2.5002500250025004,-0.9487991725351028,-0.0004763918361946509,4.855414053661376,-2.0
2.5012501250125014,-0.9101278083285035,-0.002381476911892701,4.878575340322399,-2.0
2.502250225022502,-0.9415997019227479,-0.004285776430291899,4.925183276316665,-2.0
2.503250325032503,-0.9866988096319804,-0.0061892718347445015,4.825025728159819,-2.0
2.504250425042504,-1.0032038114118877,-0.008091944583993664,4.721304131229015,-2.0
2.5052505250525052,-0.9499021994536687,-0.009993776152349414,4.8497100587389275,-2.0
2.5062506250625063,-1.0323552510545024,-0.011894748029867603,4.916968670037876,-2.0
2.5072507250725073,-1.160965939233293,-0.013794841722525982,4.899274512018913,-2.0
2.5082508250825084,-0.9253034563215208,-0.015694038752403237,4.942696935520201,-2.0
2.5092509250925095,-0.9298755373975746,-0.017592320657852437,4.931577979793105,-2.0
2.51025102510251,-1.0778295993240716,-0.019489668993678547,5.047585684159171,-2.0
2.511251125112511,-0.8120621299599162,-0.021386065331318396,5.1233919407897,-2.0
2.512251225122512,-1.0957639760738471,-0.023281491259010186,5.04093070567968,-2.0
2.5132513251325133,-0.9980141383041051,-0.025175928381973016,5.21693206297903,-2.0
2.5142514251425143,-0.960461973652988,-0.02706935832258341,5.159313087465336,-2.0
2.5152515251525154,-0.9456733105520461,-0.028961762720547367,5.089593569935597,-2.0
2.5162516251625164,-1.0036228158234892,-0.030853123233077522,5.067479778754381,-2.0
2.517251725172517,-1.077816080612231,-0.03274342153506632,5.186465499867523,-2.0
2.518251825182518,-0.9856398063068594,-0.03463263931926425,5.010695983150623,-2.0
2.519251925192519,-1.0328511731165095,-0.036520758296449844,5.002793763033495,-2.0
2.5202520252025202,-0.8735125592269353,-0.03840776019560483,5.012075100200452,-2.0
2.5212521252125213,-1.1798992022154493,-0.0402936267640889,4.98329513748908,-2.0
2.5222522252225223,-0.6834335934421506,-0.04217833976781279,4.8967363065935645,-2.0
2.5232523252325234,-0.9873016933384462,-0.044061880991410896,4.850142613072881,-2.0
2.5242524252425245,-1.011095324335975,-0.04594423223841658,4.76059570328774,-2.0
2.525252525252525,-1.0875350720118198,-0.04782537533143053,4.6817107807555125,-2.0
2.526252625262526,-0.9769529555449754,-0.04970529211229974,4.631420987563896,-2.0
2.527252725272527,-0.8529152114422988,-0.05158396444228277,4.645973551469452,-2.0
2.5282528252825283,-0.9420693838973296,-0.053461374202225534,4.555632815953613,-2.0
2.5292529252925293,-0.9027226118653782,-0.05533750329273401,4.45657386676648,-2.0
2.5302530253025304,-0.9827906471524107,-0.05721233363434254,4.360823361027212,-2.0
2.5312531253125314,-0.8645725695402819,-0.05908584716768713,4.28895647030978,-2.0
2.532253225322532,-0.9137417524327931,-0.0609580258536748,4.458669082877614,-2.0
2.533253325332533,-0.9403585907106837,-0.06282885167365844,4.52463759517848,-2.0
2.534253425342534,-0.7838338120721455,-0.06469830662960036,4.389685725258097,-2.0
2.5352535253525352,-0.8225494027160496,-0.06656637274424869,4.323856008530403,-2.0
2.5362536253625363,-1.097500030822997,-0.06843303206130302,4.296115648540364,-2.0
2.5372537253725373,-1.0471801530421379,-0.0702982666455861,4.395784681469545,-2.0
2.5382538253825384,-1.0652853260835384,-0.07216205858321198,4.500526012419242,-2.0
2.5392539253925395,-1.0944225576236528,-0.0740243899817572,4.430984926533141,-2.0
2.54025402540254,-1.0046298693843465,-0.07588524297042526,4.467783035266258,-2.0
2.541254125412541,-1.096775243821887,-0.07774459970022142,4.3999387209520755,-2.0
2.542254225422542,-0.9458842585579564,-0.07960244234411396,4.477792142671372,-2.0
2.5432543254325433,-0.7038573485428913,-0.08145875309720632,4.365206814301404,-2.0
2.5442544254425443,-0.9998774833494182,-0.08331351417690304,4.589311821678792,-2.0
2.5452545254525454,-0.8940491619438574,-0.08516670782307922,4.729976624177399,-2.0
2.5462546254625464,-0.9571852503063949,-0.08701831629824441,4.470518241455317,-2.0
2.547254725472547,-1.01477645435048,-0.08886832188771025,4.421314261364957,-2.0
2.548254825482548,-0.902645588264987,-0.09071670689976014,4.369905929797743,-2.0
2.549254925492549,-0.8357709451703194,-0.09256345366581167,4.456727429815356,-2.0
2.5502550255025502,-0.5886385756073206,-0.09440854454058094,4.523834940524862,-2.0
2.5512551255125513,-0.9657177842616257,-0.09625196190225482,4.466428259018512,-2.0
2.5522552255225524,-0.92189266459542,-0.09809368815264784,4.47842661254074,-2.0
2.5532553255325534,-0.9767464834713402,-0.0999337057173745,4.551165915733019,-2.0
2.5542554255425545,-0.8780835200657746,-0.10177199704601077,4.65245677955346,-2.0
2.555255525552555,-0.861730527276803,-0.1036085446122541,4.668430186807946,-2.0
2.556255625562556,-0.965101747583633,-0.10544333091409917,4.7994879291472365,-2.0
2.557255725572557,-0.9437422014770642,-0.10727633847398678,4.7226968739956305,-2.0
2.5582558255825583,-0.9025791671386142,-0.10910754983897891,4.63891321891755,-2.0
2.5592559255925593,-0.748387555449998,-0.11093694758091756,4.70738016085649,-2.0
2.5602560256025604,-0.9114270944165186,-0.11276451429658445,4.603674743850553,-2.0
2.5612561256125614,-1.0316313791219387,-0.11459023260787073,4.617613564624065,-2.0
2.562256225622562,-0.9410736711085085,-0.11641408516192991,4.819131693568897,-2.0
2.563256325632563,-0.6938217938808812,-0.11823605463135213,4.836007771058873,-2.0
2.564256425642564,-0.8023478367648457,-0.12005612371431106,4.802591228686518,-2.0
2.5652565256525652,-0.8269494282132913,-0.12187427513473668,4.650383584436951,-2.0
2.5662566256625663,-0.6689057754695613,-0.12369049164247199,4.613182608692924,-2.0
2.5672567256725674,-0.8265957122455262,-0.12550475601343034,4.538137591430285,-2.0
2.5682568256825684,-0.7905101909721727,-0.12731705104976218,4.62732580180584,-2.0
2.5692569256925695,-0.8432889538826558,-0.12912735958001162,4.590266591629537,-2.0
2.57025702570257,-0.6900255328967938,-0.13093566445927202,4.5093482250444685,-2.0
2.571257125712571,-0.8738973265788286,-0.13274194856935664,4.3989483246103935,-2.0
2.572257225722572,-0.8519403379851511,-0.13454619481894306,4.45915828441302,-2.0
2.5732573257325733,-0.699377696594314,-0.13634838614374437,4.52064233826615,-2.0
2.5742574257425743,-0.7426684563306262,-0.13814850550665783,4.5729906391086885,-2.0
2.5752575257525754,-0.8183161689826762,-0.13994653589793044,4.538797148182819,-2.0
2.5762576257625764,-0.7255104572127021,-0.1417424603353132,4.474582927959576,-2.0
2.577257725772577,-0.8579716543679677,-0.14353626186421445,4.514333160743056,-2.0
2.578257825782578,-0.7674105488837166,-0.14532792355786792,4.470810155750955,-2.0
2.579257925792579,-0.6103345710479682,-0.1471174285174752,4.474390878825824,-2.0
2.5802580258025802,-0.8010318927085328,-0.1489047598723731,4.539796355753023,-2.0
2.5812581258125813,-0.6181341972765675,-0.15068990078018563,4.362855937695918,-2.0
2.5822582258225824,-0.6777350082310695,-0.15247283442697643,4.240775357879914,-2.0
2.5832583258325834,-0.6639848816943447,-0.15425354402741118,4.392919929046357,-2.0
2.5842584258425845,-0.7389775089530641,-0.1560320128249044,4.372431299908585,-2.0
2.585258525852585,-0.7247066231935018,-0.15780822409178102,4.43753631568786,-2.0
2.586258625862586,-0.7874461213722042,-0.15958216112942658,4.467192192646977,-2.0
2.587258725872587,-0.7804630400156585,-0.16135380726844215,4.416536787414988,-2.0
2.5882588258825883,-0.7398700814165771,-0.16312314586879864,4.387826306913803,-2.0
2.5892589258925893,-0.6697757280166436,-0.16489016031998627,4.465828634732245,-2.0
2.5902590259025904,-0.5688875237068005,-0.16665483404117298,4.516026615861978,-2.0
2.5912591259125914,-0.5934328724887452,-0.16841715048135428,4.425018472644899,-2.0
2.592259225922592,-0.6395389232394779,-0.17017709311950088,4.505886059970359,-2.0
2.593259325932593,-0.8291474386874307,-0.17193464546472187,4.598969053593942,-2.0
2.594259425942594,-0.7016505128368488,-0.17368979105640175,4.528647572911495,-2.0
2.5952595259525952,-0.6407259133248019,-0.17544251346436365,4.542890959350582,-2.0
2.5962596259625963,-0.8296500472216233,-0.17719279628901083,4.706598462012052,-2.0
2.5972597259725974,-0.5232155863849898,-0.17894062316148404,4.756049765897855,-2.0
2.5982598259825984,-0.8142646694194586,-0.18068597774380837,4.798228011971497,-2.0
2.5992599259925995,-0.559814227125339,-0.1824288437290399,4.891797196112106,-2.0
2.6002600260026,-0.6386687869810554,-0.18416920484142082,5.008924140630847,-2.0
2.601260126012601,-0.5182985697699127,-0.18590704483652418,5.075428612369222,-2.0
2.602260226022602,-0.710039689500277,-0.1876423475014035,5.065399699257294,-2.0
2.6032603260326033,-0.5271584497842269,-0.18937509665474175,4.952669710391422,-2.0
2.6042604260426043,-0.5942738760671623,-0.1911052761469949,4.955853401077805,-2.0
2.6052605260526054,-0.5661599402257943,-0.1928328698605466,4.8435905937154455,-2.0
2.6062606260626064,-0.7022244704643091,-0.1945578617098468,4.865703401359561,-2.0
2.607260726072607,-0.6155932388543862,-0.19628023564156546,4.732683118972951,-2.0
2.608260826082608,-0.4013501612679715,-0.19799997563473476,4.655383802571927,-2.0
2.609260926092609,-0.6738519505961771,-0.19971706570089587,4.628998607293134,-2.0
2.6102610261026102,-0.5225461025979882,-0.20143148988424545,4.4643397931286755,-2.0
2.6112611261126113,-0.4579724652329133,-0.20314323226177666,4.591101001481447,-2.0
2.6122612261226124,-0.5499787092864992,-0.20485227694342975,4.591911097687518,-2.0
2.6132613261326134,-0.3323832596877504,-0.2065586080722336,4.446458737474387,-2.0
2.6142614261426145,-0.29516469872247764,-0.2082622098244463,4.354263399391329,-2.0
2.615261526152615,-0.5929506728622189,-0.2099630664097049,4.293899969554996,-2.0
2.616261626162616,-0.5191866044226985,-0.21166116207116448,4.123023885136142,-2.0
2.617261726172617,-0.5924691374273483,-0.21335648108564273,4.198878907617722,-2.0
2.6182618261826183,-0.3320117002622285,-0.21504900776375868,3.9788288522086144,-2.0
2.6192619261926193,-0.4481482161317202,-0.2167387264500802,3.9585080052732717,-2.0
2.6202620262026204,-0.5465537262648452,-0.21842562152326278,4.172510139867252,-2.0
2.6212621262126214,-0.607367003001539,-0.22010967739618784,4.158225772438317,-2.0
2.622262226222622,-0.3029870808537003,-0.22179087851610926,4.181335259478536,-2.0
2.623262326232623,-0.444799138899203,-0.22346920936478976,4.037540028463049,-2.0
2.624262426242624,-0.3107044883400612,-0.22514465445864218,4.040947206988032,-2.0
2.6252625262526252,-0.5214052887843681,-0.22681719834886951,3.9832692056414234,-2.0
2.6262626262626263,-0.4781105922231174,-0.2284868256216008,4.009150552896687,-2.0
2.6272627262726274,-0.4335575515579765,-0.23015352089803623,3.851807572148434,-2.0
2.6282628262826284,-0.33978354313856846,-0.23181726883457793,3.9998132756197062,-2.0
2.6292629262926295,-0.11765335889798556,-0.23347805412297476,4.074732922243013,-2.0
2.63026302630263,-0.1425540312911789,-0.23513586149045587,4.061593361750453,-2.0
2.631263126312631,-0.3018575097765525,-0.236790675699869,4.146989110039789,-2.0
2.632263226322632,-0.37431326007283844,-0.23844248154981793,4.007808371685117,-2.0
2.6332633263326333,-0.31313756973902157,-0.2400912638747954,4.178954762950924,-2.0
2.6342634263426343,-0.4314232849987598,-0.2417370075453242,4.163586630819578,-2.0
2.6352635263526354,-0.37294686056612775,-0.24337969746809046,4.04197383790015,-2.0
2.6362636263626364,-0.1103023608666841,-0.24501931858607534,4.10523966141337,-2.0
2.637263726372637,-0.12435596619592118,-0.24665585587869582,4.306887855271541,-2.0
2.638263826382638,-0.2924287001359604,-0.24828929436193503,4.224658534150964,-2.0
2.639263926392639,-0.11822765832917664,-0.24991961908847696,4.223916514269165,-2.0
2.6402640264026402,-0.15119398590027883,-0.2515468151478409,4.333798223499135,-2.0
2.6412641264126413,-0.2614499534922784,-0.253170867666511,4.44309599868344,-2.0
2.6422642264226424,-0.1803235554139383,-0.2547917618080749,4.310686884045246,-2.0
2.6432643264326434,-0.26017036743887484,-0.2564094827733489,4.289634764975719,-2.0
2.6442644264426445,-0.1557855276442976,-0.2580240158005159,4.429131769964182,-2.0
2.645264526452645,-0.271168352001781,-0.25963534616525347,4.501775265535967,-2.0
2.646264626462646,-0.3550409368041115,-0.2612434591808652,4.40236781128874,-2.0
2.647264726472647,-0.21931376708491546,-0.26284834019841224,4.297975930194821,-2.0
2.6482648264826483,-0.21485438131608744,-0.26444997460684005,4.2586300549990685,-2.0
2.6492649264926493,-0.12797066891018755,-0.266048347833113,4.280986344586732,-2.0
2.6502650265026504,-0.2780728286236558,-0.26764344534234114,4.278095324075291,-2.0
2.6512651265126514,-0.3573401684201124,-0.2692352526379064,4.228050179122902,-2.0
2.652265226522652,-0.012553483052053463,-0.27082375526159597,3.994720535624076,-2.0
2.653265326532653,-0.27252345136722633,-0.27240893879372674,3.8715657923887834,-2.0
2.654265426542654,-0.17999316764384105,-0.27399078885327505,4.040075158273061,-2.0
2.6552655265526552,-0.2943973700618215,-0.27556929109799927,4.277024665302551,-2.0
2.6562656265626563,0.021818488573462247,-0.27714443122457255,4.2595517005730485,-2.0
2.6572657265726574,-0.20111183887652928,-0.27871619496870603,4.076862556413009,-2.0
2.6582658265826584,0.026369692314139728,-0.2802845681052717,4.037694080917994,-2.0
2.6592659265926595,-0.033245106476656926,-0.2818495364484336,4.083560047147137,-2.0
2.66026602660266,-0.10652846306756267,-0.2834110858517684,4.0060472337222,-2.0
2.661266126612661,-0.05758744829002635,-0.28496920220839134,3.866928154742247,-2.0
2.662266226622662,0.01743184740302057,-0.28652387145108077,3.9759732512430257,-2.0
2.6632663266326633,-0.04223355664758773,-0.2880750795523982,4.03127283487865,-2.0
2.6642664266426643,-0.11363796559091302,-0.2896228125248176,4.029361248368354,-2.0
2.6652665266526654,-0.1331125984811929,-0.29116705642084095,4.060593692708406,-2.0
2.6662666266626665,0.21337904786636488,-0.2927077973331268,3.9990398220333248,-2.0
2.667266726672667,0.01527521080484432,-0.2942450213946082,4.2187713201275185,-2.0
2.668266826682668,-0.04193855876692984,-0.29577871477861517,4.222709185528881,-2.0
2.669266926692669,0.038706336835186275,-0.2973088636989961,4.251052243057638,-2.0
2.6702670267026702,0.13724349908668407,-0.29883545441023524,4.227041557409691,-2.0
2.6712671267126713,-0.011116100787868614,-0.300358473207577,4.025471031573673,-2.0
2.6722672267226724,0.07173763472876879,-0.301877906427144,3.900333525997705,-2.0
2.6732673267326734,-0.16135106146691347,-0.3033937404460522,3.9260912236789127,-2.0
2.6742674267426745,-0.059664733553783,-0.3049059616825369,4.044761799725392,-2.0
2.675267526752675,0.05017669395982485,-0.3064145565960621,4.034459839433964,-2.0
2.676267626762676,0.027360514207171047,-0.30791951168744885,4.057826721581762,-2.0
2.677267726772677,0.014191311354153816,-0.3094208134989807,4.008547177146916,-2.0
2.6782678267826783,0.17735018521208962,-0.3109184486145296,3.9326209541071027,-2.0
2.6792679267926793,0.16070017126539088,-0.3124124036596689,3.8051618683719797,-2.0
2.6802680268026804,0.4115852977426461,-0.3139026653017867,3.8083069571325234,-2.0
2.6812681268126815,0.12830772192209597,-0.3153892202502061,3.751103470357146,-2.0
2.682268226822682,0.16174008486188388,-0.31687205525629714,4.021049642138017,-2.0
2.683268326832683,0.06452520220344592,-0.31835115711359185,4.041250043337889,-2.0
2.684268426842684,0.180079607691417,-0.31982651265789913,4.050765388214459,-2.0
2.6852685268526852,0.1952077778688382,-0.32129810876741494,4.073743235309816,-2.0
2.6862686268626863,0.23436047482627176,-0.3227659323628414,4.02725521367052,-2.0
2.6872687268726874,0.1354135122507411,-0.3242299704074923,4.154034723230116,-2.0
2.6882688268826884,0.35510256998055756,-0.3256902099074117,4.1139443320569,-2.0
2.6892689268926895,0.10573826183038662,-0.32714663791148246,4.105055890273859,-2.0
2.69026902690269,0.38257518382853684,-0.3285992415115346,4.048767839715438,-2.0
2.691269126912691,0.26387978719525645,-0.33004800784246513,3.8605132024492046,-2.0
2.692269226922692,0.2677991915328382,-0.3314929240823362,3.7002888334273147,-2.0
2.6932693269326933,0.1673852134711667,-0.33293397745249476,3.696223308888002,-2.0
2.6942694269426943,0.2991155394793992,-0.33437115521767796,3.6202939377734213,-2.0
2.6952695269526954,0.1810356552579821,-0.3358044446861197,3.6504094249171857,-2.0
2.6962696269626965,0.3216855022011597,-0.33723383320966527,3.6428301393784275,-2.0
2.697269726972697,0.22914743261076756,-0.3386593081838707,3.5689679373271503,-2.0
2.698269826982698,0.18383177068786366,-0.34008085704812135,3.471984066990725,-2.0
2.699269926992699,0.5259114431028152,-0.34149846728572636,3.471721948879395,-2.0
2.7002700270027002,0.1668209546878141,-0.34291212642403457,3.4496712688703997,-2.0
2.7012701270127013,0.44959965620226705,-0.3443218220345375,3.5155429926239607,-2.0
2.7022702270227024,0.1814581464021118,-0.34572754173297165,3.528983558100262,-2.0
2.7032703270327034,0.22040160342597281,-0.3471292731794292,3.4304375570686085,-2.0
2.7042704270427045,0.2919340163636278,-0.3485270040784596,3.432883102080213,-2.0
2.705270527052705,0.4104704269577826,-0.3499207221791706,3.395380379240875,-2.0
2.706270627062706,0.3856701918376073,-0.3513104152753405,3.4413573731131097,-2.0
2.707270727072707,0.4184294952795397,-0.3526960712055105,3.5027994083847456,-2.0
2.7082708270827083,0.4628959108794101,-0.3540776778530963,3.252009019430533,-2.0
2.7092709270927093,0.47603613558913405,-0.3554552231464834,3.1379722690478005,-2.0
2.7102710271027104,0.2403686795689277,-0.35682869505913434,3.1038347941588946,-2.0
2.7112711271127115,0.3148943481145724,-0.358198081609687,3.0406946635959304,-2.0
2.712271227122712,0.3794622753549171,-0.3595633708620529,3.091423688528773,-2.0
2.713271327132713,0.5807130791236379,-0.3609245509255254,3.1130926684575155,-2.0
2.714271427142714,0.42156932546340253,-0.36228160995486847,3.1142714554252,-2.0
2.7152715271527152,0.4018494972919396,-0.36363453615042485,3.075641324144397,-2.0
2.7162716271627163,0.5119686803375422,-0.3649833177582111,3.066192649925495,-2.0
2.7172717271727174,0.5927230673187094,-0.36632794307001393,3.0987601685572743,-2.0
2.7182718271827184,0.6552076044921458,-0.36766840042349336,3.025059042682765,-2.0
2.7192719271927195,0.491692427249673,-0.36900467820227306,3.107459422367059,-2.0
2.72027202720272,0.4400553944445543,-0.37033676483604366,3.303016640332289,-2.0
2.721272127212721,0.5374813695057189,-0.37166464880065464,3.2275548906400227,-2.0
2.722272227222722,0.6677576492397144,-0.3729883186182118,3.2251780284106895,-2.0
2.7232723272327233,0.3523339889646989,-0.3743077628571727,3.18460038672886,-2.0
2.7242724272427243,0.1314534167812078,-0.3756229701324387,3.1679701472174506,-2.0
2.7252725272527254,0.41633974545514774,-0.3769339291054536,3.2466121495401503,-2.0
2.7262726272627265,0.593951823870411,-0.37824062848429496,3.2975252949449643,-2.0
2.727272727272727,0.41913225339020993,-0.3795430570237647,3.4084824411145327,-2.0
2.728272827282728,0.5637585337714963,-0.3808412035254899,3.1521604174688465,-2.0
2.729272927292729,0.6369384565551467,-0.3821350568380043,3.1661234626428594,-2.0
2.7302730273027302,0.6499654003657055,-0.3834246058568498,3.2077569887044812,-2.0
2.7312731273127313,0.620148509973175,-0.3847098395246599,3.2280566011186558,-2.0
2.7322732273227324,0.6886405658130528,-0.38599074683125656,3.3198202266580936,-2.0
2.7332733273327334,0.4763441203704809,-0.3872673168137379,3.305027204360604,-2.0
2.7342734273427345,0.4134533518222801,-0.38853953855656553,3.282869739018662,-2.0
2.735273527352735,0.5282598054908796,-0.38980740119165824,3.170671146732607,-2.0
2.736273627362736,0.44769072346966904,-0.3910708938984782,3.2465525680019143,-2.0
2.737273727372737,0.5805765249919679,-0.39233000590411926,3.092111973471821,-2.0
2.7382738273827383,0.6298533113793316,-0.393584726483396,3.174580851437735,-2.0
2.7392739273927393,0.6274369337348232,-0.3948350449589275,3.042860589009279,-2.0
2.7402740274027404,0.7044892881641265,-0.3960809507012295,3.174983567616505,-2.0
2.7412741274127415,0.777660885733585,-0.39732243312879445,3.128440888048143,-2.0
2.742274227422742,0.706214219866328,-0.3985594817081819,3.086892211767757,-2.0
2.743274327432743,0.5077198758314583,-0.3997920859541038,3.020723303611178,-2.0
2.744274427442744,0.5976905538246062,-0.4010202354295036,2.9626577901946938,-2.0
2.7452745274527453,0.5465048750715171,-0.4022439197456471,3.0798604934219997,-2.0
2.7462746274627463,0.7184119989576584,-0.40346312856220073,3.0455536708329802,-2.0
2.7472747274727474,0.6565227081296088,-0.40467785158731895,3.178812339700125,-2.0
2.7482748274827484,0.7180609078684693,-0.4058880785777248,3.2190245966925133,-2.0
2.7492749274927495,0.8292414535952801,-0.4070937993387903,3.129924179192609,-2.0
2.75027502750275,0.7135956161946342,-0.4082950037246218,3.048137609724919,-2.0
2.751275127512751,0.6416077357561888,-0.40949168163813826,3.154623175669329,-2.0
2.752275227522752,0.6014797844817343,-0.4106838230311525,3.0438956434617004,-2.0
2.7532753275327533,0.8358331436741255,-0.4118714179044525,3.1778019086494624,-2.0
2.7542754275427543,0.7796708059675072,-0.41305445630787696,3.1010805470151457,-2.0
2.7552755275527554,0.8719272716052207,-0.4142329283404003,3.1286645924044025,-2.0
2.7562756275627565,0.6548927509801545,-0.41540682415020475,3.0230330546402797,-2.0
2.757275727572757,0.9562790179741416,-0.4165761339347637,2.9487845727476065,-2.0
2.758275827582758,0.6286499489957919,-0.41774084794091604,2.865400109514175,-2.0
2.759275927592759,0.8617754122503793,-0.4189009564649437,2.8710860307479487,-2.0
2.7602760276027603,0.800121738465207,-0.42005644985264906,2.8613027742172914,-2.0
2.7612761276127613,0.7037384677773751,-0.4212073184994278,2.857948770020602,-2.0
2.7622762276227624,0.7359711602808496,-0.4223535528503484,2.7388188920797614,-2.0
2.7632763276327634,0.8049245212931766,-0.42349514340022504,2.7202279653321373,-2.0
2.7642764276427645,0.956352550812151,-0.4246320806936896,2.6945208391371325,-2.0
2.765276527652765,0.8932933851611229,-0.42576435532526963,2.533885607107014,-2.0
2.766276627662766,0.8720848483862687,-0.4268919579394593,2.547181890345315,-2.0
2.7672767276727672,0.7999218466535543,-0.4280148792307924,2.4883927399785204,-2.0
2.7682768276827683,0.7137777148257287,-0.4291331099439131,2.5819086738901476,-2.0
2.7692769276927693,0.7886116100781254,-0.4302466408736511,2.632855228584274,-2.0
2.7702770277027704,0.8480068130988043,-0.43135546286509036,2.7997578321761534,-2.0
2.7712771277127715,0.8509494071712036,-0.4324595668136384,2.8690947772371866,-2.0
2.772277227722772,0.8545762466898407,-0.4335589436651,2.8772631663621913,-2.0
2.773277327732773,0.7370468353432843,-0.4346535844157443,2.6899284314502667,-2.0
2.774277427742774,0.8334131028650879,-0.4357434801123743,2.5028957048476106,-2.0
2.7752775277527753,1.0448987025188607,-0.4368286218523963,2.7379878538046896,-2.0
2.7762776277627763,0.7624235463474056,-0.43790900078388495,2.673630521929181,-2.0
2.7772777277727774,0.8307645559415384,-0.4389846081056556,2.7337946698833466,-2.0
2.7782778277827784,0.8886613501097641,-0.4400554350673257,2.652623654567197,-2.0
2.7792779277927795,0.996042342308319,-0.441121472969386,2.4118996266106025,-2.0
2.78027802780278,1.0232623915327397,-0.4421827131632635,2.4901277621232385,-2.0
2.781278127812781,0.9110666590242658,-0.4432391470513879,2.5597971293219928,-2.0
2.7822782278227822,1.0876649953539188,-0.44429076608725676,2.496315445957296,-2.0
2.7832783278327833,0.9185613597139191,-0.44533756177549694,2.4809177121603896,-2.0
2.7842784278427843,0.9241271431993093,-0.4463795256719327,2.4201842651456054,-2.0
2.7852785278527854,0.9522400741056373,-0.4474166493836467,2.4970320917462114,-2.0
2.7862786278627865,1.079875765253581,-0.4484489245690406,2.37632291375929,-2.0
2.787278727872787,0.8034885352198239,-0.44947634293790173,2.5159033907444637,-2.0
2.788278827882788,0.8953942282591859,-0.45049889625146095,2.635236345827155,-2.0
2.789278927892789,0.8514349682013193,-0.45151657632245606,2.5649551894306364,-2.0
2.7902790279027903,1.040164331676043,-0.45252937501518953,2.510345520582681,-2.0
2.7912791279127913,0.998745770287002,-0.4535372842455917,2.4728050274589,-2.0
2.7922792279227924,0.8302384215452918,-0.45454029598127915,2.452651914113699,-2.0
2.7932793279327934,1.039766624111068,-0.45553840224161163,2.5405480169599604,-2.0
2.7942794279427945,1.0011256967514164,-0.45653159509775326,2.472829602117756,-2.0
2.795279527952795,1.045225531880436,-0.4575198666727293,2.578680205010631,-2.0
2.796279627962796,0.8514627497372381,-0.4585032091414831,2.547115239710105,-2.0
2.7972797279727972,0.9112034999107644,-0.45948161473093374,2.4331189959214026,-2.0
2.7982798279827983,0.8268247834047461,-0.4604550757200301,2.528103938328547,-2.0
2.7992799279927993,0.9423424139719487,-0.4614235844398102,2.516994759346993,-2.0
2.8002800280028004,1.2517868812727073,-0.46238713327345227,2.6567558972272445,-2.0
2.8012801280128015,0.7489857147229579,-0.4633457146563333,2.68335840434712,-2.0
2.802280228022802,0.9484291821144368,-0.46429932107608024,2.681862128601641,-2.0
2.803280328032803,0.8120175777478533,-0.46524794507262474,2.5898286271869817,-2.0
2.804280428042804,0.8653733003205653,-0.4661915792382569,2.5948886145383123,-2.0
2.8052805280528053,0.8905723301656949,-0.4671302162176746,2.6773706828446158,-2.0
2.8062806280628063,0.910586561725039,-0.46806384870803963,2.8207472957791784,-2.0
2.8072807280728074,0.9887767397066625,-0.4689924694590271,2.9227174588173574,-2.0
2.8082808280828084,1.2038476606843913,-0.46991607127287444,2.7907674819065162,-2.0
2.8092809280928095,1.0131499770793297,-0.4708346470044359,2.907673368462867,-2.0
2.81028102810281,0.9756786663905839,-0.4717481895612269,2.911788099838752,-2.0
2.811281128112811,0.9652603757455133,-0.4726566919034806,2.867765368756228,-2.0
2.8122812281228122,0.9575015694375477,-0.47356014704418825,2.7154151731082563,-2.0
2.8132813281328133,1.1322913072270575,-0.4744585480491534,2.636952217267362,-2.0
2.8142814281428143,1.0753152477171999,-0.4753518880370376,2.7483987505294225,-2.0
2.8152815281528154,1.09983524386611,-0.47624016017940546,2.9401613661177475,-2.0
2.8162816281628165,1.0383886213890192,-0.4771233577007751,2.9624366650048444,-2.0
2.817281728172817,0.9375164747185862,-0.4780014738786608,3.0018186445799393,-2.0
2.818281828182818,1.0331327164694537,-0.47887450204362014,3.1082520293954876,-2.0
2.819281928192819,1.0169787746666066,-0.4797424355792987,3.154875404307023,-2.0
2.8202820282028203,1.060353348598449,-0.48060526792247255,3.117333426701869,-2.0
2.8212821282128213,0.8919157294813267,-0.48146299256309544,3.016394506011861,-2.0
2.8222822282228224,1.1979753955781773,-0.48231560304433835,3.149918302716925,-2.0
2.8232823282328234,0.9015706396348776,-0.4831630929626354,3.0994759410037696,-2.0
2.8242824282428245,1.239155954501639,-0.4840054559677245,3.122293326198938,-2.0
2.825282528252825,1.0140714372241328,-0.4848426857626871,2.9472116412384883,-2.0
2.826282628262826,1.033947998325265,-0.4856747761039949,2.9978647643689524,-2.0
2.8272827282728272,0.8696180761323369,-0.48650172080154275,2.952452349466832,-2.0
2.8282828282828283,0.9279010830190568,-0.48732351371869514,2.7228147226682906,-2.0
2.8292829282928293,1.2113778711990943,-0.4881401487723224,2.6302456971378545,-2.0
2.8302830283028304,1.0647376857436643,-0.48895161993283925,2.6473489778200046,-2.0
2.8312831283128315,0.9539275555030513,-0.48975792122424566,2.4889814343757295,-2.0
2.832283228322832,0.954547877730407,-0.4905590467241608,2.3085241743670397,-2.0
2.833283328332833,0.8047469429129324,-0.4913549905638657,2.211436033966337,-2.0
2.834283428342834,1.0324696540198832,-0.49214574692833485,2.1976243434484917,-2.0
2.8352835283528353,0.9330160564480745,-0.4929313100562737,2.1694089492048896,-2.0
2.8362836283628363,1.1371736323979595,-0.49371167424015705,2.0429676123546487,-2.0
2.8372837283728374,0.9006700299199067,-0.49448683382625913,1.960087393979042,-2.0
2.8382838283828384,1.0509545011854549,-0.4952567832146933,1.9813707558281164,-2.0
2.8392839283928395,0.9079748615995655,-0.49602151685944285,2.0157161136862727,-2.0
2.84028402840284,0.9844883123860291,-0.4967810292683939,1.9442292832223154,-2.0
2.841284128412841,0.955098580802155,-0.4975353150033722,2.1287537437710564,-2.0
2.8422842284228422,1.062631677557467,-0.49828436868017,2.0533610971136493,-2.0
2.8432843284328433,1.0785064372458395,-0.4990281849685824,2.2081662842303027,-2.0
2.8442844284428443,0.9680137362966499,-0.4997667585924364,2.3618013064776173,-2.0
2.8452845284528454,0.9140417132816075,-0.500500084329621,2.296861893131938,-2.0
2.8462846284628465,0.9815570755956987,-0.50122815701212,2.2658869210132164,-2.0
2.847284728472847,0.9293812348911216,-0.5019509715260372,2.1925219472916577,-2.0
2.848284828482848,0.9692174041515654,-0.5026685228116319,2.1293606524343343,-2.0
2.849284928492849,1.044898759780094,-0.5033808058633399,2.0869900757108026,-2.0
2.8502850285028503,0.9497807229755185,-0.504087815729807,2.1165378031004414,-2.0
2.8512851285128513,1.033858613189521,-0.5047895475139146,2.25571089213935,-2.0
2.8522852285228524,1.1593534694245529,-0.505485996372805,2.2634247404532895,-2.0
2.8532853285328534,1.0037935739152544,-0.5061771575179106,2.083526378936835,-2.0
2.8542854285428545,1.0148615027409555,-0.5068630262149778,2.21092936410697,-2.0
2.855285528552855,1.222728814445255,-0.5075435977840912,2.1620403492389157,-2.0
2.856285628562856,1.1155709090833053,-0.508218867599702,2.0659962398696443,-2.0
2.8572857285728572,1.0700332224978284,-0.5088888310906474,2.095751129044826,-2.0
2.8582858285828583,0.8127658104761826,-0.5095534837401781,2.07249527677178,-2.0
2.8592859285928593,0.8779999459761489,-0.510212821085978,2.0155916818813857,-2.0
2.8602860286028604,0.9093356897122068,-0.5108668387201896,1.9567233629607728,-2.0
2.8612861286128615,0.9910150446517189,-0.5115155322894345,1.961396834415174,-2.0
2.862286228622862,0.9771441954596857,-0.5121588974948331,2.0553110601177234,-2.0
2.863286328632863,0.9449616907795761,-0.51279693009203,2.108856103614493,-2.0
2.864286428642864,0.9404739906050134,-0.5134296258912087,2.1389864814259183,-2.0
2.8652865286528653,0.9896047047753929,-0.5140569807571155,2.0714367768721296,-2.0
2.8662866286628663,0.9453998420541667,-0.5146789906090768,2.3347967858324665,-2.0
2.8672867286728674,1.1223272797335153,-0.5152956514210174,2.2860117501971042,-2.0
2.8682868286828684,1.0209084945955254,-0.5159069592214803,2.2755970036788167,-2.0
2.8692869286928695,0.9009997775267504,-0.516512910093642,2.319825765206921,-2.0
2.87028702870287,0.831342504323568,-0.5171135001753312,2.2979545429569863,-2.0
2.871287128712871,0.9051269666410582,-0.5177087256590447,2.5014559129241163,-2.0
2.8722872287228722,1.0200812772543695,-0.5182985827919626,2.6886165143091443,-2.0
2.8732873287328733,0.9481019350099765,-0.5188830678759652,2.6183209220244277,-2.0
2.8742874287428744,0.9181248072858263,-0.5194621772676451,2.6233267585282856,-2.0
2.8752875287528754,0.8075757436945694,-0.5200359073783242,2.640435943630901,-2.0
2.8762876287628765,1.3077620236793854,-0.5206042546740668,2.6395248627617733,-2.0
2.877287728772877,1.0575585208871616,-0.5211672156756899,2.6432287034966184,-2.0
2.878287828782878,0.9441931699597037,-0.5217247869587811,2.5983005561662065,-2.0
2.879287928792879,0.8943474984506868,-0.5222769651537048,2.3758422174726923,-2.0
2.8802880288028803,0.8165356207162637,-0.5228237469456184,2.4365552044143275,-2.0
2.8812881288128813,1.0588412606982367,-0.5233651290744797,2.5851463719881034,-2.0
2.8822882288228824,1.0670721823420608,-0.52390110833506,2.642134867141961,-2.0
2.8832883288328834,0.9230749056669065,-0.524431681576953,2.6737488788778716,-2.0
2.8842884288428845,0.9285802783979334,-0.5249568457045823,2.5746461395091003,-2.0
2.885288528852885,0.8770125119513307,-0.5254765976772134,2.621806226473005,-2.0
2.886288628862886,0.9765539267574501,-0.5259909345089596,2.759473685884743,-2.0
2.8872887288728872,0.9497976017118586,-0.5264998532687905,2.7589747106260325,-2.0
2.8882888288828883,0.9165270272975929,-0.5270033510805386,2.808755349318626,-2.0
2.8892889288928894,0.8475353398041029,-0.5275014251229061,2.7181329983877074,-2.0
2.8902890289028904,0.9000245410757932,-0.5279940726294716,2.677405341238517,-2.0
2.8912891289128915,0.7761482314154836,-0.5284812908886939,2.651383277244536,-2.0
2.892289228922892,0.8914321025184894,-0.5289630772439189,2.53094339015524,-2.0
2.893289328932893,0.9246471885377097,-0.5294394290933826,2.523781411653001,-2.0
2.894289428942894,0.7860257131788622,-0.5299103438902155,2.612227661789836,-2.0
2.8952895289528953,0.9189688616649693,-0.5303758191424461,2.4875556127662453,-2.0
2.8962896289628963,0.7545848734103007,-0.5308358524130021,2.416425443861459,-2.0
2.8972897289728974,0.9730916038430165,-0.531290441319715,2.3370227908049874,-2.0
2.8982898289828984,0.944039180692402,-0.5317395835353201,2.3604605696964076,-2.0
2.8992899289928995,0.9188899244206769,-0.5321832767874577,2.5742131484528765,-2.0
2.9002900290029,0.6834522982869051,-0.5326215188586746,2.656963520254538,-2.0
2.901290129012901,0.7565015111207316,-0.5330543075864227,2.565927820390152,-2.0
2.9022902290229022,0.6819532368669068,-0.5334816408630604,2.5487099443481482,-2.0
2.9032903290329033,0.6863041624891878,-0.5339035166358489,2.41995675059269,-2.0
2.9042904290429044,0.691225005843069,-0.5343199329069533,2.3494126817658914,-2.0
2.9052905290529054,0.86005666300771,-0.5347308877334392,2.5294341231773667,-2.0
2.9062906290629065,0.7709660289787761,-0.535136379227269,2.6649371828186865,-2.0
2.907290729072907,0.8536246605278883,-0.5355364055553004,2.6064459232725694,-2.0
2.908290829082908,0.7934979981895159,-0.5359309649392817,2.5585785419574956,-2.0
2.909290929092909,0.827594110065026,-0.5363200556558477,2.4646375590618774,-2.0
2.9102910291029103,0.652760311864892,-0.5367036760365151,2.5572022562987105,-2.0
2.9112911291129113,0.7233215772849539,-0.5370818244676759,2.6025605274373484,-2.0
2.9122912291229124,0.700094975029961,-0.5374544993905932,2.6929563675295927,-2.0
2.9132913291329134,0.8145280960540437,-0.5378216993013928,2.616412463225598,-2.0
2.9142914291429145,0.8686831008760524,-0.5381834227510579,2.575327054240688,-2.0
2.915291529152915,0.6786558896678822,-0.5385396683454208,2.625679967557428,-2.0
2.916291629162916,0.6404525845131085,-0.5388904347451544,2.691690410373584,-2.0
2.9172917291729172,0.8437302175302088,-0.5392357206657641,2.655158376123291,-2.0
2.9182918291829183,0.5576636264265682,-0.539575524877578,2.574038190253125,-2.0
2.9192919291929194,0.790308677643331,-0.5399098462057379,2.6333171396083674,-2.0
2.9202920292029204,0.47634346907853187,-0.540238683530189,2.5713114991605046,-2.0
2.9212921292129215,0.8089488657166914,-0.5405620357856679,2.5996524379473613,-2.0
2.922292229222922,0.5956797261117054,-0.5408799019616924,2.5460217231041127,-2.0
2.923292329232923,0.7026452281890677,-0.5411922811025496,2.557614909010594,-2.0
2.924292429242924,0.6112020048427087,-0.5414991723072832,2.4646716411376417,-2.0
2.9252925292529253,0.6836189089542889,-0.5418005747296797,2.315615232097255,-2.0
2.9262926292629263,0.5970751109277442,-0.5420964875782563,2.2666484971834024,-2.0
2.9272927292729274,0.7333522980957284,-0.5423869101162466,2.187021071346526,-2.0
2.9282928292829284,0.7567073937650611,-0.5426718416615844,2.216193771717736,-2.0
2.9292929292929295,0.4748790783211341,-0.5429512815868912,2.1504371155977604,-2.0
2.93029302930293,0.5940043098340884,-0.543225229319458,2.2476220333822208,-2.0
2.931293129312931,0.5286707249362752,-0.5434936843412311,2.3519546569028726,-2.0
2.9322932293229322,0.5592533506042592,-0.5437566461887944,2.3812858791101834,-2.0
2.9332933293329333,0.5901183942865944,-0.5440141144533517,2.3163250148637573,-2.0
2.9342934293429344,0.6268339411256945,-0.5442660887807103,2.431032710346043,-2.0
2.9352935293529354,0.5353548865459403,-0.5445125688712611,2.4360580152132143,-2.0
2.9362936293629365,0.5372056836815805,-0.5447535544799611,2.2874499384453,-2.0
2.937293729372937,0.5336423719998937,-0.5449890454163131,2.29288270190361,-2.0
2.938293829382938,0.4274162009014358,-0.5452190415443463,2.3504199183021024,-2.0
2.939293929392939,0.47670198649309126,-0.5454435427825957,2.4968651511938815,-2.0
2.9402940294029403,0.55185980811814,-0.5456625491040803,2.4828740356824923,-2.0
2.9412941294129413,0.4833335960795576,-0.5458760605362829,2.4196567654750134,-2.0
2.9422942294229424,0.4779593163246454,-0.5460840771611277,2.45918760153564,-2.0
2.9432943294329434,0.38103306525460956,-0.5462865991149567,2.4425785299841376,-2.0
2.9442944294429445,0.42171572488097614,-0.5464836265885079,2.400765312409905,-2.0
2.945294529452945,0.5876537479487637,-0.5466751598268907,2.4487653780368306,-2.0
2.946294629462946,0.4597752015918921,-0.5468611991295627,2.5285199830434615,-2.0
2.9472947294729472,0.46468571230205513,-0.5470417448503039,2.5846981245652723,-2.0
2.9482948294829483,0.6928136191827091,-0.5472167973971921,2.67211491414941,-2.0
2.9492949294929494,0.4474959013586396,-0.5473863572325771,2.689244418277977,-2.0
2.9502950295029504,0.42157404606485455,-0.5475504248730542,2.800562427846864,-2.0
2.9512951295129515,0.47803288764436436,-0.5477090008894377,2.752237264070592,-2.0
2.952295229522952,0.7012489004433662,-0.5478620859067332,2.693946552739096,-2.0
2.953295329532953,0.4240571105799379,-0.5480096806041101,2.8456145436252744,-2.0
2.954295429542954,0.26832060769757343,-0.5481517857148729,2.7520398327308873,-2.0
2.9552955295529553,0.2632777387279793,-0.5482884020264324,2.70962228377658,-2.0
2.9562956295629563,0.4672160279652965,-0.5484195303802758,2.715916696576192,-2.0
2.9572957295729574,0.34495467206910563,-0.5485451716719384,2.905653255196854,-2.0
2.9582958295829584,0.43834622738625495,-0.5486653268509705,3.099409969890157,-2.0
2.9592959295929595,0.37634324247755896,-0.5487799969209087,3.0630056539759343,-2.0
2.96029602960296,0.40065207324282465,-0.5488891829392429,3.1812197196190777,-2.0
2.961296129612961,0.4686990285199377,-0.5489928860173854,3.244677946248892,-2.0
2.9622962296229622,0.29584265502265994,-0.5490911073206368,3.051669140177579,-2.0
2.9632963296329633,0.39657476404425773,-0.5491838480681548,2.956049082019195,-2.0
2.9642964296429644,0.42139688572337347,-0.5492711095329191,2.9212812889187774,-2.0
2.9652965296529654,0.27153402822065603,-0.5493528930416973,2.8610294337098385,-2.0
2.9662966296629665,0.3135514093472846,-0.5494291999750115,2.8468302776630896,-2.0
2.967296729672967,0.4220838320395161,-0.5495000317671018,2.8604624035626656,-2.0
2.968296829682968,0.3615857613032912,-0.5495653899058912,2.738728264510552,-2.0
2.969296929692969,0.25741600950995086,-0.5496252759329495,2.619784182912399,-2.0
2.9702970297029703,0.3167641817858252,-0.5496796914434557,2.785603709140833,-2.0
2.9712971297129713,0.07104310098843053,-0.5497286380861625,2.796206097414064,-2.0
2.9722972297229724,0.12321908706810114,-0.5497721175633562,2.7520969724211337,-2.0
2.9732973297329734,0.26274753126299333,-0.5498101316308206,2.8476938440073614,-2.0
2.9742974297429745,0.3035624426090694,-0.5498426820977967,2.855773293248492,-2.0
2.975297529752975,0.27732422441643956,-0.5498697708269443,2.947947245281979,-2.0
2.976297629762976,0.2758231658310255,-0.5498913997343017,3.1429285501154,-2.0
2.9772977297729772,0.029236613569148806,-0.5499075707892455,3.11468093386729,-2.0
2.9782978297829783,0.17653192635584164,-0.5499182860144496,3.1951774213673914,-2.0
2.9792979297929794,0.22992878387422,-0.549923547485844,2.9943148722343023,-2.0
2.9802980298029804,0.04087391957188405,-0.5499233573325735,2.938995039945436,-2.0
2.9812981298129815,0.2933509080022481,-0.5499177177369536,2.7970473603766717,-2.0
2.982298229822982,0.268544383995672,-0.5499066309344297,2.808121175659312,-2.0
2.983298329832983,0.27826064833510294,-0.5498900992135326,2.8614307659430787,-2.0
2.984298429842984,-0.07926205331792299,-0.549868124915834,2.9541543523350806,-2.0
2.9852985298529853,0.1137605652003725,-0.5498407104359038,2.942326528716305,-2.0
2.9862986298629863,0.15714247120465566,-0.5498078582212634,3.066455603060316,-2.0
2.9872987298729874,0.2338230268271808,-0.5497695707723416,3.1060275884521094,-2.0
2.9882988298829884,0.1583361328860495,-0.5497258506424277,3.206658032186824,-2.0
2.9892989298929895,0.006033064196921331,-0.5496767004376256,3.2370121596275006,-2.0
2.99029902990299,0.051842115047833245,-0.5496221228168068,3.2203243761765727,-2.0
2.991299129912991,-0.03710041291270641,-0.5495621204915627,3.164374367880164,-2.0
2.9922992299229922,0.09132314100058399,-0.549496696226157,3.160620609797129,-2.0
2.9932993299329933,0.08991820064797412,-0.5494258528374769,3.1238015941846973,-2.0
2.9942994299429944,0.018807038007264534,-0.5493495931949842,3.0606829526498327,-2.0
2.9952995299529954,-0.08197086742788805,-0.5492679202206662,3.141264702787037,-2.0
2.9962996299629965,0.08685444315392259,-0.5491808368889851,3.315100586417085,-2.0
2.997299729972997,-0.24595656127744567,-0.5490883462268282,3.2805378060670223,-2.0
2.998299829982998,0.10219556878933453,-0.5489904513134566,3.349510464303119,-2.0
2.999299929992999,-0.021165583983302875,-0.5488871552804534,3.443277667997402,-2.0
3.0003000300030003,-0.009899705927579428,-0.5487784613116726,3.4391083002600142,-2.0
3.0013001300130013,-0.011157575511112018,-0.5486643726431858,3.3118138392320455,-2.0
3.0023002300230024,0.05800903353336039,-0.5485448925632298,3.35302808274095,-2.0
3.0033003300330035,0.11184131935027913,-0.5484200244121527,3.313417914596471,-2.0
3.0043004300430045,-0.0681646427694066,-0.5482897715823607,3.2794993013243814,-2.0
3.005300530053005,-0.07099551878543636,-0.5481541375182626,3.302263921534789,-2.0
3.006300630063006,-0.021311874325651285,-0.5480131257162156,3.351547767945824,-2.0
3.0073007300730072,-0.09636692885565575,-0.54786673972447,3.388621536431743,-2.0
3.0083008300830083,-0.12335550226807973,-0.5477149831431126,3.4189242955405628,-2.0
3.0093009300930094,-0.07047016924691465,-0.5475578596240109,3.3961945744842987,-2.0
3.0103010301030104,0.03394021320995966,-0.547395372870756,3.2619326611030726,-2.0
3.0113011301130115,-0.14724873734074012,-0.5472275266386051,3.247209081125746,-2.0
3.012301230123012,-0.03913318157206755,-0.5470543247344238,3.301190087748003,-2.0
3.013301330133013,0.030231984769341996,-0.5468757710166275,3.3380537819088683,-2.0
3.014301430143014,-0.213492779912711,-0.5466918693951228,3.2865698372182948,-2.0
3.0153015301530153,-0.1634810175089451,-0.546502623831248,3.2909205907662824,-2.0
3.0163016301630163,-0.22933452338363738,-0.5463080383377137,3.4096873447303007,-2.0
3.0173017301730174,-0.17779213569746977,-0.5461081169785417,3.4738260397592082,-2.0
3.0183018301830185,-0.17482510991324637,-0.5459028638690044,3.673805004066242,-2.0
3.0193019301930195,-0.44483682452628315,-0.5456922831755646,3.6568124625251452,-2.0
3.02030203020302,-0.24578495849833062,-0.5454763791158123,3.591201288853439,-2.0
3.021302130213021,-0.24376727221484312,-0.5452551559584029,3.7334465790698914,-2.0
3.0223022302230222,-0.22040724707209092,-0.545028618022995,3.6977383736193206,-2.0
3.0233023302330233,-0.2405037587429667,-0.5447967696801864,3.594286993570235,-2.0
3.0243024302430244,-0.4457074506311926,-0.5445596153514515,3.703770621331601,-2.0
3.0253025302530254,-0.18691310552496548,-0.5443171595090758,3.744906377911383,-2.0
3.0263026302630265,-0.352158982466597,-0.5440694066760923,3.7872785869513024,-2.0
3.027302730273027,-0.21769646968275247,-0.5438163614262157,3.790729973088827,-2.0
3.028302830283028,-0.2718028368408618,-0.5435580283837776,3.6812570784002725,-2.0
3.029302930293029,-0.3497030118061823,-0.5432944122236595,3.6617776725089044,-2.0
3.0303030303030303,-0.21381019400046064,-0.5430255176712265,3.5750856900299226,-2.0
3.0313031303130313,-0.3059970815656712,-0.5427513495022613,3.560355919481825,-2.0
3.0323032303230324,-0.3545453565959483,-0.5424719125428953,3.4483438143536436,-2.0
3.0333033303330335,-0.25457485267515934,-0.542187211669541,3.335367348683662,-2.0
3.0343034303430345,-0.30149158954846567,-0.5418972518088245,3.304464678464269,-2.0
3.035303530353035,-0.2647283785362244,-0.5416020379375156,3.3894595294622536,-2.0
3.036303630363036,-0.2847212051649284,-0.541301575082458,3.3987521777798415,-2.0
3.0373037303730372,-0.3566619823223668,-0.5409958683205014,3.442772546717524,-2.0
3.0383038303830383,-0.3105761449237717,-0.5406849227784291,3.526795823109019,-2.0
3.0393039303930394,-0.3169052361130267,-0.5403687436328883,3.6267679272995084,-2.0
3.0403040304030404,-0.2115726751467397,-0.5400473361103189,3.568435119166423,-2.0
3.0413041304130415,-0.3571851939798259,-0.539720705486881,3.670732975615389,-2.0
3.042304230423042,-0.38592908238121637,-0.5393888570883841,3.6135039686833132,-2.0
3.043304330433043,-0.40439156307075597,-0.5390517962902126,3.5917638893510238,-2.0
3.044304430443044,-0.39866920672749395,-0.5387095285172546,3.454156020211995,-2.0
3.0453045304530453,-0.3800555861403829,-0.538362059243827,3.381315056071759,-2.0
3.0463046304630463,-0.36093420923929387,-0.5380093939936021,3.268955705724805,-2.0
3.0473047304730474,-0.4483987848113162,-0.5376515383395329,3.4162643898723104,-2.0
3.0483048304830485,-0.2273030416111098,-0.5372884979037789,3.397699179627751,-2.0
3.0493049304930495,-0.41274685890959206,-0.5369202783576288,3.442729395032729,-2.0
3.05030503050305,-0.46363307701920414,-0.5365468854214268,3.4484697947159577,-2.0
3.051305130513051,-0.4905923658517642,-0.5361683248644955,3.459538895026386,-2.0
3.0523052305230522,-0.39516697349730934,-0.5357846025050581,3.3524371921763247,-2.0
3.0533053305330533,-0.3833654897845364,-0.5353957242101635,3.2594681858894,-2.0
3.0543054305430544,-0.5792906419270203,-0.5350016958956061,3.361373126676162,-2.0
3.0553055305530554,-0.4663943572217438,-0.5346025235258491,3.140323718903008,-2.0
3.0563056305630565,-0.46720323215855636,-0.534198213113946,3.2469398870042214,-2.0
3.057305730573057,-0.36857948951746045,-0.5337887707214612,3.236619703405401,-2.0
3.058305830583058,-0.49483928775004116,-0.5333742024583902,3.22901192836706,-2.0
3.059305930593059,-0.4072239438368755,-0.5329545144830803,3.3326594213615763,-2.0
3.0603060306030603,-0.509004453211905,-0.5325297130021498,3.384013879012804,-2.0
3.0613061306130613,-0.5614139246159269,-0.5320998042704079,3.341340623678212,-2.0
3.0623062306230624,-0.4079846807562494,-0.5316647945907722,3.344260180281618,-2.0
3.0633063306330635,-0.5785867734161086,-0.5312246903141884,3.267017409286207,-2.0
3.0643064306430645,-0.5068487471900989,-0.530779497839547,3.229240628928882,-2.0
3.065306530653065,-0.6407646780357228,-0.5303292236136014,3.264879123801832,-2.0
3.066306630663066,-0.5614937230954203,-0.5298738741308844,3.296180741851332,-2.0
3.0673067306730672,-0.5543998748102412,-0.5294134559336252,3.1783704434714863,-2.0
3.0683068306830683,-0.5154144703551571,-0.5289479756116654,3.173317720388629,-2.0
3.0693069306930694,-0.6061786137025218,-0.5284774398023746,3.2284608812196973,-2.0
3.0703070307030704,-0.6378261818497674,-0.5280018551905648,3.163272437412866,-2.0
3.0713071307130715,-0.5253393821265857,-0.5275212285084071,3.3215971649626255,-2.0
3.072307230723072,-0.6287102227277087,-0.5270355665353441,3.401254694241004,-2.0
3.073307330733073,-0.8197010519400046,-0.5265448760980047,3.47568990184223,-2.0
3.074307430743074,-0.5500858697020752,-0.5260491640701174,3.4357741158916335,-2.0
3.0753075307530753,-0.5999645284748547,-0.5255484373724238,3.359653006457409,-2.0
3.0763076307630763,-0.9113511546689732,-0.5250427029725906,3.4907305691742248,-2.0
3.0773077307730774,-0.5169006336602587,-0.5245319678851218,3.580896680202498,-2.0
3.0783078307830785,-0.7410377138133641,-0.5240162391712712,3.6043186122759843,-2.0
3.0793079307930795,-0.6682567910594853,-0.5234955239389528,3.4207322328822762,-2.0
3.08030803080308,-0.7068840273507278,-0.5229698293426522,3.4664823390774036,-2.0
3.081308130813081,-0.5823637412725582,-0.5224391625833368,3.458618874698437,-2.0
3.0823082308230823,-0.7217493142411695,-0.5219035309083662,3.4207256264041748,-2.0
3.0833083308330833,-0.7330260595951654,-0.521362941611402,3.4370625505119357,-2.0
3.0843084308430844,-0.6870570008702218,-0.5208174020323157,3.2131276346766207,-2.0
3.0853085308530854,-0.7842489793918005,-0.5202669195570999,3.2789010109525885,-2.0
3.0863086308630865,-0.6156159671885455,-0.5197115016177739,3.1771337678938716,-2.0
3.0873087308730875,-0.8065295196954437,-0.5191511556922932,3.2524614086889323,-2.0
3.088308830883088,-0.685869948477963,-0.5185858893044577,3.1564150147768895,-2.0
3.0893089308930892,-0.639471444670569,-0.5180157100238162,3.2651065470182035,-2.0
3.0903090309030903,-0.6397592062508803,-0.5174406254655765,3.2209419861156547,-2.0
3.0913091309130913,-0.8160936284930004,-0.5168606432905087,3.032750595653811,-2.0
3.0923092309230924,-0.8397655252451931,-0.5162757712048529,2.9131993207800044,-2.0
3.0933093309330935,-0.7903906175548091,-0.5156860169602241,2.7740994437564757,-2.0
3.0943094309430945,-0.7592830538693978,-0.5150913883535164,2.683918589273114,-2.0
3.095309530953095,-0.8809825224562803,-0.5144918932268103,2.715210639357147,-2.0
3.096309630963096,-0.5812934116681747,-0.5138875394672723,2.6819762339564606,-2.0
3.0973097309730973,-0.8879266005790685,-0.5132783350070639,2.67377347116687,-2.0
3.0983098309830983,-0.6661179467470663,-0.5126642878232411,2.67116654456927,-2.0
3.0993099309930994,-0.8811437799704588,-0.512045405937659,2.6148094791292866,-2.0
3.1003100310031004,-0.8222498964520008,-0.5114216974168752,2.6509168125153213,-2.0
3.1013101310131015,-0.9262205142563075,-0.5107931703720496,2.4812726854792846,-2.0
3.1023102310231025,-0.9897665697338126,-0.5101598329588485,2.223397387516898,-2.0
3.103310331033103,-0.9515309570322226,-0.5095216933773454,2.193700120567248,-2.0
3.1043104310431042,-0.9341788858443001,-0.50887875987192,2.5486683163568506,-2.0
3.1053105310531053,-0.6194814047167285,-0.5082310407311624,2.4894935910313167,-2.0
3.1063106310631063,-0.749634822530831,-0.5075785442877699,2.578212924033879,-2.0
3.1073107310731074,-0.8401930199961474,-0.5069212789184492,2.4650977106946534,-2.0
3.1083108310831085,-0.7401906736251828,-0.506259253043814,2.264458792285954,-2.0
3.1093109310931095,-0.963977472697154,-0.5055924751282849,2.210936985287921,-2.0
3.11031103110311,-0.7724944314213741,-0.5049209536799889,2.4166664768894406,-2.0
3.111311131113111,-0.797162147746284,-0.5042446972506545,2.4464744924113413,-2.0
3.1123112311231123,-0.9320543948723183,-0.5035637144355137,2.425758166068465,-2.0
3.1133113311331133,-0.6065919842760716,-0.5028780138731963,2.44156962458551,-2.0
3.1143114311431144,-1.0417430119951518,-0.5021876042456277,2.415323700925099,-2.0
3.1153115311531154,-1.0046754682455754,-0.501492494277927,2.2428292698621886,-2.0
3.1163116311631165,-0.9632126007863855,-0.5007926927383005,2.312810486806797,-2.0
3.1173117311731176,-1.0725497951407248,-0.5000882084379408,2.4201714828554355,-2.0
3.118311831183118,-0.923298760015121,-0.49937905023091933,2.4794863502765736,-2.0
3.1193119311931192,-0.9598353753244743,-0.4986652270140834,2.515513549011458,-2.0
3.1203120312031203,-1.0002269133375516,-0.4979467477269501,2.593724328731201,-2.0
3.1213121312131213,-0.7452740324663627,-0.4972236213516004,2.6420202437019946,-2.0
3.1223122312231224,-0.997067664050879,-0.496495856912575,2.5793501146132907,-2.0
3.1233123312331235,-0.8290283628234043,-0.495763463476765,2.556011122145373,-2.0
3.1243124312431245,-0.903995323319768,-0.49502645015330693,2.6090148427656423,-2.0
3.125312531253125,-0.8031229205689445,-0.4942848260934766,2.5740944552595972,-2.0
3.126312631263126,-1.0487356809643562,-0.4935386004905774,2.6122272984195094,-2.0
3.1273127312731273,-0.899239336637008,-0.49278778257983813,2.7176784454553573,-2.0
3.1283128312831283,-0.7967988349186355,-0.4920323816382997,2.540936981338222,-2.0
3.1293129312931294,-1.0706007881230242,-0.49127240698471025,2.5659600514088416,-2.0
3.1303130313031304,-0.6400132409160982,-0.49050786797941315,2.543324023905946,-2.0
3.1313131313131315,-1.099030898657808,-0.48973877402423877,2.634465054524305,-2.0
3.1323132313231326,-0.925128029075518,-0.48896513456239626,2.776130705035196,-2.0
3.133313331333133,-0.8763950091757517,-0.48818695907836107,2.7925332834082353,-2.0
3.1343134313431342,-0.7756273179118323,-0.48740425709776497,2.8243963693794267,-2.0
3.1353135313531353,-0.972918911159225,-0.4866170381872861,2.8292962026463524,-2.0
3.1363136313631363,-0.8354141852749256,-0.48582531195453715,2.803633586161803,-2.0
3.1373137313731374,-1.001333738681217,-0.4850290880479545,2.6711328921095845,-2.0
3.1383138313831385,-1.0023399534306756,-0.4842283761566847,2.9586641838899452,-2.0
3.1393139313931395,-0.9574775220770548,-0.48342318601047385,2.938721206292905,-2.0
3.14031403140314,-1.0363489261241523,-0.4826135273795541,2.9062988836252153,-2.0
3.141314131413141,-1.038549990349306,-0.48179941007453053,2.7851446998661515,-2.0
3.1423142314231423,-0.9225497485138143,-0.480980843946268,2.6760071202859494,-2.0
3.1433143314331433,-1.0394186919413329,-0.4801578388857773,2.507423496935695,-2.0
3.1443144314431444,-0.8430400842646316,-0.47933040482410244,2.591873610826553,-2.0
3.1453145314531454,-0.789144067326223,-0.47849855173220374,2.566946619734864,-2.0
3.1463146314631465,-0.8659917934870895,-0.47766228962084434,2.5242664158884196,-2.0
3.1473147314731476,-1.0853859393111533,-0.47682162854047616,2.5327195080569993,-2.0
3.148314831483148,-1.0248863023774448,-0.47597657858112247,2.488920566174155,-2.0
3.1493149314931492,-0.8440947283750809,-0.47512714987226307,2.5451386698031566,-2.0
3.1503150315031503,-0.9642954538830218,-0.47427335258271763,2.3756467231142633,-2.0
3.1513151315131513,-1.1000578246668506,-0.47341519692053086,2.381600509282365,-2.0
3.1523152315231524,-0.9433751714493958,-0.4725526931328532,2.3773861143536705,-2.0
3.1533153315331535,-1.0411513160693149,-0.47168585150582476,2.3626226677582522,-2.0
3.1543154315431545,-0.935820301881499,-0.4708146823644591,2.3197786430125986,-2.0
3.155315531553155,-0.9117499013896231,-0.4699391960725228,2.2353268344447272,-2.0
3.156315631563156,-0.9798399115900667,-0.46905940303241883,2.1850116893318954,-2.0
3.1573157315731573,-0.8233960546420683,-0.46817531368506815,2.226929862716978,-2.0
3.1583158315831583,-1.1064160141152537,-0.46728693850978975,2.2195460210899296,-2.0
3.1593159315931594,-0.9653285552113854,-0.46639428802418337,2.191026859059487,-2.0
3.1603160316031604,-0.8945959410980615,-0.46549737278400727,2.2769545382423737,-2.0
3.1613161316131615,-0.986330881706814,-0.4645962033830613,2.3423296848328437,-2.0
3.1623162316231626,-0.8608737092304121,-0.46369079045306394,2.382570332784812,-2.0
3.163316331633163,-0.9784226671564368,-0.4627811446635337,2.360187359033167,-2.0
3.1643164316431642,-1.0426076057050218,-0.46186727672166755,2.4748665937928394,-2.0
3.1653165316531653,-1.048851299759661,-0.4609491973722192,2.413489340941849,-2.0
3.1663166316631663,-0.9609600270074414,-0.4600269173973798,2.4064886117424336,-2.0
3.1673167316731674,-1.0717334928511113,-0.4591004476166532,2.4047078922145366,-2.0
3.1683168316831685,-1.0081715376287081,-0.45816979888673504,2.397538044628458,-2.0
3.1693169316931695,-0.8927761392471948,-0.4572349821013918,2.4326950591295713,-2.0
3.17031703170317,-1.0273802685631541,-0.4562960081913355,2.5709580633832103,-2.0
3.171317131713171,-1.1591254008532372,-0.4553528881241018,2.5428496856323153,-2.0
3.1723172317231723,-0.9544784382029006,-0.45440563290392694,2.466261159672369,-2.0
3.1733173317331733,-1.0463697562982037,-0.4534542535716228,2.5524811279270168,-2.0
3.1743174317431744,-1.0510277332624482,-0.45249876120445504,2.444160309755685,-2.0
3.1753175317531754,-1.102547201981933,-0.451539166916016,2.3441373605167937,-2.0
3.1763176317631765,-0.9306448617598271,-0.4505754818561028,2.1446841500224916,-2.0
3.1773177317731776,-0.9444421787299616,-0.4496077172105897,2.177949995822924,-2.0
3.178317831783178,-1.048355780250386,-0.44863588420130435,2.061295088641765,-2.0
3.1793179317931792,-0.8396882975021192,-0.4476599940859027,2.2247652190876446,-2.0
3.1803180318031803,-0.9895254772347205,-0.44668005815774103,2.0323760427353714,-2.0
3.1813181318131813,-1.0307317901261235,-0.445696087745753,2.090329627135289,-2.0
3.1823182318231824,-0.9476042207641998,-0.44470809421431967,2.0412776932472134,-2.0
3.1833183318331835,-0.7315768206854336,-0.4437160889631443,1.9712767240515807,-2.0
3.1843184318431845,-1.137601314698573,-0.44272008342712693,2.057032163664596,-2.0
3.185318531853185,-0.9944222779713171,-0.44172008907623345,1.9972573646612,-2.0
3.186318631863186,-0.8804316362679794,-0.44071611741537053,2.0370075607839726,-2.0
3.1873187318731873,-1.075921235187148,-0.4397081799842563,2.0207309731757124,-2.0
3.1883188318831883,-0.8902931599948998,-0.43869628835729424,1.8664334734344707,-2.0
3.1893189318931894,-0.9450462097846888,-0.4376804541434412,1.8405950025234497,-2.0
3.1903190319031904,-0.9613792278633742,-0.43666068898608074,1.944391185894012,-2.0
3.1913191319131915,-1.0086816200838393,-0.43563700456289484,2.054165723082765,-2.0
3.1923192319231926,-0.9967614962739185,-0.4346094125857319,2.132093520542975,-2.0
3.193319331933193,-0.8012872017877926,-0.4335779248004787,1.9996162529374963,-2.0
3.1943194319431942,-1.1254314011604976,-0.43254255298692995,2.0286760463053795,-2.0
3.1953195319531953,-1.0282418733518892,-0.4315033089586579,2.157143339756879,-2.0
3.1963196319631964,-0.9470139650040174,-0.43046020456288303,2.246992871908929,-2.0
3.1973197319731974,-1.0094804319680737,-0.4294132516803403,2.2418655676263373,-2.0
3.1983198319831985,-0.9876606846119096,-0.42836246222515173,2.2288032243029448,-2.0
3.1993199319931995,-0.9422134757840296,-0.4273078481446916,1.9807803898864564,-2.0
3.2003200320032,-0.9143567417640018,-0.4262494214194569,1.8090388559021626,-2.0
3.201320132013201,-0.9139236378341162,-0.4251871940629341,1.9179562097000535,-2.0
3.2023202320232023,-0.8655967398573432,-0.4241211781214675,1.7630752502023943,-2.0
3.2033203320332033,-0.9635318446972603,-0.42305138567412814,1.8334102967439279,-2.0
3.2043204320432044,-1.0122416814251072,-0.4219778288325779,1.8588188124120504,-2.0
3.2053205320532054,-0.9345344157845941,-0.4209005197409381,1.7479055481807244,-2.0
3.2063206320632065,-1.0028329394209616,-0.4198194705756577,1.764258024000461,-2.0
3.2073207320732076,-0.7686868505698208,-0.41873469354537635,1.8593415236353483,-2.0
3.208320832083208,-0.9258008470383345,-0.41764620089079485,1.878142436045685,-2.0
3.2093209320932092,-1.0106409581382316,-0.4165540048845347,2.030446817715074,-2.0
3.2103210321032103,-0.9621795740750295,-0.41545811783101133,2.0403383326608613,-2.0
3.2113211321132114,-0.8764913634707854,-0.41435855206629396,2.122260740697417,-2.0
3.2123212321232124,-0.8927658120481907,-0.41325531995797166,2.0454696368820655,-2.0
3.2133213321332135,-1.0588732147701965,-0.4121484339050213,2.0647148148627887,-2.0
3.2143214321432145,-0.9585887588266885,-0.4110379063376676,2.154817899399168,-2.0
3.215321532153215,-0.8910625959814628,-0.40992374971725065,2.233523563411793,-2.0
3.216321632163216,-0.8093678300616134,-0.40880597653608863,2.170080154120644,-2.0
3.2173217321732173,-0.9618133596149174,-0.40768459931734125,2.0493606027917832,-2.0
3.2183218321832183,-0.7846295720121068,-0.40655963061487604,2.2079472895225414,-2.0
3.2193219321932194,-0.9847815433100092,-0.40543108301312736,2.263556735800344,-2.0
3.2203220322032204,-0.9125774406792049,-0.4042989691269638,2.0992395077623534,-2.0
3.2213221322132215,-0.8617965272772157,-0.4031633016015473,1.9879014786901839,-2.0
3.2223222322232226,-0.9749927686586188,-0.40202409311219756,1.8503393342315997,-2.0
3.223322332233223,-0.8111048044387488,-0.4008813563642562,1.7578096088180346,-2.0
3.2243224322432242,-0.7704273962316337,-0.39973510409294294,1.7854109085608414,-2.0
3.2253225322532253,-0.9005210967819722,-0.39858534906322557,1.8511817686787653,-2.0
3.2263226322632264,-0.8958268530928158,-0.39743210406967444,1.824407739727666,-2.0
3.2273227322732274,-0.9764527988466829,-0.39627538193632744,1.7963413119591902,-2.0
3.2283228322832285,-0.8667719830806575,-0.3951151955165516,1.9375094135462296,-2.0
3.2293229322932295,-0.848965908254465,-0.3939515576929007,2.005901293661777,-2.0
3.23032303230323,-0.8343216478761158,-0.39278448137698097,2.1376994976117234,-2.0
3.231323132313231,-0.758430626573138,-0.3916139795093044,2.2014980855571586,-2.0
3.2323232323232323,-0.6588512242494259,-0.3904400650591573,2.0365859963460053,-2.0
3.2333233323332333,-0.8132459921257068,-0.3892627510244537,2.0248148434467974,-2.0
3.2343234323432344,-0.8343779677364733,-0.3880820504315974,2.0276417162590294,-2.0
3.2353235323532354,-0.8135845661645453,-0.3868979763353436,2.064954675963856,-2.0
3.2363236323632365,-0.8336463872658191,-0.3857105418186542,2.1881507967373754,-2.0
3.2373237323732376,-0.8566932785551612,-0.384519759992559,2.127527127158418,-2.0
3.238323832383238,-0.6783115764571537,-0.38332564399601676,2.0895067786734405,-2.0
3.2393239323932392,-0.7312582303960962,-0.38212820699576683,2.1535613894290413,-2.0
3.2403240324032403,-0.8405038058989615,-0.3809274621861972,2.1592248696571925,-2.0
3.2413241324132414,-0.6976662630385388,-0.379723422789194,1.9457212437207714,-2.0
3.2423242324232424,-0.6823550388176809,-0.37851610205400604,1.827640617908946,-2.0
3.2433243324332435,-0.7994103763795668,-0.3773055132570975,1.746129902692496,-2.0
3.2443244324432445,-0.7958248083699302,-0.37609166970200797,1.6825589078117291,-2.0
3.245324532453245,-0.7820653187602884,-0.37487458471921176,1.8677475129535477,-2.0
3.246324632463246,-0.6890834611478615,-0.37365427166596854,1.9521773125521307,-2.0
3.2473247324732473,-0.710958662312037,-0.3724307439261888,1.8512395952634269,-2.0
3.2483248324832483,-0.6692851161102145,-0.37120401491028376,1.8122424067324792,-2.0
3.2493249324932494,-0.7160689539150747,-0.3699740980550244,1.7700168057016947,-2.0
3.2503250325032504,-0.6048203001906575,-0.36874100682339944,1.6638967440171144,-2.0
3.2513251325132515,-0.695199104099979,-0.3675047547044676,1.73866388654751,-2.0
3.2523252325232526,-0.6597470579577793,-0.3662653552132176,1.7155122502065252,-2.0
3.253325332533253,-0.7173387380529718,-0.36502282189042123,1.6565171606685238,-2.0
3.2543254325432542,-0.7074830830998162,-0.363777168302487,1.6462290381674674,-2.0
3.2553255325532553,-0.6918607931879249,-0.36252840804132247,1.6065472394766562,-2.0
3.2563256325632564,-0.8177166753886922,-0.361276554724181,1.6907119753393904,-2.0
3.2573257325732574,-0.7390365793849215,-0.36002162199352356,1.766656061775047,-2.0
3.2583258325832585,-0.6806880258956709,-0.3587636235168682,1.7619851891947516,-2.0
3.2593259325932595,-0.7044633925708589,-0.3575025729866471,1.796644188444207,-2.0
3.26032603260326,-0.5770588329814405,-0.3562384841200629,1.7778325385773401,-2.0
3.261326132613261,-0.6225879116689899,-0.3549713706589364,1.8408855287629973,-2.0
3.2623262326232623,-0.5818456948354478,-0.3537012463695689,1.735870257201678,-2.0
3.2633263326332633,-0.6178217497496417,-0.3524281250425895,1.8760279975661718,-2.0
3.2643264326432644,-0.6263680447995749,-0.3511520204928111,1.7436082086892286,-2.0
3.2653265326532654,-0.6277710822955637,-0.34987294655908524,1.8059703241678933,-2.0
3.2663266326632665,-0.5330598921233431,-0.34859091710415185,1.632741089722017,-2.0
3.2673267326732676,-0.6800515675716958,-0.34730594601449666,1.7013554492106353,-2.0
3.268326832683268,-0.5500308466776767,-0.3460180472001998,1.6522646897311244,-2.0
3.2693269326932692,-0.5385365368593611,-0.3447272345947911,1.6105849879055842,-2.0
3.2703270327032703,-0.5083490939122559,-0.3434335221551023,1.711875544294168,-2.0
3.2713271327132714,-0.38313654540984804,-0.3421369238611181,1.5969236963055486,-2.0
3.2723272327232724,-0.5606863825817588,-0.34083745371583174,1.6012069265725515,-2.0
3.2733273327332735,-0.5051545274238375,-0.33953512574509254,1.7355689486589108,-2.0
3.2743274327432745,-0.32085135464076436,-0.33822995399746003,1.7757542319758604,-2.0
3.275327532753275,-0.35095084208576977,-0.3369219525440583,1.7134228898047663,-2.0
3.276327632763276,-0.641005993187735,-0.33561113547841975,1.712939464646098,-2.0
3.2773277327732773,-0.5294393548000035,-0.3342975169163466,1.8964042447632168,-2.0
3.2783278327832783,-0.6570173406722597,-0.33298111099575345,1.8447126808934033,-2.0
3.2793279327932794,-0.5153932075210027,-0.3316619318765246,1.9072557842214461,-2.0
3.2803280328032804,-0.7683925575516872,-0.3303399937403604,1.7977506616670955,-2.0
3.2813281328132815,-0.41264289980107305,-0.32901531079062957,1.8384041007043697,-2.0
3.2823282328232826,-0.5219576602699059,-0.32768789725222225,1.939513520361719,-2.0
3.283328332833283,-0.33782262923561457,-0.3263577673713962,1.8965675704332576,-2.0
3.2843284328432842,-0.4928880451672741,-0.3250249354156296,2.019892158335181,-2.0
3.2853285328532853,-0.5545546839348166,-0.32368941567347087,2.1833680576663714,-2.0
3.2863286328632864,-0.5388889658095295,-0.3223512224543877,2.1984114513352524,-2.0
3.2873287328732874,-0.44279974968093466,-0.32101037008861966,2.0627622487222457,-2.0
3.2883288328832885,-0.46567257628188885,-0.3196668729270232,1.921455140056569,-2.0
3.2893289328932895,-0.28096656217922156,-0.3183207453409266,2.073040616879021,-2.0
3.29032903290329,-0.3132940367108491,-0.3169720017219746,2.2203741069152754,-2.0
3.291329132913291,-0.3857234864398872,-0.3156206564819801,2.173386778311662,-2.0
3.2923292329232923,-0.4039463442678711,-0.31426672405277334,2.2076515093443088,-2.0
3.2933293329332933,-0.35594415263111645,-0.3129102188860492,2.4031834752536323,-2.0
3.2943294329432944,-0.4514597580378017,-0.3115511554532198,2.3955278077356708,-2.0
3.2953295329532954,-0.28099063741895636,-0.3101895482452582,2.3909016880710454,-2.0
3.2963296329632965,-0.40326322403144704,-0.3088254117725497,2.52642112439993,-2.0
3.2973297329732976,-0.2589874080370959,-0.307458760564742,2.341353986089748,-2.0
3.298329832983298,-0.28607325681783685,-0.3060896091705894,2.2266804936035425,-2.0
3.2993299329932992,-0.3389498999955014,-0.30471797215780394,2.3332401077737606,-2.0
3.3003300330033003,-0.49500606013911586,-0.30334386411290165,2.434829165351652,-2.0
3.3013301330133014,-0.3263299582885142,-0.30196729964105384,2.4236764987283506,-2.0
3.3023302330233024,-0.2764597936418959,-0.3005882933659306,2.6132760997314746,-2.0
3.3033303330333035,-0.38898139643340446,-0.2992068599295499,2.7308959901402226,-2.0
3.3043304330433045,-0.22823896263675203,-0.2978230139921281,2.976421264033613,-2.0
3.305330533053305,-0.44349744550796744,-0.2964367702319231,3.096237514790215,-2.0
3.306330633063306,-0.3375716879890799,-0.29504814334508367,3.2796146607488943,-2.0
3.3073307330733073,-0.3679068806685632,-0.293657148045497,3.3388241806365624,-2.0
3.3083308330833083,-0.3147010452991997,-0.29226379906463423,3.3153617306034775,-2.0
3.3093309330933094,-0.32572785841378255,-0.2908681111514011,3.290304104655708,-2.0
3.3103310331033104,-0.1160395269509557,-0.2894700990719792,3.3486442780231087,-2.0
3.3113311331133115,-0.1777224016454814,-0.2880697776096785,3.3349209764778913,-2.0
3.3123312331233126,-0.31655603884325845,-0.28666716156477934,3.0489936319643873,-2.0
3.313331333133313,-0.18215760410883125,-0.2852622657543817,3.1391415395776017,-2.0
3.3143314331433142,-0.18825735499858884,-0.2838551050122504,3.108377197917175,-2.0
3.3153315331533153,-0.2558832938333973,-0.2824456941886619,3.1707305768605383,-2.0
3.3163316331633164,-0.07932777808530687,-0.2810340481502522,3.2951170060128163,-2.0
3.3173317331733174,-0.19131095195929315,-0.27962018177985914,3.177644854487744,-2.0
3.3183318331833185,-0.11729482156453028,-0.278204109976371,3.1846481668651574,-2.0
3.3193319331933195,-0.283886582544407,-0.27678584765457387,3.2554426160502823,-2.0
3.32033203320332,-0.009425344462631532,-0.2753654097449937,3.1756878059516778,-2.0
3.321332133213321,-0.05646038345170351,-0.27394281119374453,3.1094257172962494,-2.0
3.3223322332233223,-0.23757593619307948,-0.2725180669623731,3.3207328644703917,-2.0
3.3233323332333233,-0.07017568791802839,-0.2710911920277071,3.2323016452400375,-2.0
3.3243324332433244,-0.00046270329809658395,-0.2696622013816963,3.1597631712025485,-2.0
3.3253325332533255,0.13332864570056308,-0.26823111003125993,3.1995819702196737,-2.0
3.3263326332633265,-0.1185994980157341,-0.26679793299813503,3.2274921529209175,-2.0
3.3273327332733276,-0.06724323593141365,-0.2653626853187158,3.2485301671305415,-2.0
3.328332833283328,0.04696514915503429,-0.2639253820439029,3.2749134905335255,-2.0
3.3293329332933292,0.08267081702078748,-0.26248603823894745,3.197115271720704,-2.0
3.3303330333033303,-0.016668079441384518,-0.26104466898329487,3.1924913234044276,-2.0
3.3313331333133314,0.010268361822370193,-0.25960128937043325,3.383075318247678,-2.0
3.3323332333233324,-0.016705593544488105,-0.2581559145077327,3.3553225593979086,-2.0
3.3333333333333335,0.053088565131032675,-0.2567085595162959,3.2473557346788504,-2.0
3.3343334333433345,0.057514791080520045,-0.2552592395307981,3.21813939958858,-2.0
3.335333533353335,-0.0334449577247181,-0.25380796969933406,3.3905210155934924,-2.0
3.336333633363336,0.12564752480503055,-0.25235476518326205,3.313443245645173,-2.0
3.3373337333733373,0.08510650070731052,-0.2508996411570477,3.412514503593987,-2.0
3.3383338333833383,0.1642452816329963,-0.2494426128081114,3.536864692147601,-2.0
3.3393339333933394,0.10926896297830432,-0.2479836953366679,3.563461482986695,-2.0
3.3403340334033405,0.21024414988224865,-0.24652290395557264,3.588979152318643,-2.0
3.3413341334133415,0.19969409468318602,-0.24506025389016897,3.6322902077777757,-2.0
3.3423342334233426,0.2582644367469451,-0.2435957603781262,3.4697990935215746,-2.0
3.343334333433343,0.07134533944398101,-0.24212943866929085,3.4998785368961154,-2.0
3.3443344334433442,0.18614313230443097,-0.24066130402552138,3.4139261777109526,-2.0
3.3453345334533453,0.14984798375357777,-0.23919137172054308,3.3805482026484506,-2.0
3.3463346334633464,0.12558062690750452,-0.2377196570397833,3.5011973700051295,-2.0
3.3473347334733474,-0.035430284726973765,-0.23624617528021843,3.3357472013701583,-2.0
3.3483348334833485,0.197990957191446,-0.23477094175022012,3.3987666647645676,-2.0
3.3493349334933495,0.2097399853833609,-0.23329397176939426,3.3167941830076786,-2.0
3.35033503350335,0.2868018783695919,-0.23181528066842777,3.231565581449578,-2.0
3.351335133513351,0.24550186860720255,-0.23033488378893163,3.305831192296308,-2.0
3.3523352335233523,0.16039660448261142,-0.2288527964832833,3.2047399663307825,-2.0
3.3533353335333533,0.21485672663454455,-0.2273690341144741,3.138082636675575,-2.0
3.3543354335433544,0.16257291742851268,-0.22588361205594654,3.178878202075984,-2.0
3.3553355335533555,0.36920809874439287,-0.22439654569144452,3.179678223827354,-2.0
3.3563356335633565,0.24972197586085898,-0.2229078504148509,3.230036690312798,-2.0
3.3573357335733576,0.062283257287541804,-0.22141754163003374,3.324998549699435,-2.0
3.358335833583358,0.09526582954653201,-0.2199256347506924,3.3666069616401133,-2.0
3.3593359335933592,0.22262694047649864,-0.21843214520019213,3.4863969452526877,-2.0
3.3603360336033603,0.3058080177196538,-0.21693708841141907,3.5148465728075813,-2.0
3.3613361336133614,0.28139840919162207,-0.2154404798266139,3.5438076062784685,-2.0
3.3623362336233624,0.3025259530937591,-0.21394233489721898,3.598201161600742,-2.0
3.3633363336333635,0.23762591591048304,-0.21244266908372353,3.5133383654530066,-2.0
3.3643364336433645,0.2664572669836027,-0.21094149785550131,3.458961621780601,-2.0
3.365336533653365,0.2857002677667936,-0.20943883669066118,3.533817234651911,-2.0
3.366336633663366,0.206566562994333,-0.20793470107588113,3.515114228812462,-2.0
3.3673367336733673,0.2839202210675937,-0.20642910650625854,3.5546931983669183,-2.0
3.3683368336833683,0.3770248128544437,-0.20492206848515296,3.6603375510420726,-2.0
3.3693369336933694,0.39197286053704083,-0.20341360252402382,3.658504576583747,-2.0
3.3703370337033705,0.3975131515213417,-0.2019037241422801,3.6963043522156833,-2.0
3.3713371337133715,0.28697533492037414,-0.20039244886711785,3.5649263845030847,-2.0
3.3723372337233726,0.3691852573680523,-0.19887979223336535,3.7366141536423187,-2.0
3.373337333733373,0.42823752767832224,-0.19736576978332984,3.7646464568080327,-2.0
3.3743374337433742,0.3366519039014218,-0.19585039706663074,3.9720788663339692,-2.0
3.3753375337533753,0.4623190053543139,-0.19433368964005504,3.839868445396188,-2.0
3.3763376337633764,0.37169548724928286,-0.19281566306739054,3.9056353655552716,-2.0
3.3773377337733774,0.5074630363751782,-0.19129633291927245,4.127274176697966,-2.0
3.3783378337833785,0.5225442172131549,-0.18977571477302863,4.178142928776557,-2.0
3.3793379337933795,0.43567525801813584,-0.188253824212517,4.127224459351532,-2.0
3.38033803380338,0.517087533455478,-0.18673067682797573,4.107390886070708,-2.0
3.381338133813381,0.3909349090913985,-0.1852062882158563,4.044020066517815,-2.0
3.3823382338233823,0.16101125120154902,-0.1836806739786782,4.038745296561225,-2.0
3.3833383338333833,0.2839851592041438,-0.1821538497248626,3.9406501599057844,-2.0
3.3843384338433844,0.42147945351910254,-0.1806258310685787,3.8952640687922937,-2.0
3.3853385338533855,0.5395295802486268,-0.1790966336295893,3.925133658020222,-2.0
3.3863386338633865,0.5623418441999027,-0.1775662730330885,3.8523190550006805,-2.0
3.3873387338733876,0.34328756595799415,-0.17603476490954756,3.6947580337701122,-2.0
3.388338833883388,0.23967377473513757,-0.1745021248945609,3.506159810054092,-2.0
3.3893389338933892,0.6188199173320981,-0.1729683686286801,3.3690854651962376,-2.0
3.3903390339033903,0.5868057941535995,-0.17143351175726865,3.2831567746567956,-2.0
3.3913391339133914,0.46113591381266106,-0.16989756993033478,3.3746384403977085,-2.0
3.3923392339233924,0.6573226746325143,-0.16836055880238235,3.56306804033262,-2.0
3.3933393339333935,0.33474060264690164,-0.16682249403224778,3.5055060249501397,-2.0
3.3943394339433945,0.6330196668314685,-0.16528339128294556,3.5172298067838845,-2.0
3.395339533953395,0.40422903340815564,-0.1637432662215153,3.4177436858992176,-2.0
3.396339633963396,0.42191409926780277,-0.16220213451885487,3.3758757410774445,-2.0
3.3973397339733973,0.6713483686631202,-0.16066001184957593,3.380876411069414,-2.0
3.3983398339833983,0.6047605562186483,-0.15911691389183757,3.2691603483409795,-2.0
3.3993399339933994,0.4866573535732806,-0.15757285632719287,3.174851525249891,-2.0
3.4003400340034005,0.6130950193914398,-0.15602785484043494,3.1112821206463552,-2.0
3.4013401340134015,0.5930709907547886,-0.1544819251194339,3.1784722341464575,-2.0
3.4023402340234026,0.6837232600414042,-0.1529350828549874,3.131448808554396,-2.0
3.403340334033403,0.5810228413865072,-0.15138734374065757,3.1368792021922225,-2.0
3.4043404340434043,0.7019876639464396,-0.1498387234726182,3.1738906116656924,-2.0
3.4053405340534053,0.6178753094271421,-0.14828923774949693,3.3610436797853653,-2.0
3.4063406340634064,0.6307243433283994,-0.1467389022722182,3.2242440514306816,-2.0
3.4073407340734074,0.5269463670333548,-0.1451877327438498,3.2237744067085217,-2.0
3.4083408340834085,0.7177176582493657,-0.14363574486944178,3.241633230718978,-2.0
3.4093409340934095,0.5846115470766525,-0.14208295435587193,3.2118343087944,-2.0
3.41034103410341,0.5504219017447296,-0.14052937691169337,3.06968653518927,-2.0
3.411341134113411,0.7193125702079933,-0.1389750282469685,3.1035009717576667,-2.0
3.4123412341234123,0.6556879680104378,-0.13741992407312495,3.0767573204133005,-2.0
3.4133413341334133,0.6893265330231118,-0.13586408010278878,3.075185890045347,-2.0
3.4143414341434144,0.7665412330181052,-0.13430751204963612,3.2080636826323237,-2.0
3.4153415341534155,0.7479907502743761,-0.13275023562823118,3.377645903545565,-2.0
3.4163416341634165,0.6230826987319722,-0.13119226655387253,3.1861179507198423,-2.0
3.4173417341734176,0.6669717202163342,-0.12963362054243974,3.273350098743003,-2.0
3.418341834183418,0.7038683185659929,-0.12807431331023234,3.2935735526591046,-2.0
3.4193419341934193,0.7658345507066578,-0.12651436057381707,3.348939755835625,-2.0
3.4203420342034203,0.7106631984878355,-0.12495377804987154,3.4336507299277663,-2.0
3.4213421342134214,0.5758060663681888,-0.12339258145502732,3.528480496765649,-2.0
3.4223422342234224,0.7229182954072654,-0.12183078650571774,3.5529586359763847,-2.0
3.4233423342334235,0.6560891246337881,-0.12026840891801621,3.418740706179549,-2.0
3.4243424342434245,0.7069332040996847,-0.11870546440748748,3.432848568908314,-2.0
3.425342534253425,0.6719910260254713,-0.11714196868902613,3.5108307786325277,-2.0
3.4263426342634262,0.8349993705837803,-0.11557793747670442,3.4625235761090667,-2.0
3.4273427342734273,0.6877693479383117,-0.11401338648361621,3.413600771314011,-2.0
3.4283428342834283,0.849020449030471,-0.11244833142172078,3.3966264932635952,-2.0
3.4293429342934294,1.0168703636475414,-0.11088278800169082,3.5252771609766094,-2.0
3.4303430343034305,0.9182576559658754,-0.1093167719327523,3.5342223627266964,-2.0
3.4313431343134315,0.9088149979714709,-0.10775029892253186,3.5218204352221343,-2.0
3.4323432343234326,0.9208409621918977,-0.10618338467690443,3.204487936285513,-2.0
3.433343334333433,0.7901971105924037,-0.10461604489983312,3.1892344783920406,-2.0
3.4343434343434343,0.8709171934525606,-0.10304829529321771,3.136004085574333,-2.0
3.4353435343534353,0.869105255465431,-0.10148015155673829,3.2937865971617506,-2.0
3.4363436343634364,0.9266637264846085,-0.09991162938770398,3.374443896950134,-2.0
3.4373437343734374,0.7822604130934185,-0.09834274448089307,3.3733016957475463,-2.0
3.4383438343834385,0.6959121415699988,-0.09677351252840122,3.388716817447462,-2.0
3.4393439343934396,0.9524603239052303,-0.09520394921948945,3.471388506812462,-2.0
3.44034403440344,0.9081801010992667,-0.09363407024042485,3.5250773799186543,-2.0
3.4413441344134412,0.7340994223087676,-0.09206389127432955,3.461595439527168,-2.0
3.4423442344234423,0.7106468849575387,-0.09049342800102586,3.5680144241927865,-2.0
3.4433443344334433,1.0309681105611896,-0.08892269609688129,3.568002728303079,-2.0
3.4443444344434444,0.769239799129821,-0.08735171123465806,3.595335924101268,-2.0
3.4453445344534455,0.978608309354687,-0.0857804890833531,3.4539128531388026,-2.0
3.4463446344634465,0.7989023092730584,-0.08420904530805136,3.383255363764643,-2.0
3.4473447344734476,0.8066078578318963,-0.08263739556976595,3.3784863568958956,-2.0
3.448344834483448,1.0043962445497343,-0.08106555552528803,3.470756789643241,-2.0
3.4493449344934493,0.9208830502030794,-0.07949354082703262,3.3919270933007386,-2.0
3.4503450345034503,1.1078789380330183,-0.07792136712288415,3.3324549657681497,-2.0
3.4513451345134514,0.882797582644555,-0.07634905005604699,3.3714378022448885,-2.0
3.4523452345234524,0.7454422682479553,-0.07477660526488675,3.3472302656825215,-2.0
3.4533453345334535,1.0459769260749028,-0.07320404838278011,3.421001435599655,-2.0
3.4543454345434546,1.1002580419411336,-0.07163139503796435,3.446883695452722,-2.0
3.455345534553455,0.9707566180549857,-0.07005866085337946,3.7023604968616697,-2.0
3.4563456345634562,1.0103113263094827,-0.06848586144651875,3.5963399320991565,-2.0
3.4573457345734573,0.9645663644378238,-0.06691301242927464,3.691811975714204,-2.0
3.4583458345834583,0.87934746319755,-0.06534012940778967,3.527429254108098,-2.0
3.4593459345934594,0.8273318106020209,-0.06376722798229892,3.624246744598,-2.0
3.4603460346034605,0.818534411818771,-0.0621943237469803,3.6630331747659506,-2.0
3.4613461346134615,0.9013388271067884,-0.06062143228980522,3.6960287206261877,-2.0
3.4623462346234626,0.9477901979315533,-0.059048569192381224,3.641835550641021,-2.0
3.463346334633463,0.9105387181889373,-0.05747575002980367,3.444624146456257,-2.0
3.4643464346434643,0.9075044703679475,-0.0559029903705032,3.3067104885012024,-2.0
3.4653465346534653,0.9533835629183375,-0.05433030577609306,3.3075702076373084,-2.0
3.4663466346634664,0.9973133548821052,-0.05275771180122136,3.3313914251613745,-2.0
3.4673467346734674,1.0543828806256572,-0.05118522399341337,3.342775185011786,-2.0
3.4683468346834685,1.0656412456455526,-0.049612857892927464,3.3519290678219136,-2.0
3.4693469346934696,1.1443698754124594,-0.0480406290325978,3.279779892324102,-2.0
3.47034703470347,0.8718994807704062,-0.04646855293768694,3.3180278592191947,-2.0
3.4713471347134712,0.918858656321667,-0.04489664512573407,3.121499134367559,-2.0
3.4723472347234723,0.8354428858287387,-0.04332492110640352,2.970583829759811,-2.0
3.4733473347334733,1.060184611780877,-0.0417533963813377,2.956403716173489,-2.0
3.4743474347434744,0.8828261026634738,-0.04018208644400142,2.8409528005835774,-2.0
3.4753475347534755,0.9683360766235738,-0.03861100677953423,2.8177176074714065,-2.0
3.4763476347634765,0.8086363238212081,-0.03704017286460303,2.912665819920407,-2.0
3.4773477347734776,0.9302713792743715,-0.03546960016724583,3.031176378882763,-2.0
3.478347834783478,1.1531875683747699,-0.033899304146729904,3.124141220380641,-2.0
3.4793479347934793,1.058024207057597,-0.032329300253392396,3.15244150806731,-2.0
3.4803480348034803,0.9375145866507559,-0.030759603928498688,3.2306422136161355,-2.0
3.4813481348134814,1.0155810587742473,-0.029190230604092194,3.352920605762259,-2.0
3.4823482348234824,0.8674558532011795,-0.027621195702839774,3.3542035158831776,-2.0
3.4833483348334835,0.8639990024135378,-0.026052514637889747,3.307719314034313,-2.0
3.4843484348434846,0.7682102448473045,-0.02448420281271675,3.343732840894773,-2.0
3.485348534853485,1.0572499493423897,-0.02291627562097652,3.4262409944426375,-2.0
3.4863486348634862,1.0492546347666958,-0.02134874844635638,3.4644512915882433,-2.0
3.4873487348734873,0.9554057250525854,-0.019781636662425918,3.4531543724282745,-2.0
3.4883488348834883,1.067179481041128,-0.018214955632492178,3.3242564721281576,-2.0
3.4893489348934894,1.1210697810310708,-0.01664872070944628,3.3691964648032418,-2.0
3.4903490349034905,1.0383273183784467,-0.015082947235618028,3.274274086915118,-2.0
3.4913491349134915,0.9862410619996755,-0.013517650542630811,3.3018826180774172,-2.0
3.4923492349234926,1.0012157305067126,-0.011952845951247732,3.404844778767059,-2.0
3.493349334933493,0.9596589913298796,-0.010388548771232086,3.5224514922801498,-2.0
3.4943494349434943,0.9488629679492134,-0.008824774301189456,3.444339986728097,-2.0
3.4953495349534953,0.843027066437487,-0.007261537828432933,3.4455917528662647,-2.0
3.4963496349634964,0.8803291053581128,-0.0056988546288264195,3.374037572085171,-2.0
3.4973497349734974,1.0373711997213415,-0.004136739966641378,3.30422710787189,-2.0
3.4983498349834985,1.0630719691809145,-0.00257520909441284,3.573920392463893,-2.0
3.4993499349934996,0.9850422439970179,-0.001014277252787664,3.696353051880134,-2.0
3.5003500350035,1.1368112440474265,0.0005460403296182095,3.7174648188036294,-2.0
3.5013501350135012,1.1819847616278243,0.0021057284363667377,3.740108785310858,-2.0
3.5023502350235023,0.8416075366841269,0.003664771863344576,3.7826795042095327,-2.0
3.5033503350335033,0.9869640778313631,0.00522315541890529,3.8313190221407782,-2.0
3.5043504350435044,1.0006136186106522,0.006780863924021076,3.9096719238805537,-2.0
3.5053505350535055,0.9743010347837844,0.008337882212421092,3.8409908787520757,-2.0
3.5063506350635065,1.0216276663176083,0.00989419513074281,3.910200204369881,-2.0
3.5073507350735076,0.7906346495360616,0.011449787538674368,3.973285549088312,-2.0
3.508350835083508,0.8857180887940581,0.013004644309095877,4.103528568233929,-2.0
3.5093509350935093,1.040638011447875,0.014558750328233708,4.2219394888402535,-2.0
3.5103510351035103,0.9395781541109075,0.01611209049579264,3.9832914647592617,-2.0
3.5113511351135114,0.9856074412057301,0.01766464972510974,4.032028014328639,-2.0
3.5123512351235124,0.9948460258250376,0.019216412943294944,4.135880898730746,-2.0
3.5133513351335135,1.0055181213212319,0.020767365091372236,4.260982538845109,-2.0
3.5143514351435146,1.1186172424856484,0.02231749112442949,4.12158652710091,-2.0
3.515351535153515,0.9054937438735928,0.023866776011754007,4.212623123482667,-2.0
3.5163516351635162,0.962447543533657,0.02541520473698635,4.295634219707829,-2.0
3.5173517351735173,0.8941425828311753,0.026962762298251074,4.361302481957017,-2.0
3.5183518351835184,1.073812090448788,0.028509433708309304,4.4304414882783165,-2.0
3.5193519351935194,1.1148825073280149,0.030055203994697854,4.360823847530258,-2.0
3.5203520352035205,1.1264009724537172,0.031600058199869045,4.392235240645895,-2.0
3.5213521352135215,1.106072417272981,0.03314398138133829,4.572458945713476,-2.0
3.5223522352235226,0.9614048187517149,0.03468695861182341,4.553503954279835,-2.0
3.523352335233523,1.12428766986028,0.03622897497938307,4.6120881203035955,-2.0
3.5243524352435243,0.9587095887786561,0.037770015587568,4.69613047133696,-2.0
3.5253525352535253,0.8674827744117,0.03931006555555015,4.597482167180936,-2.0
3.5263526352635264,1.1030739744320002,0.04084911001827445,4.466833576691209,-2.0
3.5273527352735274,0.9618100890153404,0.04238713412659191,4.448018115753221,-2.0
3.5283528352835285,0.9704896234355703,0.04392412304740649,4.566821849556568,-2.0
3.5293529352935296,0.7781191233090534,0.045460061963813136,4.6974637913795885,-2.0
3.53035303530353,1.084785203563653,0.04699493607523456,4.688971785622277,-2.0
3.5313531353135312,1.1193038155235067,0.04852873059757101,4.7615112472852905,-2.0
3.5323532353235323,1.047278422685615,0.050061430763327995,4.714568549273912,-2.0
3.5333533353335334,0.7968482581581223,0.051593021821765506,4.982623147716013,-2.0
3.5343534353435344,1.0764619824926702,0.053123489039034064,4.8862519969536535,-2.0
3.5353535353535355,0.8643266050384513,0.05465281769831139,4.733923622698355,-2.0
3.5363536353635365,0.9445833413757139,0.056180993099947375,4.795534200211203,-2.0
3.5373537353735376,0.9364336969129661,0.057708000561596126,4.800777191272036,-2.0
3.538353835383538,0.9404480184523277,0.059233825418360454,4.788404407635271,-2.0
3.5393539353935393,0.8530988027972842,0.06075845302292682,4.848325738687321,-2.0
3.5403540354035403,0.9901914081276999,0.06228186874570434,4.854808658485196,-2.0
3.5413541354135414,0.8819923700743636,0.06380405797496347,4.964300620401219,-2.0
3.5423542354235424,1.0439239972124985,0.06532500611697026,5.042119210668347,-2.0
3.5433543354335435,0.9372175276806536,0.06684469859612893,5.004141868506224,-2.0
3.5443544354435446,0.8407255859344185,0.06836312085511644,5.043039415832477,-2.0
3.545354535453545,0.8321965965797032,0.06988025835501607,5.081983738112357,-2.0
3.5463546354635462,0.9848956627026806,0.07139609657546353,4.996563717487079,-2.0
3.5473547354735473,0.9363333139159223,0.07291062101477137,5.023890522911161,-2.0
3.5483548354835484,0.9840362475878043,0.07442381719007565,5.149312269131362,-2.0
3.5493549354935494,0.8926826325169614,0.07593567063746404,5.231813231205033,-2.0
3.5503550355035505,0.8595821248146096,0.07744616691211773,5.174980268496769,-2.0
3.5513551355135515,0.9605146450965146,0.07895529158844426,5.104839367394673,-2.0
3.5523552355235526,0.7346563084217078,0.08046303026021022,5.099800711834448,-2.0
3.553355335533553,0.7271077580887747,0.08196936854068151,5.093999773082717,-2.0
3.5543554355435543,0.8988928121345354,0.08347429206275453,5.154502066868977,-2.0
3.5553555355535553,0.7149857143092129,0.08497778647909164,5.065220819492364,-2.0
3.5563556355635564,0.9348408884515752,0.08647983746225635,5.068123083155545,-2.0
3.5573557355735574,0.9798011137722122,0.08798043070484371,5.144614627004379,-2.0
3.5583558355835585,0.699757050356167,0.08947955191962034,5.157643872716628,-2.0
3.5593559355935596,0.727585895636843,0.09097718683965089,4.931579468654027,-2.0
3.56035603560356,0.8000891536031363,0.09247332121843736,4.9390686463340385,-2.0
3.5613561356135612,0.9141592255718739,0.09396794083004872,5.021168645083194,-2.0
3.5623562356235623,1.0223631219255587,0.09546103146925443,4.987270251767743,-2.0
3.5633563356335634,0.7478548294579006,0.09695257895165783,4.8469182577418515,-2.0
3.5643564356435644,0.9113427506055443,0.098442569113825,4.9418970586250515,-2.0
3.5653565356535655,0.7564330944988107,0.09993098781342173,4.733178846793538,-2.0
3.5663566356635665,0.7027743998973469,0.10141782092934283,4.728218812720066,-2.0
3.5673567356735676,0.9660209067290826,0.10290305436184083,4.599205557555633,-2.0
3.568356835683568,0.9364141331735595,0.10438667403266243,4.587163457075635,-2.0
3.5693569356935693,0.8577168976971559,0.10586866588517588,4.678379052044389,-2.0
3.5703570357035703,0.9045235535534016,0.10734901588450349,4.6050030050978545,-2.0
3.5713571357135714,0.8260916315068645,0.1088277100176484,4.649438835928364,-2.0
3.5723572357235724,0.6283026419882068,0.11030473429363002,4.54929432726826,-2.0
3.5733573357335735,0.9651407168529812,0.11178007474361108,4.516641355595316,-2.0
3.5743574357435746,0.7582619397733815,0.11325371742102487,4.596329968160751,-2.0
3.575357535753575,0.8643684572078081,0.1147256484017095,4.409680509272942,-2.0
3.5763576357635762,0.835084542378084,0.11619585378403355,4.129626715068739,-2.0
3.5773577357735773,0.7770188090406409,0.11766431968902569,3.9889457212979944,-2.0
3.5783578357835784,0.7785602395104713,0.119131032260504,3.728486042764896,-2.0
3.5793579357935794,0.6384822340741608,0.12059597766520076,3.7757437985391675,-2.0
3.5803580358035805,0.6351928537622866,0.12205914209289631,3.8005344172154043,-2.0
3.5813581358135815,0.7802115294084404,0.12352051175653984,3.7698497393039534,-2.0
3.5823582358235826,0.7894992845440899,0.12498007289238286,3.767684391690771,-2.0
3.583358335833583,0.7020841731378905,0.12643781176010263,3.8006008490082976,-2.0
3.5843584358435843,0.8510839704442227,0.12789371464292998,3.7742184512011265,-2.0
3.5853585358535853,0.6930750998842651,0.1293477678477766,3.859575334105385,-2.0
3.5863586358635864,0.6698857047165782,0.13079995770535802,3.8218406166776484,-2.0
3.5873587358735874,0.7146978577822041,0.13225027057032426,3.7675476268924513,-2.0
3.5883588358835885,0.6097132537204952,0.13369869282138336,3.8120152307725372,-2.0
3.5893589358935896,0.7992412639666806,0.13514521086142398,3.7504802662554724,-2.0
3.59035903590359,0.5972413762499067,0.1365898111176455,3.724467883959006,-2.0
3.5913591359135912,0.46630640169276605,0.1380324800416796,3.712816942777594,-2.0
3.5923592359235923,0.6897687395880999,0.13947320410971537,3.6688369121002276,-2.0
3.5933593359335934,0.6725452584424884,0.14091196982262458,3.591149704725134,-2.0
3.5943594359435944,0.5841020103753405,0.14234876370608202,3.6497586072683266,-2.0
3.5953595359535955,0.6469322956435146,0.14378357231069508,3.8392258887768103,-2.0
3.5963596359635965,0.7487732628863515,0.14521638221212038,3.943059716251871,-2.0
3.5973597359735976,0.5532211103901663,0.14664718001119256,3.8185886981813546,-2.0
3.598359835983598,0.5424045069956609,0.14807595233404358,4.095567389539244,-2.0
3.5993599359935993,0.32388561354060796,0.14950268583222626,4.166952202651212,-2.0
3.6003600360036003,0.37867045111716513,0.1509273671828368,4.191953087366231,-2.0
3.6013601360136014,0.5437708721986143,0.15234998308863368,4.142423888593484,-2.0
3.6023602360236024,0.6928696371920307,0.1537705202781639,4.154586818892642,-2.0
3.6033603360336035,0.585072785529086,0.15518896550588168,4.137596536149115,-2.0
3.6043604360436046,0.7512098183569568,0.156605305552267,3.9522494289807093,-2.0
3.605360536053605,0.6168584661665724,0.15801952722395116,3.8791364413553846,-2.0
3.6063606360636062,0.5916948060271581,0.1594316173538335,3.8154742934224375,-2.0
3.6073607360736073,0.4489300854874281,0.16084156280120346,3.8223765730587598,-2.0
3.6083608360836084,0.7031017638973316,0.1622493504518565,3.8257261552740625,-2.0
3.6093609360936094,0.49627292035717957,0.16365496721821876,3.7463186723499415,-2.0
3.6103610361036105,0.5756947526508205,0.1650584000394633,3.742310911474085,-2.0
3.6113611361136115,0.3891065919807319,0.16645963588162674,3.823507882079243,-2.0
3.6123612361236126,0.60103640049023,0.16785866173773223,4.034114723289551,-2.0
3.613361336133613,0.5231772879203633,0.1692554646279045,4.130249311832813,-2.0
3.6143614361436143,0.48609070469663507,0.17065003159948847,4.207109277588732,-2.0
3.6153615361536153,0.4347048593500487,0.1720423497271674,4.307381140694782,-2.0
3.6163616361636164,0.4841795468532816,0.17343240611307678,4.444492444554989,-2.0
3.6173617361736174,0.5779075330694374,0.1748201878869271,4.272909485198988,-2.0
3.6183618361836185,0.32632254979627234,0.17620568220611363,4.141777026979075,-2.0
3.6193619361936196,0.261487233737437,0.17758887625583822,4.385349780189405,-2.0
3.62036203620362,0.5292736643018348,0.1789697572492223,4.387029529551064,-2.0
3.6213621362136212,0.3711802217509336,0.18034831242742272,4.476997096808222,-2.0
3.6223622362236223,0.41789318867288494,0.18172452905974829,4.451599717193919,-2.0
3.6233623362336234,0.365606895257802,0.18309839444377107,4.535097748869072,-2.0
3.6243624362436244,0.554768178891255,0.18446989590544596,4.563958234834838,-2.0
3.6253625362536255,0.4470633230423866,0.18583902079922254,4.601642904504758,-2.0
3.6263626362636265,0.2844536702946224,0.18720575650815646,4.444873604112202,-2.0
3.6273627362736276,0.29070116213508934,0.18857009044402867,4.448714918310401,-2.0
3.628362836283628,0.49635424592744026,0.18993201004745167,4.437895497079908,-2.0
3.6293629362936293,0.2913204406546074,0.19129150278799167,4.4566798799128975,-2.0
3.6303630363036303,0.3013649805726859,0.1926485561642703,4.350936117040681,-2.0
3.6313631363136314,0.3064418270181562,0.19400315770408552,4.358711193837295,-2.0
3.6323632363236324,0.2575724352180031,0.19535529496452034,4.241462309208582,-2.0
3.6333633363336335,0.36356613218867767,0.1967049555320522,4.182590869602829,-2.0
3.6343634363436346,0.3119757061670255,0.19805212702266875,4.072663041208762,-2.0
3.635363536353635,0.26625663349514817,0.19939679708197575,4.240488376655804,-2.0
3.6363636363636362,0.48070689674900624,0.20073895338530826,4.279572891903581,-2.0
3.6373637363736373,0.030039394406669417,0.20207858363784204,4.3061590032782515,-2.0
3.6383638363836384,0.2370732459226994,0.20341567557469994,4.409684636581378,-2.0
3.6393639363936394,0.33207756219085993,0.20475021696106707,4.234301862477978,-2.0
3.6403640364036405,0.15486572682267247,0.20608219559229382,4.1609777315014425,-2.0
3.6413641364136415,0.3427775498524849,0.20741159929401015,4.091671507694354,-2.0
3.6423642364236426,0.4037057258405773,0.20873841592223183,4.103340843537303,-2.0
3.643364336433643,0.23780652266711055,0.21006263336346545,4.076710018237775,-2.0
3.6443644364436443,0.20866997673372908,0.21138423953482474,4.035845346215342,-2.0
3.6453645364536453,0.21423522450266563,0.21270322238412753,3.8648022548824152,-2.0
3.6463646364636464,0.21519032802946117,0.21401956989001095,3.9281595297842915,-2.0
3.6473647364736475,0.3515507889069892,0.2153332700620356,3.9886552704163787,-2.0
3.6483648364836485,0.1068445655819067,0.2166443109407893,3.9524962450040984,-2.0
3.6493649364936496,0.06515439597647052,0.21795268059799885,3.775950941985101,-2.0
3.65036503650365,0.12905633439840744,0.21925836713662886,3.8140685029934582,-2.0
3.6513651365136512,0.239774561989464,0.220561358690996,3.890197145138842,-2.0
3.6523652365236523,-0.00616715258343789,0.22186164342686382,3.947582561148275,-2.0
3.6533653365336534,0.34475944317202245,0.22315920954155555,3.920832373246407,-2.0
3.6543654365436544,0.11085262601977726,0.2244540452640554,3.8946436068974837,-2.0
3.6553655365536555,0.11888965199097203,0.22574613885511052,3.8643664172765306,-2.0
3.6563656365636565,0.07604317512258751,0.2270354786073387,3.736233348377838,-2.0
3.6573657365736576,-0.12751926481845,0.22832205284532978,3.608417071328117,-2.0
3.658365836583658,-0.018525172850573896,0.22960584992574554,3.5205517774156996,-2.0
3.6593659365936593,0.09561129935167259,0.23088685823743013,3.6285028747268826,-2.0
3.6603660366036603,0.14497111845729455,0.23216506620150223,3.5607396112740854,-2.0
3.6613661366136614,0.06767507789553279,0.23344046227146564,3.4797881396290204,-2.0
3.6623662366236625,0.03687737114170375,0.23471303493330392,3.5120870596009883,-2.0
3.6633663366336635,0.029119051210296645,0.235982772705587,3.5258304151460025,-2.0
3.6643664366436646,0.01060642476756201,0.23724966413956944,3.715374124545796,-2.0
3.665366536653665,0.04439243663980274,0.23851369781928794,3.8757411281911605,-2.0
3.6663666366636662,-0.2805965794753798,0.2397748623616696,3.842172997509075,-2.0
3.6673667366736673,0.041153419914922044,0.2410331464166209,3.82437733789983,-2.0
3.6683668366836684,-0.010576216584530819,0.24228853866713557,3.8286268478296237,-2.0
3.6693669366936694,0.001107148737266233,0.24354102782939016,3.7469280021570968,-2.0
3.6703670367036705,-0.07994040137064329,0.24479060265284056,3.655879405623258,-2.0
3.6713671367136715,-0.3336808892876287,0.24603725192032527,3.690233811031518,-2.0
3.6723672367236726,-0.04176476096294692,0.24728096444815736,3.8506740661823216,-2.0
3.673367336733673,-0.010222945923788931,0.24852172908622705,3.870704362731418,-2.0
3.6743674367436743,-0.1461142881435747,0.24975953471809578,3.923388842344741,-2.0
3.6753675367536753,-0.274744281779314,0.25099437026109367,3.9624976681373987,-2.0
3.6763676367636764,-0.10585472191943422,0.2522262246664167,3.9386426926692915,-2.0
3.6773677367736775,-0.10738503496070616,0.2534550869192194,3.9039170762463176,-2.0
3.6783678367836785,-0.046500914734596735,0.2546809460387153,3.831447979325729,-2.0
3.6793679367936796,-0.023588334852785303,0.25590379107826927,3.7393730280372672,-2.0
3.68036803680368,-0.17302575908132245,0.25712361112549015,3.8412267439721433,-2.0
3.6813681368136812,-0.14810928166271034,0.2583403953023326,3.762640462436785,-2.0
3.6823682368236823,-0.04562105640513325,0.25955413276518136,3.9139150845711,-2.0
3.6833683368336834,-0.06495089506472203,0.2607648127049535,3.864470808695671,-2.0
3.6843684368436844,-0.08437647075285602,0.26197242434718515,3.7674510988705956,-2.0
3.6853685368536855,-0.05615599523610089,0.26317695695212956,3.703331043911011,-2.0
3.6863686368636865,-0.1837554167982666,0.26437839981484756,3.697707379682132,-2.0
3.6873687368736876,-0.21146897233579476,0.2655767422652974,3.75733360028327,-2.0
3.688368836883688,-0.28857855883912353,0.2667719736684309,3.773283129973362,-2.0
3.6893689368936893,-0.16514988047710327,0.267964083424282,3.5255750191579867,-2.0
3.6903690369036903,-0.47144399239032775,0.26915306096805847,3.5587170744799894,-2.0
3.6913691369136914,-0.22661251704632282,0.27033889577023307,3.4478202687531097,-2.0
3.6923692369236925,-0.2294168246015978,0.2715215773366314,3.4391520541034155,-2.0
3.6933693369336935,-0.06188688905195991,0.2727010952085264,3.3899770902633133,-2.0
3.6943694369436946,-0.09114105422527005,0.27387743896272204,3.3812484155505964,-2.0
3.695369536953695,-0.27747941109262453,0.2750505982116469,3.471343172244932,-2.0
3.6963696369636962,-0.4498354709132837,0.27622056260344324,3.4665718680231565,-2.0
3.6973697369736973,-0.26717242849273354,0.2773873218220494,3.535727767901118,-2.0
3.6983698369836984,-0.39225296353825745,0.27855086558729525,3.513548325326257,-2.0
3.6993699369936994,-0.38440388505805145,0.27971118365498315,3.4462965115839546,-2.0
3.7003700370037005,-0.2916230664476088,0.2808682658169804,3.5882807439874576,-2.0
3.7013701370137015,-0.3776085348631513,0.28202210190130345,3.5602485281190415,-2.0
3.7023702370237026,-0.6124963137917703,0.28317268177220245,3.543945755822572,-2.0
3.703370337033703,-0.4660880483227703,0.2843199953302515,3.5694430051127775,-2.0
3.7043704370437043,-0.4026656308588562,0.2854640325124309,3.6448902473163574,-2.0
3.7053705370537053,-0.3110155614024534,0.28660478329221345,3.41064694983492,-2.0
3.7063706370637064,-0.33041951822242216,0.2877422376796497,3.481127255569196,-2.0
3.7073707370737075,-0.48751422856397353,0.28887638572144975,3.4332665930376516,-2.0
3.7083708370837085,-0.38295659450192876,0.2900072175010719,3.507139118141957,-2.0
3.7093709370937096,-0.36393954282054375,0.29113472313880073,3.3567770157748167,-2.0
3.71037103710371,-0.2239263024150093,0.29225889279183503,3.3840208843497708,-2.0
3.7113711371137112,-0.5763861840968378,0.29337971665436785,3.3635878491621494,-2.0
3.7123712371237123,-0.3145896799280525,0.2944971849576698,3.3442875951406594,-2.0
3.7133713371337134,-0.4148355245476264,0.29561128797017133,3.311531790838813,-2.0
3.7143714371437144,-0.28007775452238587,0.2967220159975419,3.2359730482439257,-2.0
3.7153715371537155,-0.5675067820709327,0.2978293593827749,3.3361953052678857,-2.0
3.7163716371637165,-0.38983377862344515,0.2989333085062667,3.3231678464321557,-2.0
3.7173717371737176,-0.3380432267243686,0.30003385378589503,3.427783539495519,-2.0
3.718371837183718,-0.49327212152209104,0.30113098567710245,3.570705630986707,-2.0
3.7193719371937193,-0.38030628776173103,0.3022246946729739,3.619065978014982,-2.0
3.7203720372037203,-0.5318467914246457,0.30331497130431667,3.654334109149067,-2.0
3.7213721372137214,-0.49932510609213115,0.3044018061397369,3.6140160146819653,-2.0
3.7223722372237225,-0.4883855746748736,0.30548518978572153,3.6103584956649017,-2.0
3.7233723372337235,-0.505310505680532,0.3065651128867145,3.5433301837703852,-2.0
3.7243724372437246,-0.64296787441341,0.30764156612519233,3.6300516793078823,-2.0
3.725372537253725,-0.39641430882680634,0.3087145402217449,3.4379120119153708,-2.0
3.7263726372637263,-0.5288934533352836,0.3097840259351497,3.5224781243331513,-2.0
3.7273727372737273,-0.4556353483227363,0.3108500140624491,3.600693237845004,-2.0
3.7283728372837284,-0.4471671085361262,0.3119124954390263,3.6590211423091255,-2.0
3.7293729372937294,-0.5016047714708001,0.31297146093867867,3.7569197294853454,-2.0
3.7303730373037305,-0.6231367123711931,0.31402690147369705,3.664039138218419,-2.0
3.7313731373137315,-0.5501038321276186,0.31507880799493565,3.5867185101758055,-2.0
3.7323732373237326,-0.7938367112860663,0.31612717149189035,3.459156191487722,-2.0
3.733373337333733,-0.5223715873725113,0.3171719829927702,3.5848268692190866,-2.0
3.7343734373437343,-0.5791565550213661,0.31821323356457154,3.611898498592848,-2.0
3.7353735373537353,-0.659642083455795,0.3192509143131514,3.510766707566466,-2.0
3.7363736373637364,-0.5495824244707455,0.3202850163832979,3.601270853349,-2.0
3.7373737373737375,-0.6062935402993711,0.32131553095880605,3.6319107315495263,-2.0
3.7383738373837385,-0.49711045721772973,0.32234244926254735,3.684346612290808,-2.0
3.7393739373937396,-0.7244099465809202,0.3233657625565398,3.725891789692826,-2.0
3.74037403740374,-0.518420406764843,0.32438546214202224,3.723682543290606,-2.0
3.7413741374137413,-0.7331685148132265,0.32540153935952226,3.7367445815490146,-2.0
3.7423742374237423,-0.6412213069361254,0.326413985588928,3.624657066977241,-2.0
3.7433743374337434,-0.8511025711954285,0.3274227922495548,3.617747312415137,-2.0
3.7443744374437444,-0.45475965724145784,0.32842795080021864,3.5564356888744157,-2.0
3.7453745374537455,-0.4713216633167114,0.3294294527393029,3.5132077972221043,-2.0
3.7463746374637465,-0.6095600050340739,0.3304272896048248,3.438978516931183,-2.0
3.7473747374737476,-0.7363667823597811,0.33142145297450754,3.426086219052884,-2.0
3.7483748374837482,-0.5691838768062717,0.3324119344658449,3.4616124133061983,-2.0
3.7493749374937493,-0.6946370924646998,0.33339872573616924,3.3985349513820866,-2.0
3.7503750375037503,-0.6021196781093099,0.334381818482719,3.332674737554492,-2.0
3.7513751375137514,-0.7420369890348333,0.33536120444270245,3.2846218453640113,-2.0
3.7523752375237525,-0.6654206287772035,0.3363368753933678,3.3095434722065153,-2.0
3.7533753375337535,-0.9093059280423362,0.3373088231520638,3.28114446007905,-2.0
3.7543754375437546,-0.6211121283555466,0.3382770395763091,3.463749062888988,-2.0
3.755375537553755,-0.8520367046631755,0.3392415165638545,3.3225207279551743,-2.0
3.7563756375637563,-0.8652633351736667,0.34020224605274746,3.3380656763416483,-2.0
3.7573757375737573,-1.026971906703067,0.341159220021397,3.3974510756692027,-2.0
3.7583758375837584,-0.7067825136589864,0.34211243048863416,3.1053580131253034,-2.0
3.7593759375937594,-0.6355618025945571,0.34306186951377876,3.1058728968791987,-2.0
3.7603760376037605,-0.9319395603337532,0.3440075291967001,3.05010162414793,-2.0
3.7613761376137615,-0.8428453500531036,0.34494940167787697,2.947099646523171,-2.0
3.7623762376237626,-0.8345193656978154,0.34588747913846396,3.0316950232066486,-2.0
3.7633763376337632,-0.9285083740223701,0.34682175380034685,3.125316197445815,-2.0
3.7643764376437643,-0.9693941337630911,0.34775221792621064,3.2268349815935196,-2.0
3.7653765376537653,-0.8642354995807324,0.34867886381959196,3.0935243191122797,-2.0
3.7663766376637664,-0.8197623986064927,0.349601683824945,3.0459355403282906,-2.0
3.7673767376737675,-0.8135634280360818,0.3505206703276988,3.027554915320954,-2.0
3.7683768376837685,-0.9316626028339414,0.35143581575431493,3.1230033097134284,-2.0
3.7693769376937696,-0.9215714890914157,0.352347112572349,3.0496943548342355,-2.0
3.77037703770377,-0.7312331815844658,0.3532545532905071,3.039768609812345,-2.0
3.7713771377137713,-0.8872433542460185,0.3541581304587039,3.0098665455442433,-2.0
3.7723772377237723,-0.6434159088590675,0.35505783666812035,3.0910891027571394,-2.0
3.7733773377337734,-0.7078891490387453,0.355953664551259,3.230007720585933,-2.0
3.7743774377437744,-0.8921307576658546,0.35684560678200367,3.2812895756262876,-2.0
3.7753775377537755,-0.9158045129534426,0.35773365607567137,3.2079914510274485,-2.0
3.7763776377637766,-0.9080365722254199,0.35861780518907205,3.1574133109040776,-2.0
3.7773777377737776,-0.8216456716050836,0.35949804692056153,3.245385928560422,-2.0
3.7783778377837782,-0.9009210187359337,0.3603743741100946,3.1359399039090743,-2.0
3.7793779377937793,-0.8354328583198425,0.3612467796392851,3.0870181188117582,-2.0
3.7803780378037803,-0.9028926303657561,0.362115256431452,3.0643643183311795,-2.0
3.7813781378137814,-0.904178240439149,0.36297979745167935,2.873314917605083,-2.0
3.7823782378237825,-0.9861981451227595,0.36384039570686655,2.7926565063064905,-2.0
3.7833783378337835,-0.9384991194754817,0.36469704424577976,2.6749487413281217,-2.0
3.7843784378437846,-0.8741874921209905,0.36554973615910735,2.573908245117467,-2.0
3.785378537853785,-0.7735661570677049,0.3663984645795072,2.6831085674341644,-2.0
3.7863786378637863,-1.0767638370925654,0.36724322268166354,2.767941560595597,-2.0
3.7873787378737873,-0.9502661122774597,0.3680840036823333,2.919116408085098,-2.0
3.7883788378837884,-0.7704204206050213,0.3689208008403967,2.8753491058956118,-2.0
3.7893789378937894,-0.8048783288340532,0.36975360745691055,2.6758998316960656,-2.0
3.7903790379037905,-0.9356445526543914,0.3705824168751535,2.5859953744886996,-2.0
3.7913791379137916,-0.9581196311761083,0.37140722248067876,2.677327375546918,-2.0
3.7923792379237926,-0.925504352716222,0.37222801770136155,2.749153015303556,-2.0
3.7933793379337932,-0.856959137784058,0.37304479600744445,2.856846980174814,-2.0
3.7943794379437943,-0.977164515926834,0.37385755091159145,2.849771495160543,-2.0
3.7953795379537953,-0.9670431832732527,0.37466627596892815,2.8141824155130823,-2.0
3.7963796379637964,-1.1020644378972086,0.37547096477709363,2.9123258326237043,-2.0
3.7973797379737975,-1.0791946042163894,0.3762716109762856,2.9909781355356615,-2.0
3.7983798379837985,-0.9145361094043967,0.37706820824930437,3.180612563578011,-2.0
3.7993799379937996,-0.8622202176297535,0.3778607503216022,3.2850183207526165,-2.0
3.8003800380038,-1.0231810831403398,0.37864923096132375,3.099102701122694,-2.0
3.8013801380138013,-0.9329935166028192,0.3794336439793568,3.1672899904556684,-2.0
3.8023802380238023,-1.0408509048186554,0.38021398322936956,3.2196565331236955,-2.0
3.8033803380338034,-0.8704639532529401,0.3809902426078601,3.1942886257477046,-2.0
3.8043804380438044,-0.7422991694021929,0.38176241605419703,2.9128549292237076,-2.0
3.8053805380538055,-0.9616837714663691,0.38253049755066204,3.0245627957558106,-2.0
3.8063806380638066,-0.9940586481592657,0.38329448112249426,2.9727704607584156,-2.0
3.8073807380738076,-0.9505320661723483,0.3840543608379315,3.1938804170871693,-2.0
3.8083808380838082,-0.9272519658927909,0.3848101308082496,3.40233698926256,-2.0
3.8093809380938093,-0.9901420467633543,0.3855617851878088,3.433902754127402,-2.0
3.8103810381038103,-1.0423732875591643,0.38630931817408803,3.4337492639620715,-2.0
3.8113811381138114,-1.0720191143293438,0.3870527240077308,3.3905296854397684,-2.0
3.8123812381238125,-0.8580361396233305,0.38779199697258027,3.3024383839377016,-2.0
3.8133813381338135,-0.7826425499260394,0.3885271313957227,3.2360710485050164,-2.0
3.8143814381438146,-1.060155466531671,0.38925812164752444,3.1134210431184703,-2.0
3.815381538153815,-0.9635026736330613,0.3899849621416686,3.0447321697623018,-2.0
3.8163816381638163,-0.9048855862176108,0.3907076473351983,3.06413848223033,-2.0
3.8173817381738173,-1.1768797638209856,0.39142617172854777,2.8916147623857693,-2.0
3.8183818381838184,-0.9671853224713524,0.3921405298655845,2.817251958001305,-2.0
3.8193819381938194,-1.0030222070844754,0.3928507163336442,2.865961553072206,-2.0
3.8203820382038205,-1.0008302512384657,0.3935567257635656,2.703142347534685,-2.0
3.8213821382138216,-1.0407555046796193,0.3942585528297292,2.7498987013051477,-2.0
3.8223822382238226,-1.0377000199933044,0.39495619225008977,2.674461048740298,-2.0
3.8233823382338232,-0.9999605709435314,0.39564963878621345,2.671376162987116,-2.0
3.8243824382438243,-0.818444403796959,0.3963388872433112,2.5233020745848678,-2.0
3.8253825382538253,-1.0780680679661034,0.3970239324702726,2.684278963238603,-2.0
3.8263826382638264,-1.087220474765715,0.3977047693597006,2.626571995226638,-2.0
3.8273827382738275,-1.0917595170503203,0.3983813928479425,2.530231345082034,-2.0
3.8283828382838285,-0.9681925133172125,0.3990537979151248,2.506509696908163,-2.0
3.8293829382938296,-0.9568180409933067,0.3997219795851851,2.5172419545252134,-2.0
3.83038303830383,-0.8650228698248699,0.4003859329259017,2.3799116247825616,-2.0
3.8313831383138313,-0.9954644452051015,0.401045653048929,2.380559303332661,-2.0
3.8323832383238323,-0.8767133340091486,0.40170113510982375,2.3966130680718774,-2.0
3.8333833383338334,-0.8417243949356349,0.40235237430807946,2.4183408482867104,-2.0
3.8343834383438344,-1.0737372395721285,0.4029993658871531,2.413744924010833,-2.0
3.8353835383538355,-0.9825114202185643,0.40364210513449783,2.2445555212826074,-2.0
3.8363836383638366,-0.9979184824329083,0.40428058738159,2.246990913167314,-2.0
3.8373837383738376,-1.0077639786003811,0.4049148080039575,2.2501873986328262,-2.0
3.8383838383838382,-1.19531985030727,0.4055447624212099,2.269675370761005,-2.0
3.8393839383938393,-0.8340958985670198,0.4061704460970646,2.2875974284738088,-2.0
3.8403840384038403,-0.9473939741658286,0.40679185453937483,2.3275187802236,-2.0
3.8413841384138414,-0.9146929212221857,0.4074089833001567,2.327079991050766,-2.0
3.8423842384238425,-1.288926241674135,0.40802182797561387,2.306071358690802,-2.0
3.8433843384338435,-0.9619763702433513,0.4086303842061668,2.22081584978471,-2.0
3.8443844384438446,-0.9738343450244645,0.40923464767647455,2.2337584003050703,-2.0
3.845384538453845,-0.9462994635569801,0.40983461411546296,2.325895943334235,-2.0
3.8463846384638463,-1.0518513829003169,0.4104302792963475,2.3895247107992588,-2.0
3.8473847384738473,-1.0154091487397288,0.41102163903665795,2.2532824997521304,-2.0
3.8483848384838484,-0.8755866380769111,0.4116086891982625,2.1611366832392886,-2.0
3.8493849384938494,-1.0022919498849503,0.41219142568738937,2.194761374370864,-2.0
3.8503850385038505,-0.9889396306869453,0.41276984445465215,2.0123023136498426,-2.0
3.8513851385138516,-0.8122620308958166,0.41334394149507087,1.8829888564212138,-2.0
3.8523852385238526,-1.0922792011953355,0.4139137128480927,1.6968691254536683,-2.0
3.8533853385338532,-1.0781353965016403,0.41447915459761603,1.7111167075662506,-2.0
3.8543854385438543,-0.8120963282687343,0.4150402628720096,1.695621370584689,-2.0
3.8553855385538554,-0.9359542561392902,0.4155970338441341,1.5934397067565738,-2.0
3.8563856385638564,-1.0366578238467334,0.4161494637313607,1.6919832834166755,-2.0
3.8573857385738575,-0.9307612002647115,0.41669754879559284,1.669065861093781,-2.0
3.8583858385838585,-1.1941854610937885,0.41724128534328486,1.6172271202449087,-2.0
3.8593859385938596,-0.9059775301871758,0.4177806697254589,1.7203204576622984,-2.0
3.86038603860386,-1.019030217358639,0.41831569833772625,1.719365393733428,-2.0
3.8613861386138613,-0.8369769904165814,0.4188463676203028,1.7881966516828183,-2.0
3.8623862386238623,-1.1224767853012025,0.419372674058028,1.7865323556081756,-2.0
3.8633863386338634,-1.030724940784194,0.4198946141803813,1.8656956147221608,-2.0
3.8643864386438644,-0.9149592001133796,0.4204121845614977,1.8775560699533704,-2.0
3.8653865386538655,-0.9138457461039843,0.42092538182018596,1.8773811904909359,-2.0
3.8663866386638666,-0.866273099124214,0.42143420261994197,1.973946797616362,-2.0
3.8673867386738676,-1.1052539515471982,0.4219386436689659,1.7780491915353975,-2.0
3.8683868386838682,-0.8597535977959297,0.4224387017201758,1.7508976487799246,-2.0
3.8693869386938693,-0.8748258249306358,0.422934373571222,1.8149207527131233,-2.0
3.8703870387038704,-1.040859372220075,0.4234256560645016,1.7788120110444545,-2.0
3.8713871387138714,-0.7811630290745512,0.4239125460871704,1.9920562989544188,-2.0
3.8723872387238725,-0.7794005064389397,0.4243950405711577,1.9112509976263885,-2.0
3.8733873387338735,-0.8737573889260911,0.424873136493178,1.852770342630237,-2.0
3.8743874387438746,-0.8626416613336538,0.4253468308747419,1.9409826856785892,-2.0
3.875387538753875,-0.925735590048943,0.42581612078217,1.9638159921796303,-2.0
3.8763876387638763,-0.9546610920259904,0.426281003326602,1.9673117847323167,-2.0
3.8773877387738773,-1.001695794996984,0.4267414756640091,1.9207147331345262,-2.0
3.8783878387838784,-0.7775236685135487,0.427197534995202,2.031014098761897,-2.0
3.8793879387938794,-0.7954750117038872,0.42764917856584317,2.150602503072637,-2.0
3.8803880388038805,-0.8639479692945652,0.4280964036664552,2.36029547641609,-2.0
3.8813881388138816,-0.8067796445414265,0.4285392076324285,2.538720255180639,-2.0
3.8823882388238826,-0.8012221727537591,0.4289775878440318,2.604933120057293,-2.0
3.8833883388338832,-0.7795449147714298,0.4294115417264194,2.7584478496157177,-2.0
3.8843884388438843,-0.8605876139022469,0.4298410667496377,2.665784773962307,-2.0
3.8853885388538854,-0.8896453638627398,0.43026616042863414,2.7473941479984236,-2.0
3.8863886388638864,-0.9254820290314681,0.43068682032326205,2.9550571276128266,-2.0
3.8873887388738875,-0.8001700569298716,0.4311030440382886,3.0563875766601543,-2.0
3.8883888388838885,-0.9600680372422525,0.4315148292233985,2.950966862937978,-2.0
3.8893889388938896,-0.9978602502318943,0.43192217357320184,2.7515222748291785,-2.0
3.89038903890389,-0.9385338027666491,0.4323250748272369,2.6623137104117274,-2.0
3.8913891389138913,-0.9827738917835395,0.4327235307699756,2.694006450820543,-2.0
3.8923892389238923,-0.6600782616529248,0.4331175392308274,2.6493773210657574,-2.0
3.8933893389338934,-0.8633598175505728,0.43350709808414184,2.621910922090612,-2.0
3.8943894389438944,-0.8037334643854595,0.43389220524921335,2.6203029538025966,-2.0
3.8953895389538955,-0.8068352541962127,0.43427285869028287,2.6118616615970756,-2.0
3.8963896389638966,-0.7926823112503845,0.4346490564165395,2.4808572568942244,-2.0
3.8973897389738976,-0.6337060089997386,0.4350207964821238,2.4471020627212217,-2.0
3.8983898389838982,-0.7629135105376277,0.43538807698612714,2.431458674396668,-2.0
3.8993899389938993,-0.8541656912870076,0.435750896072595,2.4048919712087167,-2.0
3.9003900390039004,-0.6924027267726154,0.4361092519305252,2.344503542513384,-2.0
3.9013901390139014,-0.8529204832499828,0.43646314279386844,2.2887881493362108,-2.0
3.9023902390239025,-0.8682160637040449,0.43681256694152876,2.236076015434172,-2.0
3.9033903390339035,-0.8491766454998056,0.4371575226973611,2.2426318628140516,-2.0
3.9043904390439046,-0.9055520816570168,0.43749800843017156,2.3293624669930346,-2.0
3.905390539053905,-0.8427696413727207,0.4378340225537143,2.3501944520253524,-2.0
3.9063906390639063,-0.7310495071500371,0.43816556352668984,2.43682513732774,-2.0
3.9073907390739073,-0.7407462033105418,0.43849262985274273,2.6340304772376673,-2.0
3.9083908390839084,-0.8870024430839614,0.4388152200804569,2.546578423374664,-2.0
3.9093909390939094,-0.7197460520139083,0.43913333280335415,2.6029078572612407,-2.0
3.9103910391039105,-0.738545878978973,0.4394469666598887,2.708461226469362,-2.0
3.9113911391139116,-0.8079820756934015,0.43975612033344275,2.808736302558032,-2.0
3.9123912391239126,-0.702215942186743,0.4400607925523226,2.8025625904589333,-2.0
3.9133913391339132,-0.9019007552514033,0.4403609820897516,2.75270691345263,-2.0
3.9143914391439143,-0.8836146895126952,0.44065668776386674,2.72005722662262,-2.0
3.9153915391539154,-0.9270646141208967,0.4409479084377095,2.6529567287251057,-2.0
3.9163916391639164,-0.3946605900267323,0.4412346430192215,2.730246722867331,-2.0
3.9173917391739175,-0.6625120132623197,0.44151689046123666,2.7106404687460866,-2.0
3.9183918391839185,-0.7381615114980952,0.4417946497614726,2.6993596034372405,-2.0
3.9193919391939196,-0.5279679652131022,0.4420679199625242,2.518877590410204,-2.0
3.92039203920392,-0.6606847013562213,0.44233670015185417,2.4357604191887576,-2.0
3.9213921392139213,-0.7594111356284722,0.44260098946178467,2.416677128535361,-2.0
3.9223922392239223,-0.7723951632530996,0.4428607870694874,2.312430059955316,-2.0
3.9233923392339234,-0.5511041567001028,0.443116092196974,2.3551906649089878,-2.0
3.9243924392439244,-0.6702391683430261,0.44336690411108637,2.38435028531423,-2.0
3.9253925392539255,-0.6946947381727845,0.44361322212348503,2.314103355486175,-2.0
3.9263926392639266,-0.7093756967052975,0.44385504559063915,2.3684101448444563,-2.0
3.9273927392739276,-0.7288497568916741,0.4440923739138142,2.487898531454249,-2.0
3.9283928392839282,-0.6555957178183991,0.4443252065390596,2.5610147813618185,-2.0
3.9293929392939293,-0.6466336555670031,0.4445535429571981,2.5233419029864654,-2.0
3.9303930393039304,-0.6169383834650983,0.4447773827038105,2.3860014775550407,-2.0
3.9313931393139314,-0.7213304846665451,0.44499672535922424,2.338988290923321,-2.0
3.9323932393239325,-0.6224787694517722,0.4452115705484988,2.3564339110389247,-2.0
3.9333933393339335,-0.5804924042216661,0.4454219179414114,2.441746280883932,-2.0
3.9343934393439346,-0.43475028908571,0.4456277672524433,2.5782642540181118,-2.0
3.935393539353935,-0.5865532470769997,0.4458291182407634,2.642717488265736,-2.0
3.9363936393639363,-0.6178136940213739,0.4460259707102142,2.6666098789612884,-2.0
3.9373937393739373,-0.36275504346778853,0.4462183245092946,2.6603744811771386,-2.0
3.9383938393839384,-0.4503443787221092,0.44640617953114436,2.601596415386783,-2.0
3.9393939393939394,-0.6402242354687736,0.4465895357135273,2.837672529001472,-2.0
3.9403940394039405,-0.46211199220628707,0.44676839303881305,2.8066124376243846,-2.0
3.9413941394139416,-0.6879315410772027,0.44694275153396085,2.781714564021797,-2.0
3.9423942394239426,-0.5219259042558528,0.4471126112705007,2.758210349388835,-2.0
3.9433943394339432,-0.5968551179556795,0.4472779723645142,2.6500728053898435,-2.0
3.9443944394439443,-0.6034458041033397,0.4474388349766173,2.4583777745674262,-2.0
3.9453945394539454,-0.6722483844839338,0.447595199311939,2.53466591337891,-2.0
3.9463946394639464,-0.4077384840681192,0.44774706562010264,2.416724106716611,-2.0
3.9473947394739475,-0.3413415201541953,0.4478944341952054,2.515290031827292,-2.0
3.9483948394839485,-0.43517675511832543,0.4480373053757975,2.52840459389253,-2.0
3.9493949394939496,-0.4810113687728994,0.44817567954486137,2.447157999270774,-2.0
3.95039503950395,-0.47270291443491547,0.44830955712978915,2.3635013565406737,-2.0
3.9513951395139513,-0.4383357264125465,0.44843893860236234,2.4093758607500555,-2.0
3.9523952395239523,-0.5450079614408115,0.44856382447872734,2.585909963482396,-2.0
3.9533953395339534,-0.3259616692039019,0.44868421531937464,2.515890827280566,-2.0
3.9543954395439544,-0.5326738834951685,0.448800111729114,2.7947398701914756,-2.0
3.9553955395539555,-0.36103771936102647,0.44891151435705123,2.7691277803526,-2.0
3.9563956395639566,-0.5390142955667189,0.44901842389656443,2.8134501735390933,-2.0
3.9573957395739576,-0.3785977260319512,0.4491208410852786,3.083334981433305,-2.0
3.9583958395839582,-0.48933410905197183,0.4492187667050417,3.065470248662593,-2.0
3.9593959395939593,-0.4937093002217612,0.449312201581898,3.132726957070366,-2.0
3.9603960396039604,-0.24050522270886296,0.4494011465860633,3.1690687642491513,-2.0
3.9613961396139614,-0.42875075809746843,0.44948560263189813,3.05001726895672,-2.0
3.9623962396239625,-0.41746955885726855,0.44956557067788067,3.096697967249149,-2.0
3.9633963396339635,-0.3133764433460013,0.4496410517265805,3.313422783706125,-2.0
3.9643964396439646,-0.5716157187053874,0.44971204682463023,3.092227218597468,-2.0
3.965396539653965,-0.19533853076590038,0.4497785570626978,3.057745828378623,-2.0
3.9663966396639663,-0.2507225322686702,0.4498405835754586,3.03386912065198,-2.0
3.9673967396739673,-0.26469447715930505,0.4498981275415653,3.0525417737850113,-2.0
3.9683968396839684,-0.4358854866343059,0.44995119018361995,3.011524606911765,-2.0
3.9693969396939695,-0.4921788056429411,0.4499997727681436,3.048233139711572,-2.0
3.9703970397039705,-0.35097761517212217,0.45004387660554607,3.1162869813688454,-2.0
3.9713971397139716,-0.19685057842724166,0.45008350305009615,3.0691608162216557,-2.0
3.9723972397239726,-0.3175225162567188,0.45011865349988944,3.161569289561303,-2.0
3.9733973397339732,-0.07213568788494709,0.4501493293968184,3.2389109867935844,-2.0
3.9743974397439743,-0.40214083690829655,0.45017553222653917,3.071008542438456,-2.0
3.9753975397539754,-0.12414901881821516,0.45019726351844036,3.1133792241946456,-2.0
3.9763976397639764,-0.13449368508462578,0.45021452484560986,3.1750934796502044,-2.0
3.9773977397739775,-0.1255250090016231,0.450227317824802,3.1400558483612206,-2.0
3.9783978397839785,-0.19642189243938102,0.450235644116404,3.034484799758225,-2.0
3.9793979397939796,-0.1623258704487827,0.450239505424402,2.94720978788342,-2.0
3.98039803980398,-0.12292800489892908,0.4502389034963469,2.9490467170570875,-2.0
3.9813981398139813,-0.20634417820244852,0.4502338401233192,2.8782139197087226,-2.0
3.9823982398239823,-0.28562506182124303,0.4502243171398947,3.0223244240813134,-2.0
3.9833983398339834,-0.008752659306594718,0.450210336424108,3.0178527438502236,-2.0
3.9843984398439845,-0.20921378272447944,0.450191899897417,2.8319056048286284,-2.0
3.9853985398539855,-0.3149125125402152,0.4501690095246662,2.7858523771312202,-2.0
3.9863986398639866,-0.24853339450423925,0.4501416673140505,2.775202748919163,-2.0
3.9873987398739876,-0.046174951958550856,0.4501098753170769,2.987992174119054,-2.0
3.9883988398839882,-0.053732544621516075,0.4500736356285281,2.96101141538162,-2.0
3.9893989398939893,-0.07852952910596399,0.4500329503864232,3.2650729677825994,-2.0
3.9903990399039904,-0.012391873114299859,0.4499878217719805,3.320376083333144,-2.0
3.9913991399139914,-0.23510774294789039,0.4499382520095771,3.347505261318787,-2.0
3.9923992399239925,-0.15853728638624842,0.4498842433667112,3.046232694615213,-2.0
3.9933993399339935,-0.158280378511308,0.44982579815396107,3.103393002437045,-2.0
3.9943994399439946,-0.11644221894878395,0.4497629187249457,3.0179193926435497,-2.0
3.995399539953995,-0.09103174065400813,0.44969560747628406,2.830280596992126,-2.0
3.9963996399639963,-0.2445259879933081,0.44962386684755395,2.790047463208587,-2.0
3.9973997399739973,-0.05738727847229845,0.4495476993212509,2.7994171276688,-2.0
3.9983998399839984,-0.22839595635852827,0.44946710742274626,2.9110304838895367,-2.0
3.9993999399939995,-0.09535131290657502,0.449382093720245,2.771952679798211,-2.0
4.000400040004,-0.019512038282456838,0.4492926608247435,2.64498469098773,-2.0
4.001400140014002,0.10875234407739727,0.44919881138998596,2.559804027987713,-2.0
4.002400240024002,-0.01978266957552548,0.4491005481124215,2.578136393223247,-2.0
4.003400340034004,0.012039817494928183,0.4489978737311599,2.701384136665132,-2.0
4.004400440044004,0.030123768614329555,0.4488907910279281,2.7485349561433208,-2.0
4.005400540054006,0.019901276626571845,0.44877930282702455,2.8498874912685164,-2.0
4.006400640064006,0.009870888579607537,0.4486634119952756,2.752823101496637,-2.0
4.007400740074007,0.018040616743608955,0.44854312144198843,2.814676959690956,-2.0
4.0084008400840085,0.0605000197381684,0.44841843411890653,2.7007638378665324,-2.0
4.009400940094009,0.1578617014853026,0.44828935302016326,2.7021971797250046,-2.0
4.010401040104011,0.21009555737940086,0.4481558811822342,2.7920846720538344,-2.0
4.011401140114011,-0.09581407898005295,0.44801802168389193,2.8442534679863254,-2.0
4.012401240124013,0.3315061423543083,0.44787577764615666,2.8125290712531816,-2.0
4.013401340134013,0.17887240095852386,0.4477291522322499,2.903278105283251,-2.0
4.014401440144014,0.1261830775178291,0.4475781486475456,3.095514461646925,-2.0
4.0154015401540155,0.015491040535327683,0.4474227701395212,3.1055236233708934,-2.0
4.016401640164016,0.1262577551114423,0.4472630199977096,3.383546491517548,-2.0
4.017401740174018,0.2096384599035638,0.4470989015536487,3.21969599328313,-2.0
4.018401840184018,0.11283642856907344,0.4469304181808321,3.2209681704655004,-2.0
4.01940194019402,0.17580982434308356,0.4467575732946589,3.1257632970346614,-2.0
4.02040204020402,-0.03159074723614036,0.44658037035238324,2.9889950547727495,-2.0
4.021402140214021,0.22602538461842617,0.4463988128530627,2.9445151796691547,-2.0
4.0224022402240225,0.28467259575232673,0.4462129043375072,2.865857182570845,-2.0
4.023402340234023,0.29815396483220874,0.4460226483882278,3.033420753973937,-2.0
4.024402440244025,0.2033268552307339,0.44582804862938336,3.170575855541328,-2.0
4.025402540254025,0.42095723843831434,0.44562910872672945,3.2552931459584635,-2.0
4.026402640264027,0.28160594704663694,0.44542583238756367,3.165461739052225,-2.0
4.027402740274027,0.011741482558247085,0.44521822336067385,2.9565648113385983,-2.0
4.028402840284029,0.214302536508834,0.44500628543628323,3.050741963042876,-2.0
4.0294029402940295,0.23863075494493594,0.44479002244599714,3.0690447952276396,-2.0
4.03040304030403,0.530853930267478,0.44456943826274764,3.235280659895329,-2.0
4.031403140314032,0.2547040692351032,0.44434453680073915,3.183091157937877,-2.0
4.032403240324032,0.13884285276449648,0.4441153220153933,3.074426581254171,-2.0
4.033403340334034,0.1967327262468036,0.4438817979032927,3.23905520241221,-2.0
4.034403440344034,0.3581748115906793,0.4436439685021256,3.1224759282821193,-2.0
4.035403540354036,0.2827344675019403,0.44340183789062837,3.1427274172608706,-2.0
4.036403640364036,0.2348250124369647,0.4431554101885301,3.179174292755964,-2.0
4.037403740374037,0.3895994409315927,0.44290468955649387,3.2078380438480716,-2.0
4.0384038403840385,0.2703705196129639,0.44264968019606,3.1742895802328874,-2.0
4.039403940394039,0.16470889559829066,0.4423903863495885,2.8743551281089803,-2.0
4.040404040404041,0.3123561190087176,0.4421268123001993,2.708207617938157,-2.0
4.041404140414041,0.30393030974914576,0.4418589623717152,2.6486282023543724,-2.0
4.042404240424043,0.3033311787658386,0.44158684092860084,2.647175563143904,-2.0
4.043404340434043,0.25790076378116655,0.44131045237590544,2.7667320110725733,-2.0
4.044404440444044,0.38172515308060007,0.4410298011592007,2.8954218875772093,-2.0
4.0454045404540455,0.6234583678138336,0.44074489176452186,2.866590839196114,-2.0
4.046404640464046,0.20245014112373427,0.44045572871830735,2.9070161398442877,-2.0
4.047404740474048,0.5712322139386248,0.44016231658733584,2.7574852161472547,-2.0
4.048404840484048,0.45354405224078564,0.4398646599786679,2.7237319976508196,-2.0
4.04940494049405,0.5351438211901868,0.4395627635395809,2.817539385953589,-2.0
4.05040504050405,0.3003328536271618,0.43925663195750964,2.71022621951267,-2.0
4.051405140514051,0.5363132724906885,0.43894626995998204,2.749990482491733,-2.0
4.0524052405240525,0.38646342257606564,0.4386316823145571,2.8202300278813266,-2.0
4.053405340534053,0.44697194979383253,0.4383128738287619,2.928259421870413,-2.0
4.054405440544055,0.48255350858719037,0.4379898493500264,2.617745150568312,-2.0
4.055405540554055,0.4277293861932345,0.4376626137656218,2.4137491285262893,-2.0
4.056405640564057,0.4092448742265389,0.4373311720025941,2.4151585120354397,-2.0
4.057405740574057,0.7212443128511677,0.4369955290277009,2.379471233204526,-2.0
4.058405840584059,0.5852683378584447,0.43665568984734476,2.3430703298096645,-2.0
4.0594059405940595,0.6090559774461003,0.4363116595075095,2.3476288161192627,-2.0
4.06040604060406,0.5515514250683385,0.4359634430936931,2.3257759386667973,-2.0
4.061406140614062,0.7043732544397275,0.43561104573084103,2.135725296603543,-2.0
4.062406240624062,0.6057025083317017,0.4352544725832818,2.2023688435815707,-2.0
4.063406340634064,0.7316652907665449,0.43489372885465793,2.2319322769004173,-2.0
4.064406440644064,0.5687454039946177,0.43452881978785995,2.267041278381153,-2.0
4.065406540654066,0.4984953591205056,0.4341597506649576,2.3040352638150776,-2.0
4.066406640664066,0.7166197142198367,0.43378652680713353,2.282793194974336,-2.0
4.067406740674067,0.6635530879763458,0.4334091535746126,2.0596526091334453,-2.0
4.0684068406840685,0.5494745456117935,0.43302763636659514,1.9920026354196598,-2.0
4.069406940694069,0.7226607499671919,0.43264198062118736,1.970845956226853,-2.0
4.070407040704071,0.6530891247052273,0.43225219181533103,1.8656371366152307,-2.0
4.071407140714071,0.5908864844732096,0.431858275464735,1.8307366686369901,-2.0
4.072407240724073,0.5104587275707955,0.4314602371238036,1.911093621307896,-2.0
4.073407340734073,0.5561404864218356,0.4310580823855681,1.9443602008353513,-2.0
4.074407440744074,0.622151338198369,0.43065181688161297,2.0029061194386695,-2.0
4.0754075407540755,0.8426295852372369,0.4302414462820072,1.8828194717737308,-2.0
4.076407640764076,0.5603325038541697,0.4298269762952324,1.9226214321435553,-2.0
4.077407740774078,0.6403453478104252,0.429408412668109,1.8545557054530784,-2.0
4.078407840784078,0.6469280449992378,0.42898576118572657,1.9123125931903535,-2.0
4.07940794079408,0.6522103886448986,0.4285590276713682,1.9132897790062806,-2.0
4.08040804080408,0.6547664478612119,0.4281282179864415,1.8898824993977401,-2.0
4.081408140814081,0.5794093223123219,0.4276933380304008,2.029343274569672,-2.0
4.0824082408240825,0.899499627509182,0.4272543937406764,2.0757403401195904,-2.0
4.083408340834083,0.6966031082344712,0.4268113910926004,1.8892722173114682,-2.0
4.084408440844085,0.6183947932449392,0.4263643360993306,2.046964536930316,-2.0
4.085408540854085,0.86941553080821,0.42591323481177823,2.19505142787737,-2.0
4.086408640864087,0.7067693413509821,0.4254580933185297,2.237198957973893,-2.0
4.087408740874087,0.58841070703759,0.4249989177457748,2.2216533463186114,-2.0
4.088408840884089,0.6602245251268701,0.424535714257228,2.1653746312081363,-2.0
4.0894089408940895,0.6300091656165768,0.4240684890540547,2.316445382296602,-2.0
4.09040904090409,0.722843832800059,0.4235972483747926,2.2569638991450334,-2.0
4.091409140914092,0.7407807569853635,0.4231219984952757,2.3648666624627115,-2.0
4.092409240924092,0.5817506455385503,0.42264274572855937,2.4339196825611755,-2.0
4.093409340934094,0.7149483317848897,0.42215949642483863,2.4667982876349774,-2.0
4.094409440944094,0.9394424823785735,0.4216722569713746,2.2831104531342112,-2.0
4.095409540954096,0.6617850119734061,0.4211810337924133,2.255960764938244,-2.0
4.096409640964096,0.7881195764874928,0.4206858333491094,2.0693320289074175,-2.0
4.097409740974097,0.8430957258004885,0.420186662139446,1.887400572817322,-2.0
4.0984098409840986,0.6905487101540447,0.4196835266981551,1.7457713482290602,-2.0
4.099409940994099,0.9121958380818902,0.41917643359664064,1.6818180763303492,-2.0
4.100410041004101,0.7056412739553579,0.4186653894428956,1.7327743108030207,-2.0
4.101410141014101,0.8310392225914067,0.4181504008814248,1.785249091717628,-2.0
4.102410241024103,0.7467550893460055,0.4176314745931615,1.6676662832190638,-2.0
4.103410341034103,0.8795982013597149,0.41710861729538956,1.589794919523589,-2.0
4.104410441044104,0.8489471723233409,0.4165818357416601,1.4450998192922508,-2.0
4.1054105410541055,0.8509762407825359,0.4160511367217102,1.3132386791333384,-2.0
4.106410641064106,0.8645998720534245,0.4155165270613835,1.142793888835534,-2.0
4.107410741074108,0.9666457327447182,0.41497801362254483,1.1543895252217127,-2.0
4.108410841084108,0.7917149966190106,0.41443560330300105,1.1246215758702183,-2.0
4.10941094109411,0.9106231647136582,0.41388930303641497,1.2553066576232645,-2.0
4.11041104110411,0.7749232264881271,0.41333911979222576,1.348617840810393,-2.0
4.111411141114112,0.7136568611470093,0.4127850605755615,1.2859546164782416,-2.0
4.1124112411241125,0.8100221523251252,0.412227132427161,1.307135506860651,-2.0
4.113411341134113,1.0446541137246639,0.4116653424232837,1.14564295924613,-2.0
4.114411441144115,0.7776123713975972,0.4110996976756292,1.040981844585833,-2.0
4.115411541154115,0.890546082673636,0.41053020533125295,1.0150955550482754,-2.0
4.116411641164117,0.8522198516443418,0.4099568725724773,0.8853115208467757,-2.0
4.117411741174117,0.9049179537132542,0.4093797066168123,0.9616899287164039,-2.0
4.118411841184119,1.029788240739061,0.4087987147168634,1.0499462135037063,-2.0
4.1194119411941195,0.8315677462805798,0.40821390416025144,1.1280418853278333,-2.0
4.12041204120412,0.9382188264375566,0.4076252822695223,1.3561989339169012,-2.0
4.121412141214122,0.9754288798317049,0.40703285640206227,1.1806740902179658,-2.0
4.122412241224122,1.028146642325072,0.4064366339500117,1.141340132662737,-2.0
4.123412341234124,0.7749742616088524,0.4058366223401749,1.3094083691948937,-2.0
4.124412441244124,1.0622172174149087,0.40523282903393815,1.2497805866250573,-2.0
4.125412541254126,0.841067178295301,0.40462526152717465,1.3671440353937552,-2.0
4.126412641264126,0.8224977454537231,0.40401392735016367,1.4715350863045948,-2.0
4.127412741274127,0.8624535405553123,0.40339883406749727,1.4135127617393248,-2.0
4.1284128412841286,0.971873240806864,0.4027799892779919,1.3321910201934288,-2.0
4.129412941294129,1.052504887780764,0.4021574006146044,1.3765056682074128,-2.0
4.130413041304131,0.9249198006285902,0.4015310757443352,1.2509195297446756,-2.0
4.131413141314131,1.0168885791957243,0.40090102236814495,1.2495177264081323,-2.0
4.132413241324133,0.8213857707192312,0.4002672482208608,1.0478802693934492,-2.0
4.133413341334133,0.8526017395441098,0.39962976107108894,0.9792197007652051,-2.0
4.134413441344134,0.9828876666358607,0.3989885687211221,1.0182042083531038,-2.0
4.1354135413541355,0.8260552809516285,0.3983436790068482,1.2077817928920227,-2.0
4.136413641364136,0.7903502457803459,0.397695099797663,1.239344089564896,-2.0
4.137413741374138,1.025088443370334,0.39704283899637405,1.1754910032525359,-2.0
4.138413841384138,0.9548596523317769,0.3963869045391128,1.2922100389731563,-2.0
4.13941394139414,1.0082395232550747,0.3957273043952396,1.1189876470408555,-2.0
4.14041404140414,1.0874049630856661,0.3950640465672544,1.0576786202034862,-2.0
4.141414141414142,1.0097548151015172,0.39439713909070073,1.0634153121618697,-2.0
4.1424142414241425,0.9333844080080376,0.3937265900340771,1.058784907177796,-2.0
4.143414341434143,0.9651156967048109,0.39305240749873926,0.9858538527702283,-2.0
4.144414441444145,1.0144313433299168,0.39237459961880977,1.1581347573412426,-2.0
4.145414541454145,0.847695177769983,0.39169317456108466,1.046015018751003,-2.0
4.146414641464147,1.070617990757279,0.3910081405249369,1.0244513127100683,-2.0
4.147414741474147,1.1184355834495894,0.39031950574222507,0.830060252632256,-2.0
4.148414841484149,0.9770439805002789,0.3896272784771947,0.9305997689132979,-2.0
4.1494149414941495,0.7398290637252651,0.3889314670263898,0.9503052041013547,-2.0
4.15041504150415,1.0632125203286549,0.38823207971855034,0.9934954438013199,-2.0
4.151415141514152,0.9872742302241325,0.3875291249145219,0.930765798266755,-2.0
4.152415241524152,0.9831570068992184,0.3868226110071592,0.8176188985293952,-2.0
4.153415341534154,1.2119181585109289,0.3861125464212281,0.8619531979777989,-2.0
4.154415441544154,1.1437869049736482,0.3853989396133123,0.9360556635640842,-2.0
4.155415541554156,0.9600749133017417,0.3846817990717126,1.0540808870672735,-2.0
4.156415641564156,1.1256868752716047,0.3839611333163558,0.9880840823756565,-2.0
4.157415741574157,1.1960761445506107,0.3832369508986923,0.8142691164411286,-2.0
4.158415841584159,1.1288384918009617,0.3825092604016013,0.8351318543791172,-2.0
4.159415941594159,0.8800751814587405,0.3817780704392945,0.8807041474824161,-2.0
4.160416041604161,0.9991464955947023,0.38104338965721335,0.6248131082035873,-2.0
4.161416141614161,1.2044947620325748,0.3803052267319381,0.6607494523783439,-2.0
4.162416241624163,0.9720097438606283,0.37956359037108167,0.6255742452972739,-2.0
4.163416341634163,0.859122481925579,0.37881848931319706,0.7802237754112102,-2.0
4.164416441644164,0.9302320946933055,0.3780699323276748,0.8768123117457325,-2.0
4.1654165416541655,0.9341413412599919,0.3773179282146447,0.8660192301253732,-2.0
4.166416641664166,0.9939984039907447,0.3765624858048782,0.8925767707199432,-2.0
4.167416741674168,0.8411381305343445,0.37580361395968415,0.9179461474158401,-2.0
4.168416841684168,0.9878270915165708,0.3750413215708142,1.0104145425100863,-2.0
4.16941694169417,1.1113123276581638,0.37427561756035793,1.0672916854316121,-2.0
4.17041704170417,0.9088530408910682,0.3735065108806459,1.1127830351937458,-2.0
4.171417141714172,0.9907827436312721,0.3727340105141454,1.1991514798038565,-2.0
4.1724172417241725,0.9015940256140677,0.3719581254733631,1.1746973525637887,-2.0
4.173417341734173,0.9838905453777315,0.3711788648007406,1.284052582697873,-2.0
4.174417441744175,1.0631762349370026,0.3703962375685529,1.4044931018251876,-2.0
4.175417541754175,0.9908439889892271,0.36961025287881044,1.289387302503743,-2.0
4.176417641764177,0.8655284462495385,0.3688209198631518,1.1320886205944671,-2.0
4.177417741774177,0.9392394706106705,0.3680282476827458,1.125930644145667,-2.0
4.178417841784179,1.114337928058527,0.367232245528185,1.1331311550723793,-2.0
4.1794179417941795,0.87077711318078,0.36643292261938726,1.3438098192119134,-2.0
4.18041804180418,0.8070354576691737,0.3656302882054873,1.2849288490329067,-2.0
4.181418141814182,0.9610095686246507,0.3648243515647376,1.2997869403982274,-2.0
4.182418241824182,1.1282592380192982,0.3640151220044043,1.1571678615241348,-2.0
4.183418341834184,1.0993415455491247,0.3632026088606608,1.1285376987464557,-2.0
4.184418441844184,0.9633406984456755,0.3623868214984872,1.2349737521035793,-2.0
4.185418541854186,0.9083977858320601,0.3615677693115623,1.353762432724912,-2.0
4.186418641864186,1.0049912909865735,0.36074546172216326,1.305264875249334,-2.0
4.187418741874187,1.0216540927807376,0.3599199081810556,1.2513411436692239,-2.0
4.188418841884189,1.0837494730012716,0.35909111816739236,1.3950809652112195,-2.0
4.189418941894189,0.9357647697034982,0.3582591011886084,1.3336841690786176,-2.0
4.190419041904191,1.029985705563044,0.3574238667803119,1.2108714018711253,-2.0
4.191419141914191,1.0153689252482663,0.3565854245061832,1.1795550029928121,-2.0
4.192419241924193,0.8903136507848576,0.3557437839578624,1.1844779373903183,-2.0
4.193419341934193,0.840929438292453,0.35489895475485184,1.3429695980710743,-2.0
4.194419441944194,0.9953144484881723,0.3540509465444004,1.3848682986740661,-2.0
4.1954195419541955,1.0093635287277836,0.35319976900140265,1.4199465325125895,-2.0
4.196419641964196,0.897268431521829,0.35234543182829203,1.4091355677521964,-2.0
4.197419741974198,0.8278812861100215,0.35148794475492834,1.473745525937202,-2.0
4.198419841984198,0.869411027028613,0.3506273175384991,1.3872323729524085,-2.0
4.1994199419942,0.7349609517535793,0.34976355996340147,1.4511410644508653,-2.0
4.2004200420042,0.8111027418081014,0.34889668184114425,1.479997914421265,-2.0
4.201420142014202,0.9073601842818562,0.3480266930102325,1.5888080533154758,-2.0
4.2024202420242025,1.0361634352308862,0.34715360333606426,1.5761132179975685,-2.0
4.203420342034203,1.0262578971644016,0.3462774227108188,1.5767510570811556,-2.0
4.204420442044205,1.0377002416127838,0.34539816105334725,1.4980737310697594,-2.0
4.205420542054205,0.8394351061359684,0.34451582830907,1.6822498480573982,-2.0
4.206420642064207,0.8696718346074832,0.34363043444985786,1.7065757016206007,-2.0
4.207420742074207,0.7873882239695179,0.34274198947393136,1.707572110896657,-2.0
4.208420842084209,0.9171543124460452,0.3418505034057451,1.708862985525154,-2.0
4.2094209420942095,0.8361078278677125,0.34095598629588225,1.7266199365800703,-2.0
4.21042104210421,0.861888627265774,0.3400584482209415,1.659475605365836,-2.0
4.211421142114212,0.8144572700133272,0.33915789928342654,1.6575730738220604,-2.0
4.212421242124212,0.9189956723748997,0.33825434961163975,1.52791427431494,-2.0
4.213421342134214,0.8622855849206972,0.33734780935956615,1.3293706817348834,-2.0
4.214421442144214,1.0198051642943855,0.3364382887067671,1.13171586377037,-2.0
4.215421542154216,0.8047176618055938,0.335525797858265,1.3663392723187453,-2.0
4.216421642164216,0.9387944492665854,0.33461034704443665,1.5227893549079903,-2.0
4.217421742174217,0.8292748152199075,0.3336919465208962,1.5530756747590435,-2.0
4.218421842184219,0.8255867272245299,0.33277060656838786,1.7492183689085996,-2.0
4.219421942194219,0.7277046526736968,0.3318463374926735,1.7894113047539169,-2.0
4.220422042204221,0.9519381467937995,0.3309191496244176,1.9274407750443865,-2.0
4.221422142214221,0.8849166929860285,0.3299890533190787,2.043622300710506,-2.0
4.222422242224223,0.793434543737074,0.3290560589567931,2.0248191458097597,-2.0
4.223422342234223,0.9659328865678496,0.32812017694226653,2.131988812975365,-2.0
4.224422442244224,0.7932151296237014,0.3271814177046558,2.0585638797230708,-2.0
4.2254225422542255,0.967346754521101,0.32623979169745976,1.8201906299146513,-2.0
4.226422642264226,0.7345512247568503,0.32529530939840645,1.9093477518171182,-2.0
4.227422742274228,0.6307305365342896,0.32434798130933523,1.97669743648272,-2.0
4.228422842284228,0.8536591672537825,0.32339781795608863,2.1522981871792966,-2.0
4.22942294229423,0.7141687897784577,0.3224448298883916,2.188305018987119,-2.0
4.23042304230423,0.7902390256500216,0.321489027679747,2.0718292898856787,-2.0
4.231423142314232,0.9102100304545443,0.32053042192730974,2.1131789649061585,-2.0
4.2324232423242325,0.812897252290655,0.3195690232517828,2.1152794781453594,-2.0
4.233423342334233,0.8384765713346434,0.3186048422972959,2.152697486443385,-2.0
4.234423442344235,0.9040611068327745,0.3176378897312925,2.10579593286089,-2.0
4.235423542354235,0.8934602355569827,0.31666817624441757,2.2627718503852243,-2.0
4.236423642364237,0.7365497220779553,0.3156957125503958,2.238749381999404,-2.0
4.237423742374237,0.8901183577503815,0.3147205093859243,2.298312752631978,-2.0
4.238423842384239,0.7438271851592307,0.31374257751054996,2.4405078402741864,-2.0
4.2394239423942395,0.8334283521965495,0.3127619277065593,2.388963111658556,-2.0
4.24042404240424,0.7457694407166544,0.3117785707788584,2.405202230836747,-2.0
4.241424142414242,0.692670074145099,0.31079251755485643,2.514133961558576,-2.0
4.242424242424242,0.7487462737329247,0.30980377888435656,2.557289640817867,-2.0
4.243424342434244,0.6618976850227598,0.3088123656394282,2.5057959340062435,-2.0
4.244424442444244,0.6989863670205008,0.30781828871430067,2.428564824293705,-2.0
4.245424542454246,0.6467210540078483,0.30682155902523933,2.5074250474107314,-2.0
4.2464246424642464,0.6538437111499444,0.3058221875104335,2.3125768983452692,-2.0
4.247424742474247,0.6763588903694594,0.3048201851298758,2.236355754767089,-2.0
4.248424842484249,0.6928638494232442,0.30381556286524475,2.1941911897639357,-2.0
4.249424942494249,0.7037765978617776,0.3028083317197918,2.415428202364618,-2.0
4.250425042504251,0.7649091583057213,0.30179850271821757,2.5675029284341897,-2.0
4.251425142514251,0.7755368609607189,0.3007860869065595,2.668825094993367,-2.0
4.252425242524253,0.8646857317255066,0.2997710953520688,2.8409150216469,-2.0
4.253425342534253,0.7993909933479294,0.29875353914309716,2.890723940687977,-2.0
4.254425442544254,0.6229080413674002,0.2977334293889749,2.962080484553532,-2.0
4.2554255425542555,0.5571997414308372,0.296710777219892,2.782734052884257,-2.0
4.256425642564256,0.8030169636247865,0.2956855937867844,2.7883935697140125,-2.0
4.257425742574258,0.6766903437860067,0.29465789026120914,2.900669587888649,-2.0
4.258425842584258,0.8240909690780468,0.2936276778352306,2.905662829851343,-2.0
4.25942594259426,0.5052200581950264,0.29259496772129645,2.9231098949499685,-2.0
4.26042604260426,0.6841809377180778,0.2915597711521239,3.028450108811466,-2.0
4.261426142614262,0.664226016539957,0.2905220993805728,3.124585907830031,-2.0
4.2624262426242625,0.4832434160609618,0.28948196367953655,3.1848538391158723,-2.0
4.263426342634263,0.5280146793587946,0.288439375341811,3.2703488123040128,-2.0
4.264426442644265,0.6028383877846785,0.28739434567998223,3.264981410888983,-2.0
4.265426542654265,0.6236610057628045,0.2863468860263051,3.2023917620951665,-2.0
4.266426642664267,0.6516082661903863,0.28529700773258027,3.2012352442227163,-2.0
4.267426742674267,0.5408790280844427,0.28424472217003877,3.162179991082047,-2.0
4.268426842684269,0.676839030292051,0.2831900407292144,3.146548925449757,-2.0
4.2694269426942695,0.47596751214222094,0.2821329748198315,2.9410671144501315,-2.0
4.27042704270427,0.41518682536150464,0.281073535870678,2.8930189911786943,-2.0
4.271427142714272,0.6561553346916409,0.28001173532948637,2.859306072652714,-2.0
4.272427242724272,0.5958194440288599,0.2789475846628153,2.91544133999761,-2.0
4.273427342734274,0.5965377382588224,0.2778810953559214,2.9625607277287362,-2.0
4.274427442744274,0.4782713712810435,0.2768122789126492,2.9742857340569935,-2.0
4.275427542754276,0.5686330583403006,0.2757411468552965,2.978408198106478,-2.0
4.2764276427642764,0.6268493717043302,0.2746677107245042,3.0282200184882266,-2.0
4.277427742774277,0.49028334018251096,0.2735919820791276,2.9253508328332267,-2.0
4.278427842784279,0.39230852740678274,0.2725139724961166,2.911107252072897,-2.0
4.279427942794279,0.5575273403623379,0.2714336935703965,2.965766827874034,-2.0
4.280428042804281,0.6247667928383257,0.2703511569147391,2.9284419159681283,-2.0
4.281428142814281,0.42492747510617823,0.26926637415964905,2.9089510355873145,-2.0
4.282428242824283,0.48084352399340735,0.2681793569532341,2.880289706556795,-2.0
4.283428342834283,0.45526660440456257,0.2670901169610881,2.8315617516406792,-2.0
4.284428442844284,0.368493374264615,0.26599866586616494,2.8539271664110193,-2.0
4.2854285428542855,0.6062993077798955,0.26490501536865446,2.7567030529631245,-2.0
4.286428642864286,0.5083117375616636,0.26380917718586816,2.7599952321075647,-2.0
4.287428742874288,0.4213013774839567,0.26271116305210346,2.623040040777335,-2.0
4.288428842884288,0.277692815559869,0.2616109847185322,2.8494606559582736,-2.0
4.28942894289429,0.42217055368691175,0.2605086539530696,2.7748536264417534,-2.0
4.29042904290429,0.30767259453500884,0.25940418254025627,2.7891844381028297,-2.0
4.291429142914292,0.4829388810566693,0.25829758228112976,2.999004290083115,-2.0
4.2924292429242925,0.22717185526638659,0.25718886499310734,2.8445476323963463,-2.0
4.293429342934293,0.40235481446643884,0.25607804250985444,2.9067215804603825,-2.0
4.294429442944295,0.24727993123668884,0.2549651266811672,2.8646266917242,-2.0
4.295429542954295,0.2822589732914904,0.2538501293728478,3.139082396803457,-2.0
4.296429642964297,0.438632874757033,0.25273306246657656,3.0199032948863183,-2.0
4.297429742974297,0.28316964184074767,0.2516139378597932,3.0495849335412384,-2.0
4.298429842984299,0.506489606204491,0.2504927674655672,3.0523774448765715,-2.0
4.2994299429942995,0.501392976662548,0.2493695632124794,3.0106651748335564,-2.0
4.3004300430043,0.2587933535748665,0.2482443370444909,3.115369087552643,-2.0
4.301430143014302,0.21192640694540327,0.24711710092082345,3.139227733614806,-2.0
4.302430243024302,0.2687911800565513,0.2459878668158352,3.133880117813827,-2.0
4.303430343034304,0.2271005239184895,0.2448566467188913,3.1683713353492053,-2.0
4.304430443044304,0.038408629060687455,0.24372345263424539,3.1121604387055153,-2.0
4.305430543054306,0.4197223468249822,0.24258829658090625,3.2268343740361773,-2.0
4.3064306430643065,0.29519308481976203,0.24145119059252473,3.2326761897478686,-2.0
4.307430743074307,0.14129671786623066,0.2403121467172555,3.3754161700602836,-2.0
4.308430843084309,0.09433238566200511,0.23917117701764054,3.4103329259544752,-2.0
4.309430943094309,0.10273665711189334,0.2380282935704836,3.275395784840354,-2.0
4.310431043104311,0.22888405299579656,0.23688350846671727,3.322432853296762,-2.0
4.311431143114311,0.20546962653597098,0.23573683381129013,3.2533997201721245,-2.0
4.312431243124313,0.09642108154601181,0.2345882817230268,3.249672737799308,-2.0
4.313431343134313,0.23583706035698715,0.23343786433451466,3.3204195929274762,-2.0
4.314431443144314,0.3029246411128016,0.23228559379197028,3.321357743699471,-2.0
4.3154315431543155,0.2285888945007601,0.23113148225511632,3.232975844863787,-2.0
4.316431643164316,0.07677168636662125,0.22997554189705804,3.1020334463579013,-2.0
4.317431743174318,0.03765745117994804,0.22881778490414972,3.0445797100828393,-2.0
4.318431843184318,0.012008650945131982,0.22765822347588074,3.0421030896124526,-2.0
4.31943194319432,0.28797103511886707,0.2264968698247354,3.050210614827162,-2.0
4.32043204320432,0.17578185690441733,0.2253337361760788,2.9132302150566853,-2.0
4.321432143214322,-0.03736001027223926,0.22416883476802213,2.881203287228496,-2.0
4.3224322432243225,0.02847000806892616,0.22300217785130239,2.990878056060394,-2.0
4.323432343234323,0.16949357874738732,0.2218337776891517,2.979384819869842,-2.0
4.324432443244325,0.08075903982648387,0.2206636465571703,2.890676657682326,-2.0
4.325432543254325,-0.10422585183493414,0.21949179674320596,2.9218649850544423,-2.0
4.326432643264327,0.10965365503333857,0.21831824054721963,2.844439199613201,-2.0
4.327432743274327,-0.1645219519529253,0.21714299028116543,2.7698890320730896,-2.0
4.328432843284329,-0.0077271021338520054,0.21596605826885776,2.6971634922889525,-2.0
4.3294329432943295,-0.055527087910775735,0.2147874568458507,2.6763030793594194,-2.0
4.33043304330433,0.15060337584166203,0.2136071983593041,2.5950641394891516,-2.0
4.331433143314332,0.004892353099158881,0.21242529516786196,2.6696179493824737,-2.0
4.332433243324332,0.04809923688656022,0.21124175964152522,2.563776678123339,-2.0
4.333433343334334,-0.04842128091249553,0.21005660416152028,2.378809276953907,-2.0
4.334433443344334,0.012675218069007897,0.2088698411201774,2.3351561544714396,-2.0
4.335433543354336,0.09150721204212739,0.20768148292079794,2.312900724324265,-2.0
4.3364336433643365,0.01052846793239336,0.2064915419775332,2.3474992733325832,-2.0
4.337433743374337,-0.03778816079050249,0.20530003071524966,2.4448917725153927,-2.0
4.338433843384339,-0.08553919374374505,0.2041069615694076,2.388206260015411,-2.0
4.339433943394339,0.0908492875155062,0.20291234698593286,2.3353622358232977,-2.0
4.340434043404341,0.10785419141834743,0.20171619942108543,2.265626541439875,-2.0
4.341434143414341,0.025557011197965496,0.20051853134133799,2.4083491037143667,-2.0
4.342434243424343,-0.2297362787004399,0.1993193552232393,2.364635013072894,-2.0
4.343434343434343,0.007318754051914816,0.19811868355329948,2.209856469798423,-2.0
4.344434443444344,-0.13227196890434217,0.1969165288278482,2.142728401470209,-2.0
4.3454345434543455,-0.06065091248175821,0.19571290355291612,2.2443476953577255,-2.0
4.346434643464346,-0.12075799195849225,0.19450782024410604,2.4348470793481134,-2.0
4.347434743474348,-0.2631118334160913,0.19330129142646085,2.4956000298800443,-2.0
4.348434843484348,-0.12812956210661763,0.1920933296343416,2.573612508662927,-2.0
4.34943494349435,-0.29636121270189575,0.19088394741129158,2.563130348903268,-2.0
4.35043504350435,0.036227933548588304,0.18967315730991793,2.6076924509674626,-2.0
4.351435143514352,-0.1442890155406992,0.1884609718917552,2.590759136552018,-2.0
4.3524352435243525,-0.22404584801415658,0.18724740372714369,2.6821441135163164,-2.0
4.353435343534353,-0.2960298029707049,0.18603246539509705,2.6379105618074825,-2.0
4.354435443544355,-0.1359391770782995,0.18481616948317306,2.638748371392215,-2.0
4.355435543554355,-0.19169757713752533,0.18359852858735476,2.719429162702639,-2.0
4.356435643564357,-0.21467931632066997,0.18237955531190803,2.590953820872217,-2.0
4.357435743574357,-0.17125834004363683,0.18115926226926643,2.521839077473947,-2.0
4.358435843584359,-0.18905866093055515,0.17993766207989392,2.405814378140303,-2.0
4.3594359435943595,-0.2711412426031931,0.17871476737216288,2.2380538967252517,-2.0
4.36043604360436,-0.2951557655099189,0.17749059078222162,2.2701392379629954,-2.0
4.361436143614362,-0.44154155107918847,0.17626514495386528,2.2677883602317377,-2.0
4.362436243624362,-0.09109384017320357,0.17503844253841389,2.170184148448938,-2.0
4.363436343634364,-0.26825650090602593,0.1738104961945762,2.3346346828787428,-2.0
4.364436443644364,-0.12940781337506302,0.17258131858832756,2.3481619944131364,-2.0
4.365436543654366,-0.32656894553484933,0.17135092239277605,2.4751547043535744,-2.0
4.3664366436643665,-0.18698172733081608,0.17011932028803942,2.465692168624236,-2.0
4.367436743674367,-0.26426151343548304,0.16888652496111267,2.468390217560449,-2.0
4.368436843684369,-0.27894293650389496,0.16765254910573874,2.4591813803338436,-2.0
4.369436943694369,-0.33942068763690203,0.16641740542228628,2.432931555101125,-2.0
4.370437043704371,-0.2522303962044477,0.1651811066176135,2.3204805471322545,-2.0
4.371437143714371,-0.26577638784366064,0.1639436654049461,2.2236051035869013,-2.0
4.372437243724373,-0.4444562964302313,0.16270509450374276,2.0980247091218347,-2.0
4.373437343734373,-0.38511980503803245,0.16146540663957337,1.990239304742476,-2.0
4.374437443744374,-0.4138592457598562,0.16022461454398249,1.9667687331028845,-2.0
4.3754375437543755,-0.3521417480614909,0.15898273095436702,1.8049260621368952,-2.0
4.376437643764376,-0.40293420619762343,0.15773976861384734,1.759262597191927,-2.0
4.377437743774378,-0.395563934645618,0.156495740271134,1.675151387979101,-2.0
4.378437843784378,-0.40288894421046667,0.15525065868040522,1.9081102966045425,-2.0
4.37943794379438,-0.37734908069045126,0.1540045366011724,1.7901994134309025,-2.0
4.38043804380438,-0.38709706938650207,0.15275738679815803,1.6854603146606124,-2.0
4.381438143814382,-0.4739009766018152,0.15150922204115871,1.8949297534631968,-2.0
4.3824382438243825,-0.5573123096021843,0.15026005510492615,1.9134756880071,-2.0
4.383438343834383,-0.31560006380543926,0.14900989876903128,1.911975252141457,-2.0
4.384438443844385,-0.5088962071766422,0.147758765817738,1.8512204009019824,-2.0
4.385438543854385,-0.4518084065598659,0.1465066690398779,1.8423782907628443,-2.0
4.386438643864387,-0.3918706287284687,0.14525362122871302,1.8850719958758313,-2.0
4.387438743874387,-0.43900899903578816,0.1439996351818206,1.9430852264502172,-2.0
4.388438843884389,-0.4931818671099481,0.14274472370094923,1.9019627879759573,-2.0
4.3894389438943895,-0.3583233562071353,0.1414888995919037,2.0277567476583513,-2.0
4.39043904390439,-0.5738696652500711,0.14023217566440777,2.1414619776827206,-2.0
4.391439143914392,-0.47980752451149533,0.13897456473197878,2.363764409516702,-2.0
4.392439243924392,-0.46254712728815595,0.13771607961180188,2.3462608775048457,-2.0
4.393439343934394,-0.45921580543558416,0.13645673312459367,2.5504613363412214,-2.0
4.394439443944394,-0.4332051897375152,0.1351965380944838,2.46736262252274,-2.0
4.395439543954396,-0.7481486940186717,0.1339355073488779,2.4715312336528905,-2.0
4.3964396439643965,-0.5494404218691266,0.13267365371833564,2.6633523551379437,-2.0
4.397439743974397,-0.5850219711445032,0.131410990036438,2.6918133370202364,-2.0
4.398439843984399,-0.889214755506187,0.1301475291396575,2.535911589509499,-2.0
4.399439943994399,-0.6300617171772072,0.1288832838672397,2.3693796883592295,-2.0
4.400440044004401,-0.603734288107065,0.12761826706106008,2.316459368479609,-2.0
4.401440144014401,-0.6673934470585233,0.12635249156550915,2.6149155779472477,-2.0
4.402440244024403,-0.5989342928329618,0.12508597022735488,2.672468216752298,-2.0
4.403440344034403,-0.5842381128683418,0.12381871589562092,2.733129905650447,-2.0
4.404440444044404,-0.762225846951231,0.12255074142145403,2.714134985523183,-2.0
4.4054405440544055,-0.87139081508252,0.12128205965799532,2.6600498230565055,-2.0
4.406440644064406,-0.646544893649363,0.12001268346025828,2.6746891316526358,-2.0
4.407440744074408,-0.8393555700756896,0.11874262568499294,2.865389439916033,-2.0
4.408440844084408,-0.6500166944234751,0.1174718991905642,3.105391932532338,-2.0
4.40944094409441,-0.6707369230891769,0.11620051683681787,2.886622508535922,-2.0
4.41044104410441,-0.7502465759379383,0.11492849148495868,2.8629229987053257,-2.0
4.411441144114412,-0.6445645341378884,0.11365583599741623,2.9475230342317147,-2.0
4.4124412441244125,-0.46195861142614014,0.11238256323772376,2.734626003304257,-2.0
4.413441344134413,-0.7091421487040107,0.11110868607038213,2.807582559429378,-2.0
4.414441444144415,-0.9035586064553487,0.10983421736073855,2.814578833187548,-2.0
4.415441544154415,-0.5946733006306396,0.10855916997485798,2.8156499283099166,-2.0
4.416441644164417,-0.7419121159333155,0.10728355677939101,2.799647447531669,-2.0
4.417441744174417,-0.6632232237540643,0.10600739064145266,2.8557281590472616,-2.0
4.418441844184419,-0.6365755046490955,0.10473068442848533,2.7814157919540383,-2.0
4.4194419441944195,-0.7154589593866167,0.10345345100814472,2.7325076533599635,-2.0
4.42044204420442,-0.7867531883117832,0.10217570324815725,2.787198305550055,-2.0
4.421442144214422,-0.6762379636126232,0.10089745401620254,2.7260668311280307,-2.0
4.422442244224422,-0.879510353191248,0.09961871617978516,2.6339817730978945,-2.0
4.423442344234424,-0.7493194904541811,0.09833950260609935,2.504685509569366,-2.0
4.424442444244424,-0.8989426632768857,0.09705982616191527,2.735319241447265,-2.0
4.425442544254426,-0.9098271222312653,0.09577969971343579,2.7777704395034992,-2.0
4.4264426442644265,-0.7254858418849801,0.09449913612618296,2.7763868455483927,-2.0
4.427442744274427,-0.6177134875659296,0.09321814826486216,2.778594198585793,-2.0
4.428442844284429,-0.779070688742188,0.09193674899323764,2.8996374266614255,-2.0
4.429442944294429,-0.7706346951315707,0.09065495117400867,2.8074731350921334,-2.0
4.430443044304431,-0.9324419973038367,0.08937276766867347,2.8166066223844988,-2.0
4.431443144314431,-0.8048695903118683,0.08809021133741615,2.9660930721510823,-2.0
4.432443244324433,-0.801348948838719,0.0868072950389639,3.055321182261418,-2.0
4.433443344334433,-0.8868915407974824,0.08552403163047381,3.120577499118564,-2.0
4.434443444344434,-0.7279228008437841,0.08424043396739817,3.1982822496883454,-2.0
4.4354435443544356,-0.7866279893446395,0.08295651490335708,3.2543851942773943,-2.0
4.436443644364436,-0.8602363264718897,0.08167228729002185,3.1616539024627563,-2.0
4.437443744374438,-0.9386745676252495,0.08038776397697331,3.3852856320446527,-2.0
4.438443844384438,-0.7477817339327623,0.079102957811589,3.453492537474135,-2.0
4.43944394439444,-0.6638847447536933,0.07781788163890734,3.421270236427728,-2.0
4.44044404440444,-0.6950301519731313,0.07653254830150787,3.2909680428277293,-2.0
4.441444144414442,-0.8922748659034463,0.07524697063937905,3.3575076902752503,-2.0
4.4424442444244425,-1.0165886056682265,0.07396116148979869,3.414510585125974,-2.0
4.443444344434443,-0.7939415756651884,0.07267513368719976,3.255106112097785,-2.0
4.444444444444445,-0.8269690603394455,0.0713889000630509,3.293237055944336,-2.0
4.445444544454445,-0.8102155646640845,0.07010247344572981,3.3376650072190266,-2.0
4.446444644464447,-0.76049225414514,0.06881586666039285,3.412038198691224,-2.0
4.447444744474447,-0.993316828975062,0.0675290925288552,3.435699588683209,-2.0
4.448444844484449,-0.8757057433833788,0.06624216386945915,3.2858368310743815,-2.0
4.4494449444944495,-0.9622727145051598,0.06495509349695523,3.2945262384201253,-2.0
4.45044504450445,-0.9138792214396182,0.06366789422236847,3.073080655863298,-2.0
4.451445144514452,-0.9453810057268993,0.06238057885287956,3.0667548110961267,-2.0
4.452445244524452,-0.8418306425237563,0.061093160191698734,3.0491988166597124,-2.0
4.453445344534454,-0.9196990873571896,0.05980565103793615,3.0499433416196546,-2.0
4.454445444544454,-0.6982296271480208,0.05851806418648318,3.158877542385869,-2.0
4.455445544554456,-0.8477265776458112,0.05723041242787792,3.172647140595595,-2.0
4.4564456445644565,-0.9697940147433847,0.05594270854819396,3.273927569075577,-2.0
4.457445744574457,-0.9572422612195158,0.054654965328900164,3.2601472438282175,-2.0
4.458445844584459,-0.9922009307668145,0.0533671955467461,3.29908407737061,-2.0
4.459445944594459,-1.0515585373321552,0.05207941197363584,3.2626599716288314,-2.0
4.460446044604461,-1.1220642686769566,0.05079162737649891,3.2527275193098846,-2.0
4.461446144614461,-0.8964353378698717,0.04950385451717241,3.1797159329751183,-2.0
4.462446244624463,-1.0142230420310774,0.04821610615226779,3.121797088667932,-2.0
4.463446344634463,-0.879666635234599,0.04692839503305672,3.321014107279757,-2.0
4.464446444644464,-0.9127777289488934,0.045640733905338876,3.3258843513299605,-2.0
4.4654465446544656,-1.0160062093345799,0.04435313550932072,3.338889783374508,-2.0
4.466446644664466,-0.7699200484586866,0.04306561257949443,3.3021801796676087,-2.0
4.467446744674468,-0.8935472731383081,0.04177817784450521,3.4091559768276114,-2.0
4.468446844684468,-1.09711916918201,0.04049084402704136,3.474621137708535,-2.0
4.46944694469447,-1.0584945610970853,0.03920362384369456,3.557297695349882,-2.0
4.47044704470447,-0.9767780999182268,0.037916530004850096,3.5926016669350016,-2.0
4.471447144714472,-1.0203099859259064,0.03662957521455395,3.4645701176111574,-2.0
4.4724472447244725,-1.0003464499036208,0.035342772170396025,3.480162045587941,-2.0
4.473447344734473,-0.8783619175816023,0.03405613356338245,3.4462322955979547,-2.0
4.474447444744475,-1.1256546631630722,0.032769672077811784,3.473451228782483,-2.0
4.475447544754475,-0.9779428506509704,0.03148340039115858,3.3479811574026552,-2.0
4.476447644764477,-1.0663362062978274,0.030197331173942365,3.4047814342251215,-2.0
4.477447744774477,-1.1421437291106926,0.02891147708961154,3.4110092859175993,-2.0
4.478447844784479,-0.985803609257884,0.027625850794414836,3.438539115295093,-2.0
4.4794479447944795,-1.1081903106161333,0.02634046493728458,3.6419697949606538,-2.0
4.48044804480448,-0.8357829509220425,0.025055332159709953,3.7851115779207194,-2.0
4.481448144814482,-0.9564816059316903,0.02377046509561394,3.7256840204273924,-2.0
4.482448244824482,-1.0813060000998598,0.02248587637123772,3.7064378717290674,-2.0
4.483448344834484,-1.1019337495173824,0.0212015786050106,3.7196311872246293,-2.0
4.484448444844484,-0.8215742696190441,0.019917584407434658,3.704910730711597,-2.0
4.485448544854486,-1.119109807054985,0.018633906380957115,3.693952965818263,-2.0
4.4864486448644865,-1.0000073781516994,0.017350557119855232,3.692037582954133,-2.0
4.487448744874487,-1.0221625000500612,0.01606754921010678,3.637246462011145,-2.0
4.488448844884489,-0.900702473348169,0.014784895229275147,3.812232773460022,-2.0
4.489448944894489,-1.1232996860499285,0.013502607746387375,3.761523907079771,-2.0
4.490449044904491,-0.9510605005979803,0.012220699321808637,3.6041902435693154,-2.0
4.491449144914491,-0.873283717229196,0.010939182507127058,3.627136589852322,-2.0
4.492449244924493,-1.1959442749765468,0.009658069845027024,3.6124323872396205,-2.0
4.493449344934493,-0.9505958798523994,0.008377373869174993,3.741575562414098,-2.0
4.494449444944494,-0.935105337838091,0.007097107104090916,3.874687533004729,-2.0
4.495449544954496,-0.9086498278917985,0.0058172820650343,3.93456163066102,-2.0
4.496449644964496,-1.0130349374168102,0.004537911257883175,3.8037428684995866,-2.0
4.497449744974498,-1.1642231146880224,0.00325900717900957,3.6814122222688264,-2.0
4.498449844984498,-1.0243496085709056,0.0019805823151659895,3.8328010753539257,-2.0
4.4994499449945,-1.0666977055817926,0.0007026491433561299,3.909948077855656,-2.0
4.5004500450045,-0.9918214307029243,-0.000574779869271139,3.915620584621859,-2.0
4.501450145014502,-0.9746963063773145,-0.0018516922655572657,3.838818205172014,-2.0
4.5024502450245025,-0.8021738892970521,-0.003128075598439748,3.907835775557789,-2.0
4.503450345034503,-1.040995548954161,-0.0044039174310801016,3.846102325454593,-2.0
4.504450445044505,-1.0544729517918818,-0.005679205336980128,3.758440598716755,-2.0
4.505450545054505,-0.975118273294075,-0.00695392690009804,3.7772024282754004,-2.0
4.506450645064507,-0.9550584251345032,-0.00822806971497524,3.8936760519412297,-2.0
4.507450745074507,-1.0219718637370856,-0.00950162138684494,3.6835226298011565,-2.0
4.508450845084509,-1.119812366122205,-0.010774569531759348,3.6269373721888822,-2.0
4.5094509450945095,-0.7407038378682443,-0.012046901776701587,3.7662886773084985,-2.0
4.51045104510451,-1.1179510258793668,-0.013318605759708255,3.74575532698426,-2.0
4.511451145114512,-0.9898392805123614,-0.014589669129988927,3.5337578523969833,-2.0
4.512451245124512,-1.1015814139499263,-0.01586007954803404,3.5279618714171295,-2.0
4.513451345134514,-0.9901927588416294,-0.017129824685747728,3.6747400739364857,-2.0
4.514451445144514,-1.0210643780545763,-0.01839889222655179,3.5500651547076654,-2.0
4.515451545154516,-1.0030249895200314,-0.01966726986551246,3.5029313493717127,-2.0
4.5164516451645165,-1.1167139960853865,-0.020934945309451235,3.4216035340266537,-2.0
4.517451745174517,-0.91276305601995,-0.022201906277066294,3.316727265789121,-2.0
4.518451845184519,-1.192005594274245,-0.023468140499050168,3.4873389288921888,-2.0
4.519451945194519,-1.1151176972145436,-0.024733635718200076,3.4434150223039803,-2.0
4.520452045204521,-0.8834645789951375,-0.025998379689542432,3.591699464524055,-2.0
4.521452145214521,-0.8872357042120028,-0.02726236018044284,3.4410955396235496,-2.0
4.522452245224523,-0.887188939098647,-0.02852556497072812,3.4993201679231825,-2.0
4.523452345234523,-0.8013587229975692,-0.029787981852796696,3.403280052516578,-2.0
4.524452445244524,-1.080573506125144,-0.03104959863173882,3.2381541047851403,-2.0
4.525452545254526,-0.9493195357854308,-0.03231040312545305,3.3104855943596827,-2.0
4.526452645264526,-0.8958748137355655,-0.033570383164755475,3.30640786246072,-2.0
4.527452745274528,-1.063481145017369,-0.034829526593502885,3.1921709178038666,-2.0
4.528452845284528,-1.026899202514489,-0.03608782126870172,3.336667152231521,-2.0
4.52945294529453,-0.9403414381550903,-0.037345255060628746,3.2909831752710943,-2.0
4.53045304530453,-0.8844128277229332,-0.038601815852939605,3.4566381026651687,-2.0
4.531453145314532,-1.0855888731453232,-0.03985749154279275,3.3606971124956346,-2.0
4.5324532453245325,-0.7922418741273431,-0.04111227004095045,3.288866303008009,-2.0
4.533453345334533,-0.7516956697301658,-0.042366139271908146,3.2795840297704624,-2.0
4.534453445344535,-0.9541281750630302,-0.04361908717399858,3.324891078617263,-2.0
4.535453545354535,-1.0923393644670925,-0.04487110169950658,3.2986327795278267,-2.0
4.536453645364537,-0.9715768614897664,-0.046122170814790635,3.134653751313101,-2.0
4.537453745374537,-0.8927140694372072,-0.04737228250038301,3.0781172438749107,-2.0
4.538453845384539,-0.8627307496059429,-0.048621424751118844,3.1542562269386107,-2.0
4.5394539453945395,-1.0122313308481277,-0.04986958557623592,3.370178218303145,-2.0
4.54045404540454,-0.7425665394468713,-0.05111675299949616,3.4313975610649097,-2.0
4.541454145414542,-0.7094858567661383,-0.05236291505929573,3.535357495329813,-2.0
4.542454245424542,-0.9933858200499486,-0.053608059808774935,3.561431385760933,-2.0
4.543454345434544,-0.9502676005766761,-0.054852175315939035,3.5307972213837497,-2.0
4.544454445444544,-0.960142637042717,-0.05609524966375729,3.644257252806967,-2.0
4.545454545454546,-0.8151855700741815,-0.05733727095029051,3.6162784736409104,-2.0
4.5464546454645465,-0.9451035591223059,-0.05857822728878956,3.7811157947018987,-2.0
4.547454745474547,-1.047062568013671,-0.059818106807814866,3.848582589578981,-2.0
4.548454845484549,-1.0056099788988075,-0.0610568976513486,3.9219860068341834,-2.0
4.549454945494549,-0.8014888351673314,-0.06229458797889618,3.9026935187144502,-2.0
4.550455045504551,-0.6463484874623486,-0.06353116596561215,3.9810072213941945,-2.0
4.551455145514551,-0.7954622818031823,-0.06476661980239774,3.9665902033024403,-2.0
4.552455245524553,-0.8210288551941025,-0.06600093769602074,3.99571875964651,-2.0
4.5534553455345534,-0.8958839625254493,-0.06723410786921967,4.071253514609952,-2.0
4.554455445544554,-0.7684658066056911,-0.06846611856081836,3.93466291551388,-2.0
4.555455545554556,-0.9280919197199837,-0.06969695802583671,3.9828115774363795,-2.0
4.556455645564556,-0.6880384726162385,-0.07092661453559437,3.919846615188047,-2.0
4.557455745574558,-0.9266365149601955,-0.07215507637782803,3.8906556616194736,-2.0
4.558455845584558,-0.7096256509693539,-0.07338233185679476,3.6034154933477276,-2.0
4.55945594559456,-0.745031354015058,-0.07460836929338677,3.5429731671654374,-2.0
4.56045604560456,-0.836336730538122,-0.07583317702523501,3.5432680691950953,-2.0
4.561456145614562,-0.6547223891205003,-0.07705674340682356,3.4767322130065494,-2.0
4.5624562456245625,-0.8424342606026417,-0.07827905680959202,3.5863180603267892,-2.0
4.563456345634563,-0.8819801848575128,-0.07950010562205165,3.722845053092881,-2.0
4.564456445644565,-0.9213504850029786,-0.08071987824988736,3.573899907114644,-2.0
4.565456545654565,-0.8486334143591312,-0.08193836311606635,3.553696880922408,-2.0
4.566456645664567,-0.8497089444925522,-0.08315554866095022,3.6216519381738523,-2.0
4.567456745674567,-0.7709505668738729,-0.08437142334239617,3.626133731523136,-2.0
4.568456845684569,-0.8803771535022711,-0.08558597563587352,3.549678832289225,-2.0
4.5694569456945695,-0.7937462730626095,-0.08679919403455763,3.6012907474811513,-2.0
4.57045704570457,-0.8313504507550092,-0.08801106704945141,3.484793470502107,-2.0
4.571457145714572,-0.8610202802269195,-0.08922158320948236,3.5419498234711138,-2.0
4.572457245724572,-0.6895206184226448,-0.09043073106161044,3.4886810395648915,-2.0
4.573457345734574,-0.5707162394631613,-0.09163849917093851,3.393587383524855,-2.0
4.574457445744574,-0.566264999551302,-0.09284487612081224,3.401291021744531,-2.0
4.575457545754576,-0.8703675467713716,-0.09404985051293402,3.4432875588707916,-2.0
4.5764576457645765,-0.8276885727745811,-0.09525341096745919,3.5186851948306117,-2.0
4.577457745774577,-0.7546454597228163,-0.09645554612310887,3.460452555760561,-2.0
4.578457845784579,-0.6716910683069135,-0.09765624463727224,3.4713525922793615,-2.0
4.579457945794579,-0.9313263187270839,-0.09885549518610902,3.5300512461939157,-2.0
4.580458045804581,-0.7826826958925873,-0.10005328646466215,3.482675875971504,-2.0
4.581458145814581,-0.7568799308559662,-0.10124960718694943,3.276901735211974,-2.0
4.582458245824583,-0.7375041890708526,-0.10244444608608265,3.332007207141068,-2.0
4.5834583458345834,-0.7030718014086759,-0.1036377919143588,3.3640535112116137,-2.0
4.584458445844584,-0.6495945540070365,-0.10482963344337187,3.265972262860389,-2.0
4.585458545854586,-0.7219364742503994,-0.10601995946411383,3.3572885788845603,-2.0
4.586458645864586,-0.6527439988316678,-0.1072087587870751,3.4328508985272594,-2.0
4.587458745874588,-0.7909458480035083,-0.10839602024235526,3.421785549409037,-2.0
4.588458845884588,-0.5581975522453878,-0.10958173267975621,3.3588557668827983,-2.0
4.58945894589459,-0.5183807633972519,-0.11076588496889303,3.5522506281571715,-2.0
4.59045904590459,-0.6534982028569913,-0.11194846599929034,3.360423219012033,-2.0
4.591459145914592,-0.547100605046297,-0.11312946468048957,3.536737293575803,-2.0
4.5924592459245925,-0.6894548074938117,-0.11430886994214581,3.4798620160827762,-2.0
4.593459345934593,-0.41624474956887814,-0.11548667073413324,3.448640584361641,-2.0
4.594459445944595,-0.735426543500562,-0.11666285602664726,3.436682672125261,-2.0
4.595459545954595,-0.5102644947057141,-0.11783741481029986,3.3148436770316985,-2.0
4.596459645964597,-0.6990682549224615,-0.11901033609622752,3.088732608328755,-2.0
4.597459745974597,-0.5505528069148601,-0.12018160891618623,3.184541316410794,-2.0
4.598459845984599,-0.5505031997089328,-0.12135122232265713,3.2474928290101133,-2.0
4.5994599459945995,-0.6054757441896434,-0.12251916538894066,3.316428557869565,-2.0
4.6004600460046,-0.6195336610347193,-0.1236854272092639,3.2867746391809334,-2.0
4.601460146014602,-0.6478309695628156,-0.12484999689887435,3.3389907233806015,-2.0
4.602460246024602,-0.31243234840198697,-0.12601286359413993,3.2832772519967195,-2.0
4.603460346034604,-0.5496172985506492,-0.12717401645265217,3.3222050940522645,-2.0
4.604460446044604,-0.4519406504671458,-0.12833344465332,3.365865457897998,-2.0
4.605460546054606,-0.41161623355928195,-0.12949113739647355,3.306712024042923,-2.0
4.6064606460646065,-0.5163555818522177,-0.13064708390395693,3.3229860701879836,-2.0
4.607460746074607,-0.37418027044004415,-0.1318012734192334,3.3872659524113007,-2.0
4.608460846084609,-0.6254367256124198,-0.1329536952074775,3.225939002683296,-2.0
4.609460946094609,-0.6294511882064613,-0.13410433855567358,3.2074073360238993,-2.0
4.610461046104611,-0.4474938564593701,-0.13525319277271672,3.3278242932183226,-2.0
4.611461146114611,-0.5686892676274489,-0.13640024718950464,3.4123866490970154,-2.0
4.612461246124613,-0.4554348695990106,-0.13754549115904258,3.1503783177530145,-2.0
4.6134613461346134,-0.41377768477435417,-0.13868891405652783,3.1765993536958894,-2.0
4.614461446144614,-0.5770901264098175,-0.13983050527945987,3.2404495385042718,-2.0
4.615461546154616,-0.4905171892880038,-0.1409702542477271,3.2890848682234983,-2.0
4.616461646164616,-0.508395274506994,-0.1421081504037038,3.142863484699062,-2.0
4.617461746174618,-0.5067056598440979,-0.14324418321235263,3.0792555722292456,-2.0
4.618461846184618,-0.42280296952397534,-0.14437834216130763,3.1653927301786204,-2.0
4.61946194619462,-0.390345663756669,-0.1455106167609838,3.1412235338176857,-2.0
4.62046204620462,-0.2725934056449245,-0.14664099654465956,3.2270275854693047,-2.0
4.621462146214622,-0.311916615112963,-0.1477694710685795,3.13344416068333,-2.0
4.6224622462246225,-0.3115472383509406,-0.1488960299120433,3.1117459105243253,-2.0
4.623462346234623,-0.4336588078072673,-0.15002066267750316,3.262417507627987,-2.0
4.624462446244625,-0.44938159719777626,-0.15114335899065937,3.2253169419704832,-2.0
4.625462546254625,-0.5323057877446067,-0.1522641085005444,3.0346066142837587,-2.0
4.626462646264627,-0.4205446793147094,-0.15338290087962977,3.100956040594322,-2.0
4.627462746274627,-0.3589831337019608,-0.15449972582390697,3.204227056728861,-2.0
4.628462846284629,-0.41225082150142345,-0.1556145730529883,3.2640390144788998,-2.0
4.6294629462946295,-0.1434774860802679,-0.15672743231019354,3.249415634866955,-2.0
4.63046304630463,-0.16131930876345077,-0.15783829336264613,3.1105482965346205,-2.0
4.631463146314632,-0.3899848555440052,-0.1589471460013655,3.144243825757186,-2.0
4.632463246324632,-0.3813707384420842,-0.160053980041353,3.1633359448058056,-2.0
4.633463346334634,-0.2752762054531571,-0.16115878532169023,3.2133734207805023,-2.0
4.634463446344634,-0.2259460636006661,-0.16226155170562453,3.259022357555507,-2.0
4.635463546354636,-0.10331399862544027,-0.16336226908066456,3.451611263270357,-2.0
4.6364636463646365,-0.3521581613467975,-0.16446092735866535,3.3949491853900464,-2.0
4.637463746374637,-0.22216624944815744,-0.16555751647592534,3.461702973118652,-2.0
4.638463846384639,-0.37452836404776874,-0.16665202639327073,3.437718244261158,-2.0
4.639463946394639,-0.3189726231235027,-0.16774444709614575,3.615857844178875,-2.0
4.640464046404641,-0.28728484989000747,-0.16883476859470586,3.655686414580375,-2.0
4.641464146414641,-0.31557986114938585,-0.16992298092390185,3.615161803709021,-2.0
4.642464246424643,-0.19122909198901278,-0.17100907414357347,3.6576977383478493,-2.0
4.6434643464346435,-0.16727952291478027,-0.1720930383385328,3.7498493406604414,-2.0
4.644464446444644,-0.11152681442218873,-0.17317486361865894,3.627321582589683,-2.0
4.645464546454646,-0.2653661440236358,-0.17425454011898053,3.8687313019383263,-2.0
4.646464646464646,-0.13773414264853745,-0.17533205799976426,3.855598204809897,-2.0
4.647464746474648,-0.013161133163145933,-0.17640740744660574,3.8630381289856843,-2.0
4.648464846484648,-0.3820239718628871,-0.17748057867051112,3.80855571463363,-2.0
4.64946494649465,-0.3365290363182163,-0.17855156190799212,3.715104662426308,-2.0
4.65046504650465,-0.3371592267963823,-0.1796203474211407,3.817530147901485,-2.0
4.651465146514652,-0.2548048889781052,-0.18068692549772886,3.7855346513859196,-2.0
4.6524652465246525,-0.04983349894874366,-0.18175128645128308,3.7132754675779958,-2.0
4.653465346534653,-0.12610841665420608,-0.18281342062117725,3.7889355031398133,-2.0
4.654465446544655,-0.0373776912529636,-0.18387331837271567,3.7004521450790415,-2.0
4.655465546554655,-0.20715713854737672,-0.18493097009721568,3.659913508570705,-2.0
4.656465646564657,-0.09405956811926444,-0.1859863662120991,3.591206427646337,-2.0
4.657465746574657,-0.2764739406538777,-0.18703949716096857,3.578162189867106,-2.0
4.658465846584659,-0.27417406897811825,-0.18809035341369856,3.4159457887971927,-2.0
4.6594659465946595,-0.027291456742638658,-0.18913892546651426,3.404264638502329,-2.0
4.66046604660466,-0.050665809367264884,-0.19018520384207863,3.3241090193939247,-2.0
4.661466146614662,-0.10596446326700007,-0.19122917908957707,3.254399136649982,-2.0
4.662466246624662,-0.055841097628691244,-0.19227084178479184,3.2315462267704116,-2.0
4.663466346634664,0.027119076230142182,-0.1933101825301978,3.0462279341977503,-2.0
4.664466446644664,-0.09634961824416935,-0.19434719195503306,3.2323609558065645,-2.0
4.665466546654666,-0.26547677075946063,-0.19538186071538916,3.149340497716329,-2.0
4.6664666466646665,-0.0034304737696294425,-0.19641417949428747,3.1929947738004314,-2.0
4.667466746674667,0.01959085066342425,-0.1974441390017643,3.1985909351028505,-2.0
4.668466846684669,-0.006941346472596366,-0.1984717299749529,3.2123820599001265,-2.0
4.669466946694669,-0.03429380600693319,-0.1994969431781588,2.8921179782052535,-2.0
4.670467046704671,0.025678421441708482,-0.20051976940294727,2.9951440265835316,-2.0
4.671467146714671,-0.08717144409841612,-0.2015401994682182,3.043526719351526,-2.0
4.672467246724673,0.1175090304095087,-0.20255822422029068,3.1301341588311162,-2.0
4.6734673467346735,-0.03371504204347196,-0.2035738345329786,3.163117185880287,-2.0
4.674467446744674,0.05653742778474565,-0.20458702130767292,3.165643286173872,-2.0
4.675467546754676,0.26990492591399734,-0.20559777547342187,3.057422013158523,-2.0
4.676467646764676,-0.030894755073659602,-0.20660608798700447,2.8299533766296783,-2.0
4.677467746774678,0.0101847186725018,-0.207611949833015,2.79816123583508,-2.0
4.678467846784678,-0.00005080905160181892,-0.20861535202393688,2.9327456393272384,-2.0
4.67946794679468,-0.08022223158318095,-0.2096162856002242,2.895680790584013,-2.0
4.68046804680468,0.28425220082223834,-0.21061474163037477,3.005010734267204,-2.0
4.681468146814682,0.030076399552134814,-0.21161071121101493,3.124018028110133,-2.0
4.6824682468246825,0.17761441835463349,-0.21260418546696502,2.9887971919537715,-2.0
4.683468346834683,0.383111715232671,-0.21359515555132885,3.167481792161748,-2.0
4.684468446844685,0.26368772396332474,-0.21458361264556142,3.181440636311308,-2.0
4.685468546854685,0.30416351329058805,-0.21556954795954655,3.1351226121751754,-2.0
4.686468646864687,0.2453367539645568,-0.21655295273167566,3.0687977645871305,-2.0
4.687468746874687,0.0819715034256744,-0.21753381822891854,3.0211376264558716,-2.0
4.688468846884689,0.29524765522041707,-0.21851213574690473,3.084563435996066,-2.0
4.6894689468946895,0.3137796402927064,-0.21948789660999085,2.918597102020024,-2.0
4.69046904690469,0.35426818382570346,-0.220461092171341,3.0023929567915846,-2.0
4.691469146914692,0.33088214589074966,-0.2214317138129987,2.94974281066136,-2.0
4.692469246924692,0.3247456614408411,-0.22239975294595887,2.8326859153292694,-2.0
4.693469346934694,0.4119781614365927,-0.2233652010102474,2.762510225350403,-2.0
4.694469446944694,0.0958929629898228,-0.22432804947498444,2.8073615851926856,-2.0
4.695469546954696,0.14053143186256326,-0.22528828983846907,2.834394331486801,-2.0
4.6964696469646965,0.274592121120097,-0.22624591362824156,2.833457400050184,-2.0
4.697469746974697,0.09253738822675303,-0.22720091240116227,2.8693337159442343,-2.0
4.698469846984699,0.22636507558454988,-0.2281532777434813,2.916777933890511,-2.0
4.699469946994699,0.4565155981382106,-0.22910300127090782,2.7939790130413087,-2.0
4.700470047004701,0.30012217802621927,-0.2300500746286878,2.775564066907309,-2.0
4.701470147014701,0.370371583379298,-0.23099448949166687,2.5365323917717766,-2.0
4.702470247024703,0.40902728795387205,-0.23193623756436776,2.6983232857154893,-2.0
4.7034703470347035,0.23294899778678835,-0.23287531058105576,2.7048137012903823,-2.0
4.704470447044704,0.2642605605770223,-0.23381170030581183,2.7662368621659965,-2.0
4.705470547054706,0.12254348823121142,-0.2347453985326035,2.844367765177471,-2.0
4.706470647064706,0.23910741590075624,-0.23567639708534677,2.8245041404372686,-2.0
4.707470747074708,0.43331613003952346,-0.2366046878179862,2.8411671226841175,-2.0
4.708470847084708,0.3414124354197946,-0.23753026261455357,2.6407081138609314,-2.0
4.70947094709471,0.2579631937629517,-0.2384531133892433,2.5249065533050206,-2.0
4.71047104710471,0.5502666036494229,-0.23937323208647565,2.5128717527171,-2.0
4.711471147114712,0.4945804694317032,-0.24029061068096857,2.4048879916895847,-2.0
4.7124712471247125,0.32495194449192655,-0.24120524117780054,2.4512310388053606,-2.0
4.713471347134713,0.4881621172043995,-0.24211711561248353,2.4348504061004386,-2.0
4.714471447144715,0.4501934500929958,-0.24302622605102453,2.3815168842652894,-2.0
4.715471547154715,0.3601178346597499,-0.2439325645899932,2.250346307194712,-2.0
4.716471647164717,0.5267437845231638,-0.24483612335659058,2.088228316737114,-2.0
4.717471747174717,0.3251359724974491,-0.24573689450871086,2.254491296945662,-2.0
4.718471847184719,0.425341956114562,-0.24663487023501104,2.123198135744261,-2.0
4.7194719471947195,0.4310575636423062,-0.24753004275497115,2.0453005268331297,-2.0
4.72047204720472,0.4622880191629771,-0.248422404318965,2.0386609441229306,-2.0
4.721472147214722,0.46225458893381777,-0.24931194720831978,2.021249258256032,-2.0
4.722472247224722,0.5523946158277161,-0.2501986637353808,2.2002922113698076,-2.0
4.723472347234724,0.6501067126068796,-0.2510825462435781,2.2284771967787798,-2.0
4.724472447244724,0.711988508032499,-0.2519635871074858,2.1850612872043214,-2.0
4.725472547254726,0.8423291223953273,-0.25284177873289115,2.3331381444309884,-2.0
4.7264726472647265,0.6457297574758716,-0.2537171135568482,2.229785526618939,-2.0
4.727472747274727,0.4320674515371864,-0.2545895840477507,2.300957903922482,-2.0
4.728472847284729,0.3955854012962581,-0.2554591827053869,2.282824990969826,-2.0
4.729472947294729,0.6943437120433736,-0.25632590206100236,2.3609859442909134,-2.0
4.730473047304731,0.474420795258021,-0.25718973467736633,2.4196867074748347,-2.0
4.731473147314731,0.6161587736959884,-0.2580506731488236,2.4129797459635998,-2.0
4.732473247324733,0.6673685454836165,-0.25890871010136624,2.4536886992744056,-2.0
4.7334733473347335,0.3212415948191039,-0.25976383819268467,2.56590146236345,-2.0
4.734473447344734,0.6537238064973405,-0.2606160501122334,2.617378549561074,-2.0
4.735473547354736,0.6034082131656247,-0.2614653385812889,2.791925865750546,-2.0
4.736473647364736,0.5244243991992557,-0.2623116963530073,2.8848713938639206,-2.0
4.737473747374738,0.453045199941721,-0.263155116212489,2.9016357937172477,-2.0
4.738473847384738,0.5872373987253722,-0.2639955909768281,3.0042179931793918,-2.0
4.73947394739474,0.6660812256581231,-0.26483311349518196,2.952686488184849,-2.0
4.74047404740474,0.5206048436931452,-0.2656676766488193,3.0034605896674,-2.0
4.741474147414742,0.6229662436027902,-0.26649927335118484,2.911077440420706,-2.0
4.7424742474247426,0.6840765558890046,-0.26732789654795197,3.045813840429994,-2.0
4.743474347434743,0.6746044720525093,-0.2681535392170827,3.0000210918518473,-2.0
4.744474447444745,0.7292054507708108,-0.26897619436888476,3.0448197648233584,-2.0
4.745474547454745,0.6993055270292712,-0.2697958550460639,2.7944548891299235,-2.0
4.746474647464747,0.5839342463069765,-0.2706125143237848,2.837376368622925,-2.0
4.747474747474747,0.5158150950433209,-0.2714261653097226,2.7140839029059247,-2.0
4.748474847484749,0.5774835820111967,-0.27223680114412185,2.6877932467018066,-2.0
4.7494749474947495,0.6190611917242016,-0.2730444149998474,2.5290324945375957,-2.0
4.75047504750475,0.6859784088312068,-0.27384900008244406,2.428515460694612,-2.0
4.751475147514752,0.6571113266357548,-0.2746505496301867,2.425576566440797,-2.0
4.752475247524752,0.8926681636582371,-0.2754490569141345,2.2018750998808136,-2.0
4.753475347534754,0.6034662714172621,-0.27624451523818755,2.1611204980329197,-2.0
4.754475447544754,0.7318003230269188,-0.2770369179391361,2.2121572626011474,-2.0
4.755475547554756,0.7122476246323595,-0.27782625838671726,2.241613634526367,-2.0
4.7564756475647565,0.8491417982463574,-0.2786125299836636,2.319053445884908,-2.0
4.757475747574757,0.7436566097211723,-0.27939572616575975,2.296229443600333,-2.0
4.758475847584759,0.8154310726742698,-0.28017584040189086,2.228911570562692,-2.0
4.759475947594759,0.8717631398055588,-0.28095286619409404,2.122869209962326,-2.0
4.760476047604761,0.7544656502909046,-0.2817267970776124,2.2514279713527556,-2.0
4.761476147614761,0.9262315493295229,-0.2824976266209417,2.244146131964941,-2.0
4.762476247624763,0.700203242609526,-0.2832653484258868,2.3188753908456934,-2.0
4.7634763476347635,0.6770800341400687,-0.2840299561276029,2.290832259730997,-2.0
4.764476447644764,0.7567794400327406,-0.2847914433946549,2.243170058967252,-2.0
4.765476547654766,0.7823787319574802,-0.28554980392906065,2.0939944461055315,-2.0
4.766476647664766,0.7947456707217231,-0.2863050314663405,2.1367798271047955,-2.0
4.767476747674768,0.9765269939426612,-0.2870571197755691,2.145489995836678,-2.0
4.768476847684768,0.9534282038343507,-0.2878060626594191,1.97240518980604,-2.0
4.76947694769477,1.0294128119401862,-0.2885518539542151,2.0062175709944094,-2.0
4.77047704770477,0.8011339001576379,-0.28929448752997494,1.9918314789132865,-2.0
4.771477147714772,0.9233883631221191,-0.2900339572904618,1.7383442916516074,-2.0
4.7724772477247726,0.7604595867587898,-0.2907702571732277,1.8114626476184712,-2.0
4.773477347734773,0.8807443188793129,-0.2915033811496624,1.7811080919400546,-2.0
4.774477447744775,0.7314759345315591,-0.29223332322504053,1.6992685266912166,-2.0
4.775477547754775,0.9604015144084066,-0.2929600774385615,1.6017607100217377,-2.0
4.776477647764777,0.9931256179029598,-0.29368363786340385,1.7180714451926136,-2.0
4.777477747774777,1.0183442893149541,-0.2944039986067625,1.7352915099416109,-2.0
4.778477847784779,0.8895590698802235,-0.2951211538098987,1.8415213104103245,-2.0
4.7794779477947795,1.0988273063070404,-0.295835097648181,1.7509903925403307,-2.0
4.78047804780478,0.7292704059558612,-0.29654582433113186,1.74068637896752,-2.0
4.781478147814782,0.7236685763272769,-0.29725332810247146,1.8256573575953092,-2.0
4.782478247824782,0.9921284787754309,-0.2979576032401577,1.763284473253387,-2.0
4.783478347834784,0.8919458816273611,-0.2986586440564334,1.8138380698616023,-2.0
4.784478447844784,0.8090877517080449,-0.29935644489786556,1.6624405105416917,-2.0
4.785478547854786,1.058136895222278,-0.30005100014539077,1.4759843138534905,-2.0
4.7864786478647865,0.9178957288105568,-0.30074230421435394,1.530040659220305,-2.0
4.787478747874787,1.0754852096467538,-0.3014303515545523,1.6607799093378877,-2.0
4.788478847884789,1.0035477921961118,-0.3021151366502769,1.6916105279192608,-2.0
4.789478947894789,1.0137306097928669,-0.3027966540203502,1.736850059402494,-2.0
4.790479047904791,0.6950564242823829,-0.3034748982181705,1.7972152322439194,-2.0
4.791479147914791,0.842424155411841,-0.30414986383174897,1.9606165144991057,-2.0
4.792479247924793,0.7771990034251002,-0.3048215454837522,1.8301622329534315,-2.0
4.7934793479347935,0.755818133523813,-0.30548993783153827,1.917990005328913,-2.0
4.794479447944794,0.9703222802734431,-0.3061550355672004,1.7650411391500889,-2.0
4.795479547954796,0.8317435916157003,-0.3068168334176015,1.605531431815348,-2.0
4.796479647964796,0.7875361799827542,-0.3074753261444136,1.5197231182880522,-2.0
4.797479747974798,1.007324378962479,-0.3081305085441575,1.5706794945158604,-2.0
4.798479847984798,1.072110941025347,-0.308782375448238,1.6397072938731438,-2.0
4.7994799479948,1.0279211168166305,-0.30943092172298364,1.7415234359546437,-2.0
4.8004800480048,1.0361037892536549,-0.3100761422696805,1.849341326221843,-2.0
4.801480148014802,0.941001134852613,-0.31071803202461323,1.8035207901535164,-2.0
4.802480248024803,1.0149694405588874,-0.3113565859590959,1.824987641920593,-2.0
4.803480348034803,0.977086643672196,-0.31199179907951197,1.7915794352266083,-2.0
4.804480448044805,0.9368256396254808,-0.31262366642734835,1.63381199857896,-2.0
4.805480548054805,0.981685911916803,-0.3132521830792288,1.6285702543482654,-2.0
4.806480648064807,0.7976021968732875,-0.31387734414695334,1.6345018916914142,-2.0
4.807480748074807,0.9369831505310499,-0.31449914477752544,1.5742921965258785,-2.0
4.808480848084809,0.8514113759359497,-0.3151175801531942,1.5386683428842007,-2.0
4.8094809480948095,0.7875543975138064,-0.3157326454914811,1.5072002113917982,-2.0
4.81048104810481,1.006253556430275,-0.3163443360452176,1.4903992426066137,-2.0
4.811481148114812,1.049270883415816,-0.3169526471025762,1.5765885947659066,-2.0
4.812481248124812,0.9489393464549551,-0.31755757398710255,1.412062827088266,-2.0
4.813481348134814,1.1259427578854173,-0.3181591120577506,1.570317718233516,-2.0
4.814481448144814,1.0205922743453693,-0.31875725670890986,1.584036199299288,-2.0
4.815481548154816,1.0156071608586614,-0.31935200337044123,1.4759000107140148,-2.0
4.8164816481648165,0.9594950035729719,-0.3199433475077046,1.399666097565883,-2.0
4.817481748174817,0.9438801182791304,-0.320531284621592,1.413651088711152,-2.0
4.818481848184819,1.0383519710811735,-0.3211158102485586,1.3654091054958493,-2.0
4.819481948194819,0.8486916808997522,-0.32169691996064753,1.310673263307188,-2.0
4.820482048204821,0.8480920016017643,-0.3222746093655274,1.3699302234083386,-2.0
4.821482148214821,1.236961178879611,-0.3228488741065144,1.576956840960125,-2.0
4.822482248224823,0.9582762584481591,-0.32341970986260615,1.4863076009871041,-2.0
4.8234823482348235,0.9427709923791768,-0.32398711234850697,1.4966114187687238,-2.0
4.824482448244824,1.1083469007761215,-0.32455107731465804,1.283005499201236,-2.0
4.825482548254826,0.9982199730792229,-0.3251116005472656,1.1135013138034644,-2.0
4.826482648264826,0.9767637455323318,-0.32566867786832576,1.0760977623902404,-2.0
4.827482748274828,0.8597222896023771,-0.3262223051356544,1.15545668089389,-2.0
4.828482848284828,0.8747714164705447,-0.32677247824291195,0.9705291896223294,-2.0
4.82948294829483,1.064732000971301,-0.3273191931196313,1.0016828723890723,-2.0
4.83048304830483,0.9749165272453437,-0.32786244573124235,0.8475609784573772,-2.0
4.831483148314832,0.8421521456552763,-0.3284022320790989,0.6431940452382764,-2.0
4.832483248324833,1.04042389465075,-0.3289385482005025,0.7503602401961693,-2.0
4.833483348334833,0.9321971766253576,-0.32947139016872945,0.641934040523778,-2.0
4.834483448344835,0.7426777178860648,-0.3300007540930533,0.6312322510162784,-2.0
4.835483548354835,1.037513071822252,-0.33052663611876926,0.40916588630743134,-2.0
4.836483648364837,0.9758701082073574,-0.33104903242721956,0.3854173430751153,-2.0
4.837483748374837,1.0495527412260408,-0.3315679392358142,0.37045617814400206,-2.0
4.838483848384839,1.0594447360245054,-0.33208335279805823,0.2215322951921746,-2.0
4.8394839483948395,0.8654210733616796,-0.33259526940356837,0.2557860176382369,-2.0
4.84048404840484,1.0063146045473013,-0.33310368537810175,0.17371262664673764,-2.0
4.841484148414842,0.985186682812946,-0.3336085970835737,0.08394173068742321,-2.0
4.842484248424842,0.9570284124815944,-0.33411000091807974,-0.017000051956948103,-2.0
4.843484348434844,0.9500428838866769,-0.33460789331591984,-0.009573301975935459,-2.0
4.844484448444844,1.0456067791698234,-0.3351022707476139,-0.1939605461607799,-2.0
4.845484548454846,0.9539816969320138,-0.33559312971992844,-0.001716457083066092,-2.0
4.8464846484648465,0.8622805484078475,-0.33608046677589154,-0.00971224502784351,-2.0
4.847484748474847,0.9710960737599597,-0.3365642784948155,-0.0050863182424810945,-2.0
4.848484848484849,1.0205832292709298,-0.33704456149231576,-0.03715059873008786,-2.0
4.849484948494849,0.88898298013644,-0.3375213124203284,0.00893040168209266,-2.0
4.850485048504851,1.0308644797667494,-0.3379945279671321,0.19200159438519157,-2.0
4.851485148514851,0.9362389609126984,-0.3384642048573612,0.1543116608616729,-2.0
4.852485248524853,0.8460949416767063,-0.33893033985202986,0.1876332296983865,-2.0
4.8534853485348535,0.9155769646151833,-0.3393929297485444,0.2298986673978235,-2.0
4.854485448544854,0.9358596960065751,-0.339851971380723,0.13901297761219614,-2.0
4.855485548554856,1.0131693529107693,-0.3403074616188134,0.13649319232482146,-2.0
4.856485648564856,0.9257593203791221,-0.3407593973695053,0.27417607195668925,-2.0
4.857485748574858,0.9223820523006269,-0.34120777557595183,0.13986995355873472,-2.0
4.858485848584858,0.9882479805632435,-0.34165259321778096,0.12141151680440068,-2.0
4.85948594859486,0.9593766672607451,-0.3420938473111131,0.07623765876356288,-2.0
4.86048604860486,0.8807272284375078,-0.3425315349085749,0.04025665602668496,-2.0
4.861486148614862,1.1342867606258378,-0.34296565309931515,0.040381421305534466,-2.0
4.862486248624863,0.8739301332047638,-0.34339619900901697,0.07231049628867624,-2.0
4.863486348634863,0.9117657107402392,-0.3438231697999147,0.06466883526380827,-2.0
4.864486448644865,1.1950932799706142,-0.3442465626708045,0.07904459914650686,-2.0
4.865486548654865,0.7720469848959232,-0.34466637485705853,0.1972190194856691,-2.0
4.866486648664867,1.0411246030924863,-0.3450826036306387,0.1492378309812771,-2.0
4.867486748674867,0.9809384727822484,-0.3454952463001071,0.03807224020292917,-2.0
4.868486848684869,0.8164207128676642,-0.34590430021064017,0.00273983426042167,-2.0
4.8694869486948695,1.0191076649459945,-0.34630976274403813,0.016802875488553408,-2.0
4.87048704870487,0.8676581578388748,-0.34671163131873906,-0.06181435441920668,-2.0
4.871487148714872,1.000769827212472,-0.3471099033898273,-0.25895614309058546,-2.0
4.872487248724872,0.8467878302886328,-0.3475045764490444,-0.39862040573673024,-2.0
4.873487348734874,0.8766955255845582,-0.34789564802480116,-0.23397816972769864,-2.0
4.874487448744874,0.8230789525126163,-0.3482831156821849,-0.22654238069138743,-2.0
4.875487548754876,0.9275652953557713,-0.3486669770229717,-0.13717112078828414,-2.0
4.8764876487648765,0.9153510190893862,-0.3490472296856318,-0.20725560708431545,-2.0
4.877487748774877,0.9312773663216967,-0.3494238713453427,-0.2981557272118648,-2.0
4.878487848784879,1.1054751007653114,-0.3497968997139943,-0.26719769464639115,-2.0
4.879487948794879,1.0620866108937022,-0.35016631254019764,-0.26945563776215836,-2.0
4.880488048804881,0.8809180289678844,-0.35053210760929354,-0.1483796839740116,-2.0
4.881488148814881,1.0695514520655962,-0.35089428274335804,-0.05021103980386037,-2.0
4.882488248824883,0.922300649644816,-0.35125283580121186,0.009548234575358906,-2.0
4.8834883488348835,0.867067149974173,-0.3516077646784241,-0.08648514188074766,-2.0
4.884488448844884,0.9776061567879031,-0.3519590673073202,-0.17492723708261038,-2.0
4.885488548854886,0.7624255089954038,-0.3523067416569875,-0.4320358328808978,-2.0
4.886488648864886,0.9736556466979194,-0.3526507857332796,-0.5683212844584629,-2.0
4.887488748874888,0.9613551669325314,-0.3529911975788238,-0.5982391827668919,-2.0
4.888488848884888,0.7081183372452742,-0.3533279752730219,-0.6814352905761776,-2.0
4.88948894889489,0.8550694697844199,-0.3536611169320591,-0.6475907341725322,-2.0
4.8904890489048904,0.8624978255841765,-0.3539906207089042,-0.7365923106322708,-2.0
4.891489148914892,0.7683990652478274,-0.35431648479331546,-0.6502921270603998,-2.0
4.892489248924893,0.9965514982776963,-0.3546387074118425,-0.5949823682422982,-2.0
4.893489348934893,0.9095875388458988,-0.35495728682782995,-0.7075066238076458,-2.0
4.894489448944895,0.8404967977458211,-0.3552722213414202,-0.89414989225476,-2.0
4.895489548954895,0.9443533727106309,-0.3555835092895542,-0.7726307000698094,-2.0
4.896489648964897,0.7811034486117413,-0.3558911490459746,-0.6259274601266076,-2.0
4.897489748974897,0.8450092792254923,-0.35619513902122607,-0.510520514798899,-2.0
4.898489848984899,0.7704665350612276,-0.35649547766265755,-0.3701027448570362,-2.0
4.8994899489948995,0.7817809968949878,-0.3567921634544215,-0.3779438907432268,-2.0
4.9004900490049,0.8784688678445987,-0.3570851949174753,-0.44676628790863887,-2.0
4.901490149014902,0.8579243398137832,-0.35737457060958117,-0.5051169781852071,-2.0
4.902490249024902,0.9097306898351006,-0.35766028912530473,-0.2572793913513142,-2.0
4.903490349034904,0.6873044308268664,-0.35794234909601536,-0.2896810777618352,-2.0
4.904490449044904,0.7808900293178006,-0.3582207491898839,-0.25298217148265223,-2.0
4.905490549054906,0.8446069622597273,-0.35849548811188253,-0.18100537896856445,-2.0
4.9064906490649065,0.7772254049812088,-0.3587665646037813,-0.34109279905559337,-2.0
4.907490749074907,0.629521842184132,-0.3590339774441478,-0.43264959953054816,-2.0
4.908490849084909,0.7145851171121762,-0.35929772544834265,-0.4901631599926615,-2.0
4.909490949094909,0.856943505750955,-0.35955780746851723,-0.5231647184131752,-2.0
4.910491049104911,0.8316875837700235,-0.359814222393611,-0.5443374692748016,-2.0
4.911491149114911,0.6830318738400399,-0.36006696914934677,-0.49922147111841,-2.0
4.912491249124913,0.5927773747234468,-0.36031604669822737,-0.4455199504914947,-2.0
4.9134913491349135,0.6206107898264253,-0.3605614540395306,-0.2768251800989696,-2.0
4.914491449144914,0.9748253270170713,-0.36080319020930535,-0.2945706478958607,-2.0
4.915491549154916,0.7306343043137173,-0.3610412542803655,-0.4471277718180655,-2.0
4.916491649164916,0.7131582918625894,-0.3612756453622847,-0.515477587691994,-2.0
4.917491749174918,0.7463961331191782,-0.36150636260139085,-0.5248053677791962,-2.0
4.918491849184918,0.5175767161800857,-0.361733405180759,-0.5928651823498063,-2.0
4.91949194919492,0.6881489964962295,-0.36195677232020673,-0.810112909452154,-2.0
4.9204920492049204,0.676698617586189,-0.3621764632762837,-0.7505492395043218,-2.0
4.921492149214922,0.6685453290266394,-0.36239247734226837,-0.7037399060962234,-2.0
4.922492249224923,0.8428684336766409,-0.3626048138481573,-0.8975051134542342,-2.0
4.923492349234923,0.6260442526598587,-0.3628134721606582,-0.9218944436742453,-2.0
4.924492449244925,0.5686720714381237,-0.3630184516831819,-0.9197296176409184,-2.0
4.925492549254925,0.50494873176485,-0.3632197518558327,-0.899311358807336,-2.0
4.926492649264927,0.6337921719494888,-0.3634173721554003,-1.0262963191742427,-2.0
4.927492749274927,0.744076441957392,-0.3636113120953491,-0.9909810311215206,-2.0
4.928492849284929,0.9376367440108423,-0.3638015712258095,-0.9595791452079379,-2.0
4.9294929492949295,0.779105930114499,-0.3639881491335665,-0.9968102244002097,-2.0
4.93049304930493,0.6787456413107962,-0.3641710454420503,-1.009911505741032,-2.0
4.931493149314932,0.48717931489168603,-0.3643502598113253,-0.9719303700752594,-2.0
4.932493249324932,0.5307589305131865,-0.3645257919380771,-0.871762568858952,-2.0
4.933493349334934,0.9314306280159561,-0.3646976415556035,-0.9989148908791812,-2.0
4.934493449344934,0.6136436387389803,-0.36486580843380034,-0.9963381451747149,-2.0
4.935493549354936,0.5860528080958348,-0.3650302923791503,-1.0547583097950208,-2.0
4.9364936493649365,0.5378715511236205,-0.36519109323470955,-0.9943107227588268,-2.0
4.937493749374937,0.5977174543632944,-0.36534821088009506,-0.842223994886299,-2.0
4.938493849384939,0.5672028739795665,-0.3655016452314715,-0.8942121872254778,-2.0
4.939493949394939,0.7379772025016118,-0.3656513962415364,-0.8892582227622589,-2.0
4.940494049404941,0.6436072376127207,-0.365797463899507,-1.030538422154697,-2.0
4.941494149414941,0.5055040306762631,-0.36593984823110537,-1.115368163862988,-2.0
4.942494249424943,0.34605724602543625,-0.36607854929854333,-0.9389805677677961,-2.0
4.9434943494349435,0.6058164624681336,-0.36621356720050774,-0.9260006056449179,-2.0
4.944494449444944,0.49408390875969993,-0.3663449020721444,-0.8807303615581624,-2.0
4.945494549454946,0.3546747981451197,-0.36647255408504276,-0.6691443835984865,-2.0
4.946494649464946,0.4207100819308451,-0.3665965234472191,-0.6560753309119836,-2.0
4.947494749474948,0.4080648928744267,-0.36671681040310017,-0.6069679121818666,-2.0
4.948494849484948,0.589720355599571,-0.3668334152335057,-0.8521055752569741,-2.0
4.94949494949495,0.5309153875376046,-0.3669463382556321,-0.8438682276518867,-2.0
4.9504950495049505,0.5106844533568534,-0.3670555798230336,-0.9027735658474813,-2.0
4.951495149514952,0.2795295517408064,-0.36716114032560543,-1.1487165963785464,-2.0
4.952495249524953,0.5399116171828654,-0.36726302018956375,-1.1449120344194494,-2.0
4.953495349534953,0.4993309712929705,-0.3673612198774289,-1.1672083874620722,-2.0
4.954495449544955,0.2641356066248861,-0.3674557398880048,-1.0457150605973804,-2.0
4.955495549554955,0.41721237582258924,-0.3675465807563598,-1.044406642657861,-2.0
4.956495649564957,0.34658846082645345,-0.3676337430538076,-1.167216182717349,-2.0
4.957495749574957,0.28084673984423175,-0.367717227387886,-1.216097591327767,-2.0
4.958495849584959,0.28640108167944034,-0.3677970344023373,-1.3767173303174438,-2.0
4.9594959495949595,0.14844066494289548,-0.3678731647770869,-1.4530561125408277,-2.0
4.96049604960496,0.5163591334458207,-0.3679456192282225,-1.6128361389656771,-2.0
4.961496149614962,0.38283082805021074,-0.36801439850797196,-1.5939003161306395,-2.0
4.962496249624962,0.31262228990719687,-0.368079503404682,-1.6408998205088878,-2.0
4.963496349634964,0.44268612659172135,-0.36814093474279574,-1.795380929775232,-2.0
4.964496449644964,0.1465742339860738,-0.3681986933828297,-1.7192673109962382,-2.0
4.965496549654966,0.30269998005606075,-0.36825278022135155,-1.8350246706978144,-2.0
4.9664966496649665,0.3760772474776271,-0.36830319619095625,-1.7660349401728916,-2.0
4.967496749674967,0.39883413124083167,-0.3683499422602426,-1.6861789963052278,-2.0
4.968496849684969,0.3203636556729672,-0.3683930194337893,-1.7467700718462944,-2.0
4.969496949694969,0.20052167367234833,-0.3684324287521305,-1.7465522117785355,-2.0
4.970497049704971,0.2761077226319671,-0.3684681712917311,-1.5410038212742663,-2.0
4.971497149714971,0.21619835406612803,-0.3685002481649618,-1.640513123503768,-2.0
4.972497249724973,0.24898816165621637,-0.3685286605200736,-1.616629895640667,-2.0
4.9734973497349735,0.37072848599470887,-0.3685534095411724,-1.4504574950932252,-2.0
4.974497449744974,0.12900783654145026,-0.3685744964481921,-1.4339907947536765,-2.0
4.975497549754976,0.18867355622824544,-0.3685919224968694,-1.2891313784242753,-2.0
4.976497649764976,0.3729754321090512,-0.3686056889787161,-1.3519759736635006,-2.0
4.977497749774978,0.11735490611598315,-0.368615797220992,-1.4339628772833484,-2.0
4.978497849784978,0.13707975449479393,-0.36862224858667836,-1.3390741958050631,-2.0
4.97949794979498,-0.03522150997821688,-0.3686250444744488,-1.3705514211318,-2.0
4.9804980498049805,0.03153374891856203,-0.36862418631864236,-1.2045026823833895,-2.0
4.981498149814982,0.07311365714389967,-0.36861967558923414,-1.1006435278717424,-2.0
4.982498249824983,0.0637011737997835,-0.368611513791807,-1.0976512870536552,-2.0
4.983498349834983,0.310488179918965,-0.3685997024675222,-1.1242421160701457,-2.0
4.984498449844985,0.15684936755835782,-0.3685842431930901,-1.4016928588455684,-2.0
4.985498549854985,0.15382302181271704,-0.36856513758073983,-1.4325726227300022,-2.0
4.986498649864987,0.01899533749582251,-0.36854238727818966,-1.3639285745396936,-2.0
4.987498749874987,0.16595136995576748,-0.36851599396861623,-1.5533815763992518,-2.0
4.988498849884989,0.05115549121119928,-0.36848595937062356,-1.573335838326816,-2.0
4.9894989498949895,0.19501677568395265,-0.3684522852382123,-1.52120097863179,-2.0
4.99049904990499,0.07891960789631972,-0.36841497336074747,-1.6233758122484578,-2.0
4.991499149914992,0.026172284482277118,-0.36837402556292725,-1.6067063201042533,-2.0
4.992499249924992,0.25770078840257804,-0.3683294437047507,-1.6216242512591337,-2.0
4.993499349934994,0.14953984362832737,-0.36828122968148447,-1.7656189306940284,-2.0
4.994499449944994,0.0366029761767016,-0.368229385423631,-1.6829871555072278,-2.0
4.995499549954996,-0.07910469665458283,-0.3681739128968946,-1.757474273386752,-2.0
4.9964996499649965,0.03169341439455529,-0.3681148141021479,-1.6293344149698534,-2.0
4.997499749974997,-0.014646873733654496,-0.36805209107539844,-1.638793779667831,-2.0
4.998499849984999,0.01480790506908355,-0.3679857458877537,-1.559187717562588,-2.0
4.999499949994999,-0.013390077763461867,-0.3679157806453872,-1.455882992791886,-2.0
5.000500050005001,0.3019402734621628,-0.3678421974895034,-1.4378705839353934,2.0
5.001500150015001,-0.01663508911600148,-0.3677649985963024,-1.5487337290092453,2.0
5.002500250025003,-0.08804718136991027,-0.3676841861769442,-1.595772737601712,2.0
5.0035003500350035,0.00480290249264316,-0.3675997624775132,-1.6089400569072727,2.0
5.004500450045004,-0.1612297041938951,-0.3675117297789819,-1.5701492972530096,2.0
5.005500550055006,0.023782075604100977,-0.36742009039717377,-1.5923370848818372,2.0
5.006500650065006,-0.11803733538857832,-0.36732484668272736,-1.7460427582102036,2.0
5.007500750075008,-0.21462934091823868,-0.3672260010210582,-1.8491723704470933,2.0
5.008500850085008,-0.1716934036263888,-0.3671235558323217,-1.7279313369707765,2.0
5.00950095009501,-0.10731209156423023,-0.36701751357137524,-1.7459586134321636,2.0
5.0105010501050105,-0.24470282911352892,-0.3669078767277396,-1.6305655000633956,2.0
5.011501150115012,-0.015361924382887221,-0.36679464782556104,-1.5564972585927483,2.0
5.012501250125013,0.2330834767130018,-0.3666778294235721,-1.5125127651638537,2.0
5.013501350135013,-0.20448102364499463,-0.36655742411505216,-1.4629946122917106,2.0
5.014501450145015,-0.14698563676371848,-0.3664334345277883,-1.508504405376844,2.0
5.015501550155015,-0.05932585003838617,-0.3663058633240356,-1.5087080989289283,2.0
5.016501650165017,-0.3062007268751055,-0.36617471320047607,-1.651615250893804,2.0
5.017501750175017,-0.30816153954757813,-0.36603998688817974,-1.4909816811851055,2.0
5.018501850185019,-0.27304416166019735,-0.36590168715256216,-1.441328414530513,2.0
5.0195019501950195,-0.261920411223649,-0.3657598167933442,-1.5056088572704336,2.0
5.02050205020502,-0.3089932877593319,-0.36561437864451063,-1.5361985606369037,2.0
5.021502150215022,-0.017105609902029473,-0.36546537557426767,-1.5549180693222722,2.0
5.022502250225022,-0.12530162999740058,-0.36531281048500164,-1.6661377233133887,2.0
5.023502350235024,-0.1517457287277234,-0.36515668631323606,-1.7551008936292307,2.0
5.024502450245024,-0.3200994171820358,-0.36499700602958923,-1.794430210550411,2.0
5.025502550255026,-0.09689553696059558,-0.36483377263873057,-1.7721174139109988,2.0
5.0265026502650265,-0.24149504394868368,-0.36466698917933793,-1.7906180115201185,2.0
5.027502750275027,-0.26833479864602605,-0.3644966587240536,-1.7922228148382449,2.0
5.028502850285029,-0.21091326041262984,-0.3643227843794396,-1.6912694531222308,2.0
5.029502950295029,-0.39418734903811614,-0.36414536928593494,-1.6458498560583277,2.0
5.030503050305031,-0.3075481557267099,-0.36396441661780915,-1.4519274053918316,2.0
5.031503150315031,-0.39718513501934394,-0.3637799295831188,-1.4561692117865226,2.0
5.032503250325033,-0.30355900850559425,-0.3635919114236605,-1.4943397562587386,2.0
5.0335033503350335,-0.6118604464830226,-0.3634003654149278,-1.5229476066765133,2.0
5.034503450345034,-0.2766629928834448,-0.3632052948660624,-1.3486233519059774,2.0
5.035503550355036,-0.35189224407386765,-0.36300670311980954,-1.3041461864206088,2.0
5.036503650365036,-0.4224362329185381,-0.36280459355247185,-1.351297553233356,2.0
5.037503750375038,-0.3849135019276785,-0.36259896957386073,-1.2486385036901915,2.0
5.038503850385038,-0.43510401748692734,-0.36238983462725116,-1.3989462634175798,2.0
5.03950395039504,-0.575529273520111,-0.3621771921893324,-1.3071345978455673,2.0
5.0405040504050405,-0.4205225359712973,-0.3619610457701617,-1.2861790608866623,2.0
5.041504150415042,-0.3198754376490959,-0.3617413989131147,-1.4451005866858242,2.0
5.042504250425043,-0.45872820178913554,-0.3615182551948385,-1.4187794206573459,2.0
5.043504350435043,-0.314185339283596,-0.36129161822520206,-1.5018972766514687,2.0
5.044504450445045,-0.4433819228264034,-0.36106149164724627,-1.4484171144944504,2.0
5.045504550455045,-0.36429500169683887,-0.3608278791371372,-1.5023018293582624,2.0
5.046504650465047,-0.48658392639023307,-0.3605907844041133,-1.4598883930281081,2.0
5.047504750475047,-0.48216667412128567,-0.36035021119043786,-1.406800121877068,2.0
5.048504850485049,-0.2750697227713653,-0.36010616327134704,-1.5068889302897668,2.0
5.0495049504950495,-0.533253818347458,-0.35985864445500076,-1.500043038778185,2.0
5.05050505050505,-0.503345164307843,-0.35960765858243054,-1.4945083091013687,2.0
5.051505150515052,-0.5820787667380156,-0.3593532095274884,-1.3745524971382415,2.0
5.052505250525052,-0.5192041786232314,-0.35909530119679667,-1.387105112325651,2.0
5.053505350535054,-0.39908134786560245,-0.35883393752969417,-1.4368499690970231,2.0
5.054505450545054,-0.5772104130547171,-0.358569122498186,-1.5912415603524301,2.0
5.055505550555056,-0.6231291172508281,-0.35830086010688983,-1.7361914204226243,2.0
5.0565056505650565,-0.5115712247969437,-0.3580291543929839,-1.9274225006520387,2.0
5.057505750575057,-0.7014215081831614,-0.3577540094261528,-2.0025141435315703,2.0
5.058505850585059,-0.4158856038727954,-0.35747542930853604,-2.1648683706519485,2.0
5.059505950595059,-0.4029685791922092,-0.35719341817467304,-2.363096926182899,2.0
5.060506050605061,-0.48733977561281283,-0.3569079801914492,-2.460108873609581,2.0
5.061506150615061,-0.4979922389130336,-0.35661911955804265,-2.4534800714771885,2.0
5.062506250625063,-0.4336915314053684,-0.3563268405058686,-2.479342674823627,2.0
5.0635063506350635,-0.4817540549333188,-0.3560311472985256,-2.574064413873773,2.0
5.064506450645064,-0.6833240363934637,-0.3557320442317389,-2.6336217942360665,2.0
5.065506550655066,-0.6528570758742336,-0.3554295356333064,-2.8359157927460883,2.0
5.066506650665066,-0.5318830474634215,-0.35512362586304325,-2.800554555650531,2.0
5.067506750675068,-0.6190930156642678,-0.35481431931272367,-2.860517791220597,2.0
5.068506850685068,-0.5499122599123595,-0.3545016204060276,-2.740476571871157,2.0
5.06950695069507,-0.4281255022055481,-0.35418553359848093,-2.721732362666314,2.0
5.0705070507050705,-0.6018817151155067,-0.3538660633774019,-2.6312374119623816,2.0
5.071507150715072,-0.5992541096757802,-0.3535432142618409,-2.6192341688694922,2.0
5.072507250725073,-0.7181155361469265,-0.3532169908025253,-2.690348251371576,2.0
5.073507350735073,-0.6256136779346834,-0.3528873975818001,-2.8962743038302836,2.0
5.074507450745075,-0.5078131990678395,-0.35255443921357077,-2.8721176786590665,2.0
5.075507550755075,-0.5682641229631555,-0.3522181203432452,-2.834626160919248,2.0
5.076507650765077,-0.6738678548908056,-0.35187844564767323,-2.8445005680954605,2.0
5.077507750775077,-0.5628936287692127,-0.35153541983509023,-2.746242364941967,2.0
5.078507850785079,-0.7387780527483736,-0.35118904764505604,-2.7560081741861304,2.0
5.0795079507950796,-0.7147336263943285,-0.35083933384839666,-2.768487996440606,2.0
5.08050805080508,-0.5545777217851683,-0.3504862832471435,-2.7903794934425727,2.0
5.081508150815082,-0.7499251256923459,-0.3501299006744731,-2.810505928744867,2.0
5.082508250825082,-0.6668726772589484,-0.34977019099464923,-2.700539167009855,2.0
5.083508350835084,-0.7358219272105915,-0.3494071591029584,-2.617110900072253,2.0
5.084508450845084,-0.6175625389161212,-0.3490408099256526,-2.5397638094132633,2.0
5.085508550855086,-0.7521276319353123,-0.34867114841988517,-2.5701946055562885,2.0
5.0865086508650865,-0.6621814194535062,-0.34829817957365183,-2.6121705035303666,2.0
5.087508750875087,-0.6425508607869976,-0.3479219084057271,-2.623824261349204,2.0
5.088508850885089,-0.685062834814422,-0.3475423399656022,-2.675228778645297,2.0
5.089508950895089,-0.7895639036290585,-0.3471594793334247,-2.662784144402365,2.0
5.090509050905091,-0.7329732805597087,-0.3467733316199337,-2.800688522820695,2.0
5.091509150915091,-0.7773073734569399,-0.3463839019663984,-2.9361467685368274,2.0
5.092509250925093,-0.6643546963878102,-0.3459911955445538,-2.8278140050842695,2.0
5.0935093509350935,-0.7737893319990431,-0.3455952175565388,-2.886803503404458,2.0
5.094509450945094,-0.7253487467358009,-0.3451959732348305,-2.872069341538361,2.0
5.095509550955096,-0.8200532828547329,-0.3447934678421813,-3.1258849890724325,2.0
5.096509650965096,-0.9078376957320945,-0.34438770667155627,-3.0478592234285786,2.0
5.097509750975098,-0.8350902095400771,-0.3439786950460642,-2.9163911162968486,2.0
5.098509850985098,-0.8215425054718157,-0.3435664383188984,-2.9087874919522125,2.0
5.0995099509951,-0.9232173160606411,-0.3431509418732666,-2.9443647990278494,2.0
5.1005100510051005,-0.8442904929718713,-0.34273221112232904,-3.0212262341916345,2.0
5.101510151015102,-0.8567227870003286,-0.34231025150913036,-3.0220077070872775,2.0
5.102510251025103,-0.7717497802879011,-0.3418850685065367,-2.9395841872989457,2.0
5.103510351035103,-0.9493609152686645,-0.34145666761716675,-2.9031860278888866,2.0
5.104510451045105,-0.6654962657225997,-0.3410250543733249,-2.8934804097514006,2.0
5.105510551055105,-0.8837001902380234,-0.34059023433693886,-2.9561924965159605,2.0
5.106510651065107,-0.9873368658514006,-0.3401522130994877,-3.0410003138203088,2.0
5.107510751075107,-0.8670403339318485,-0.3397109962819376,-3.09885300227592,2.0
5.108510851085109,-0.9492803009095052,-0.33926658953467265,-3.0854545605952493,2.0
5.1095109510951096,-0.9112242933293022,-0.33881899853742947,-3.1868591799956483,2.0
5.11051105110511,-0.9549064124337197,-0.33836822899922686,-3.3134427463052685,2.0
5.111511151115112,-0.8283114756447348,-0.33791428665829665,-3.391384105717788,2.0
5.112511251125112,-0.8921650683295205,-0.33745717728201957,-3.3645270447420508,2.0
5.113511351135114,-0.8603110312355953,-0.33699690666685217,-3.3714064729622266,2.0
5.114511451145114,-0.8591767741501085,-0.3365334806382594,-3.4162677359041256,2.0
5.115511551155116,-0.7713476010950884,-0.3360669050506446,-3.4555935703193867,2.0
5.1165116511651165,-0.9986497636382347,-0.3355971857872828,-3.5565239063840766,2.0
5.117511751175117,-0.910025498267732,-0.3351243287602451,-3.3265148289869892,2.0
5.118511851185119,-1.000098934609494,-0.3346483399103336,-3.53467913687631,2.0
5.119511951195119,-0.9524284999258815,-0.33416922520701053,-3.558024150475214,2.0
5.120512051205121,-0.9050099692996642,-0.333686990648325,-3.335787013568878,2.0
5.121512151215121,-1.024040061825627,-0.33320164226084403,-3.3338438534981485,2.0
5.122512251225123,-0.9882772027545764,-0.3327131860995806,-3.3862465678986227,2.0
5.1235123512351235,-0.9942614743100762,-0.33222162824792484,-3.344353371006082,2.0
5.124512451245124,-0.7461519069994406,-0.33172697481756697,-3.059749120181965,2.0
5.125512551255126,-0.8266431237542361,-0.33122923194843046,-2.987492703252017,2.0
5.126512651265126,-0.8610602820966634,-0.3307284058085992,-2.8771778843823457,2.0
5.127512751275128,-1.013701007288377,-0.33022450259424224,-2.852345663336968,2.0
5.128512851285128,-0.9313639056443076,-0.3297175285295437,-2.887381548169067,2.0
5.12951295129513,-1.1327659156759582,-0.32920748986662873,-2.649278132470585,2.0
5.1305130513051305,-0.8059284424204265,-0.3286943928854928,-2.6821289850422416,2.0
5.131513151315132,-0.7414761388080792,-0.3281782438939224,-2.783503583785789,2.0
5.132513251325133,-0.9213448313990823,-0.32765904922742967,-2.7133455199083247,2.0
5.133513351335133,-0.9492354895773522,-0.32713681524917143,-2.7593155040521307,2.0
5.134513451345135,-1.0068489536925307,-0.3266115483498786,-2.7158000311207164,2.0
5.135513551355135,-0.8007846448085166,-0.3260832549477813,-2.798159953570571,2.0
5.136513651365137,-1.0558162189403604,-0.3255519414885338,-2.850722376787054,2.0
5.137513751375137,-1.0283883220895285,-0.32501761444514,-2.8648756560246107,2.0
5.138513851385139,-0.8986679113132957,-0.3244802803178776,-3.0021003042569783,2.0
5.13951395139514,-0.9324565173510275,-0.3239399456342254,-2.9934230484808593,2.0
5.14051405140514,-0.8955470661233117,-0.32339661694878424,-2.9467855599554404,2.0
5.141514151415142,-1.0353425064950907,-0.32285030084320127,-2.9365929061693903,2.0
5.142514251425142,-0.9733402317094831,-0.3223010039260989,-2.955251410899134,2.0
5.143514351435144,-0.9087186725067615,-0.3217487328329924,-3.0207576915510694,2.0
5.144514451445144,-1.0616600583713731,-0.3211934942262168,-3.0075234655025325,2.0
5.145514551455146,-0.9558907735051185,-0.3206352947948486,-2.9761036786003285,2.0
5.1465146514651465,-1.021367331327568,-0.32007414125463135,-3.049574021762173,2.0
5.147514751475147,-1.0388201980964151,-0.3195100403478954,-3.1401886476155147,2.0
5.148514851485149,-0.9781298176365284,-0.3189429988434799,-3.317493335843443,2.0
5.149514951495149,-1.2093303668527877,-0.31837302353666047,-3.35080424326354,2.0
5.150515051505151,-1.133826309452426,-0.317800121249065,-3.193498758553468,2.0
5.151515151515151,-1.1406967922024878,-0.3172242988285993,-3.387065136484283,2.0
5.152515251525153,-1.063652501981746,-0.3166455631493667,-3.447028857205461,2.0
5.1535153515351535,-0.9922961402138069,-0.31606392111159215,-3.5272303545012003,2.0
5.154515451545154,-0.9821236811934609,-0.3154793796415407,-3.4151553813563247,2.0
5.155515551555156,-0.9811136445246482,-0.31489194569143725,-3.430919699491429,2.0
5.156515651565156,-1.028417826457859,-0.3143016262393931,-3.694092094584623,2.0
5.157515751575158,-0.7212831257424348,-0.3137084282893206,-3.694864973978512,2.0
5.158515851585158,-1.0111406939014684,-0.3131123588708559,-3.7229230339848733,2.0
5.15951595159516,-0.9507457420374027,-0.312513425039278,-3.8562225779649584,2.0
5.1605160516051605,-1.1479849582035866,-0.31191163387543186,-3.789800497113688,2.0
5.161516151615162,-0.8638699217484458,-0.31130699248564103,-3.751429936288188,2.0
5.162516251625163,-0.9592368302091986,-0.3106995080016359,-3.692222979009662,2.0
5.163516351635163,-1.018737473821636,-0.31008918758046555,-3.6154602811698684,2.0
5.164516451645165,-1.1984413722041147,-0.30947603840442034,-3.692104670630827,2.0
5.165516551655165,-0.9731765507024833,-0.3088600676809499,-3.666055020457078,2.0
5.166516651665167,-1.1056621544824947,-0.30824128264258066,-3.478954039538128,2.0
5.167516751675167,-1.07046490209059,-0.307619690546838,-3.6458619679671993,2.0
5.168516851685169,-0.9527899920062921,-0.3069952986761566,-3.4871233668387323,2.0
5.16951695169517,-1.0495573965888585,-0.3063681143378075,-3.410099874483419,2.0
5.17051705170517,-0.9966242817271291,-0.3057381448638092,-3.349724348786742,2.0
5.171517151715172,-0.9865590916521165,-0.3051053976108474,-3.417515309092788,2.0
5.172517251725172,-1.1490730983370452,-0.3044698799601924,-3.520965862224629,2.0
5.173517351735174,-1.000451761552402,-0.3038315993176153,-3.5243735744803844,2.0
5.174517451745174,-1.0336519225080787,-0.30319056311330755,-3.4524440318529885,2.0
5.175517551755176,-0.9771726164133521,-0.30254677880179087,-3.2828988711199254,2.0
5.1765176517651765,-0.8809714290108432,-0.30190025386184277,-3.3410092927103676,2.0
5.177517751775177,-0.9428431753715232,-0.3012509957964063,-3.375116146100937,2.0
5.178517851785179,-0.8890431647988936,-0.30059901213250523,-3.2719788424398604,2.0
5.179517951795179,-0.8470184558273761,-0.299944310421167,-3.30948824795972,2.0
5.180518051805181,-0.9339944399678791,-0.2992868982373306,-3.537883838655344,2.0
5.181518151815181,-1.0993120771106204,-0.29862678317976604,-3.4153762482948715,2.0
5.182518251825183,-1.007451336347048,-0.29796397287098747,-3.3463851447113058,2.0
5.1835183518351835,-0.9476159606371437,-0.29729847495717165,-3.3185156608507023,2.0
5.184518451845184,-1.0691811232495845,-0.2966302971080686,-3.406937445155022,2.0
5.185518551855186,-0.976952318570101,-0.2959594470169157,-3.59067763203782,2.0
5.186518651865186,-1.0830574116906906,-0.29528593240035855,-3.477378730655914,2.0
5.187518751875188,-1.0462128078480344,-0.294609760998358,-3.373021411703675,2.0
5.188518851885188,-1.002775311268867,-0.29393094057410735,-3.3898261198830903,2.0
5.18951895189519,-0.8798487543379034,-0.2932494789139452,-3.2579288944419904,2.0
5.1905190519051905,-0.9710548936402691,-0.29256538382727154,-3.1811236562674488,2.0
5.191519151915192,-0.8420550866300833,-0.2918786631464569,-3.21571923845579,2.0
5.192519251925193,-1.1153887143958758,-0.29118932472675857,-3.349326173280887,2.0
5.193519351935193,-1.0387823011251958,-0.2904973764462329,-3.190750053510126,2.0
5.194519451945195,-1.0519851921345202,-0.28980282620564773,-3.179707432738991,2.0
5.195519551955195,-0.8720102657244047,-0.2891056819283955,-3.0878880625481786,2.0
5.196519651965197,-1.064338755313413,-0.2884059515604045,-3.1216104367143753,2.0
5.197519751975197,-0.8906777579582273,-0.2877036430700553,-3.105814729958124,2.0
5.198519851985199,-0.8151374269069935,-0.2869987644480842,-3.0841695061915964,2.0
5.1995199519952,-1.0391164456892101,-0.286291323707506,-2.930816394039923,2.0
5.2005200520052,-0.9634949084733663,-0.2855813288835167,-2.86990898854757,2.0
5.201520152015202,-0.7610406435889012,-0.28486878803340954,-2.9298416747823413,2.0
5.202520252025202,-0.9533269087228026,-0.28415370923648536,-2.8285389652442743,2.0
5.203520352035204,-0.8643100047548052,-0.28343610059396257,-2.670749670156011,2.0
5.204520452045204,-1.03103104659253,-0.28271597022889244,-2.645061718189135,2.0
5.205520552055206,-0.9291802008877309,-0.28199332628606116,-2.613563100622409,2.0
5.2065206520652065,-0.7392689859781181,-0.2812681769319113,-2.6230081515702106,2.0
5.207520752075207,-1.0586155306652294,-0.28054053035444354,-2.6186892613544863,2.0
5.208520852085209,-0.9783648902767662,-0.27981039476313113,-2.529177840014059,2.0
5.209520952095209,-0.8638747206391155,-0.279077778388829,-2.3879782496355655,2.0
5.210521052105211,-0.8916176829646065,-0.2783426894836826,-2.4767525470476897,2.0
5.211521152115211,-0.7780113076155923,-0.27760513632104206,-2.278337279562284,2.0
5.212521252125213,-1.0070545469338588,-0.27686512719536255,-2.0783753645584078,2.0
5.2135213521352135,-1.0066763845051363,-0.2761226704221252,-2.182289713381782,2.0
5.214521452145214,-0.8204087771888282,-0.27537777433773686,-2.240677379069122,2.0
5.215521552155216,-0.952625057310625,-0.27463044729944397,-2.204426986025879,2.0
5.216521652165216,-0.8011405937667263,-0.2738806976852401,-2.1237116428214895,2.0
5.217521752175218,-1.0848166662320557,-0.2731285338937744,-2.2978613996403805,2.0
5.218521852185218,-0.9125688708797411,-0.27237396434426087,-2.341949405546063,2.0
5.21952195219522,-0.8536243114541537,-0.27161699747638507,-2.4000478438563473,2.0
5.2205220522052205,-0.9324564616629578,-0.27085764175021615,-2.2370886155249567,2.0
5.221522152215222,-0.9011436806444129,-0.2700959056461096,-2.172142632126272,2.0
5.222522252225223,-0.8697614249076067,-0.26933179766461857,-2.042153709126163,2.0
5.223522352235223,-0.8567487085092308,-0.2685653263264007,-2.022836660611169,2.0
5.224522452245225,-0.7263482565389168,-0.2677965001721254,-2.1033270663868975,2.0
5.225522552255225,-0.7556575934729195,-0.267025327762382,-2.0029728124849364,2.0
5.226522652265227,-0.7511968361411708,-0.26625181767758493,-1.876249428576239,2.0
5.2275227522752274,-0.7646260409122732,-0.26547597851788496,-1.722834996807632,2.0
5.228522852285229,-0.8211922587561904,-0.26469781890307087,-1.8340833081889767,2.0
5.22952295229523,-0.9564832493332318,-0.2639173474724794,-1.8082441281047235,2.0
5.23052305230523,-0.9207683965089843,-0.2631345728849011,-1.8178902171450546,2.0
5.231523152315232,-0.8677973206785461,-0.2623495038184867,-1.8862887894987272,2.0
5.232523252325232,-0.8395250213392941,-0.26156214897065344,-1.9688007177841145,2.0
5.233523352335234,-0.7479520753417763,-0.26077251705799004,-1.9450590962811263,2.0
5.234523452345234,-0.8743511923960552,-0.2599806168161667,-1.9175974056003966,2.0
5.235523552355236,-0.7703377697595172,-0.25918645699983484,-1.9610938929907349,2.0
5.2365236523652365,-0.7662433013710575,-0.2583900463825371,-1.7899554619151634,2.0
5.237523752375237,-0.7029039232106518,-0.25759139375661144,-1.7161949472859754,2.0
5.238523852385239,-0.6648428663265326,-0.25679050793309655,-1.6850299405614575,2.0
5.239523952395239,-0.8645889040770889,-0.25598739774163737,-1.5606037286303707,2.0
5.240524052405241,-0.7198584967780471,-0.25518207203038884,-1.5716988174848454,2.0
5.241524152415241,-0.627795341691007,-0.25437453966592544,-1.5017643622157624,2.0
5.242524252425243,-0.7208898253536609,-0.25356480953313637,-1.3497695371657352,2.0
5.2435243524352435,-0.7217415190861427,-0.2527528905351423,-1.2067466479456628,2.0
5.244524452445244,-0.7611659664249282,-0.2519387915931903,-1.3820207509656022,2.0
5.245524552455246,-0.7215131482722756,-0.2511225216465625,-1.4121406320738539,2.0
5.246524652465246,-0.5894860756206116,-0.25030408965247947,-1.4802859214715092,2.0
5.247524752475248,-0.8000102007809522,-0.24948350458600338,-1.5413237438788725,2.0
5.248524852485248,-0.6945742268993662,-0.24866077543994636,-1.4281676697193741,2.0
5.24952495249525,-0.6536112528200828,-0.24783591122476453,-1.4045168765051,2.0
5.2505250525052505,-0.7679246897905819,-0.24700892096847418,-1.2083842454369131,2.0
5.251525152515252,-0.7931191508699105,-0.24617981371654515,-1.1104779289876894,2.0
5.252525252525253,-0.6178048681910648,-0.24534859853180913,-1.0394925053286534,2.0
5.253525352535253,-0.6188507746061636,-0.2445152844943618,-0.9242004469813012,2.0
5.254525452545255,-0.590360182486207,-0.24367988070146498,-1.0128252267010491,2.0
5.255525552555255,-0.45480829558384683,-0.24284239626745407,-1.0059222428835728,2.0
5.256525652565257,-0.5484788865516212,-0.2420028403236314,-0.9721212871629664,2.0
5.2575257525752574,-0.5436488760547373,-0.24116122201818105,-0.997341927604878,2.0
5.258525852585259,-0.6796339753880932,-0.24031755051606174,-1.2489541483784687,2.0
5.25952595259526,-0.7101918210773862,-0.239471834998914,-1.4326923949779582,2.0
5.26052605260526,-0.8204274096138674,-0.23862408466496135,-1.498299786167915,2.0
5.261526152615262,-0.2243782141267,-0.23777430872891253,-1.374198744666924,2.0
5.262526252625262,-0.5438263428530933,-0.23692251642186374,-1.3588764455231592,2.0
5.263526352635264,-0.5088927484007618,-0.23606871699119966,-1.3321753424386602,2.0
5.264526452645264,-0.7263285985775882,-0.23521291970049876,-1.1892784320498144,2.0
5.265526552655266,-0.6700465658562568,-0.23435513382942977,-1.0012117746207865,2.0
5.2665266526652665,-0.5098680605982998,-0.23349536867365708,-0.9709131797300883,2.0
5.267526752675267,-0.5124809826142719,-0.23263363354474073,-0.9281658850337282,2.0
5.268526852685269,-0.4547734260679969,-0.2317699377700383,-0.9996048432971784,2.0
5.269526952695269,-0.6748929401858773,-0.23090429069260618,-0.9500608891876354,2.0
5.270527052705271,-0.5868204621259454,-0.23003670167109935,-0.9796279616217826,2.0
5.271527152715271,-0.6468694676396148,-0.22916718007967643,-1.041350984832494,2.0
5.272527252725273,-0.6264379349088218,-0.2282957353078951,-1.047123991151497,2.0
5.2735273527352735,-0.6650330870153045,-0.22742237676061636,-1.0094648276393305,2.0
5.274527452745274,-0.5312006102544157,-0.22654711385790421,-1.1039001848844643,2.0
5.275527552755276,-0.49699743685003184,-0.2256699560349268,-1.1428193547038894,2.0
5.276527652765276,-0.5295099482754239,-0.2247909127418561,-1.3195696071116183,2.0
5.277527752775278,-0.29951079909536005,-0.2239099934437679,-1.4249806922367538,2.0
5.278527852785278,-0.32844475046406607,-0.22302720762054648,-1.462888804214237,2.0
5.27952795279528,-0.5295286956251084,-0.2221425647667745,-1.2441892028123793,2.0
5.2805280528052805,-0.42238878862472956,-0.2212560743916462,-1.343934967128428,2.0
5.281528152815282,-0.4870983782796241,-0.22036774601885678,-1.198807966586909,2.0
5.282528252825283,-0.6114627543090714,-0.21947758918650745,-1.1935410643479178,2.0
5.283528352835283,-0.524539222839179,-0.2185856134470035,-1.1515888930957756,2.0
5.284528452845285,-0.5175794284274124,-0.21769182836695342,-0.9905040480290715,2.0
5.285528552855285,-0.34948651395199504,-0.2167962435270733,-1.1084128610186195,2.0
5.286528652865287,-0.48723237150685555,-0.21589886852207524,-1.09828619167346,2.0
5.2875287528752875,-0.39860113405124853,-0.21499971296058049,-1.018789056711263,2.0
5.288528852885289,-0.4732708076881437,-0.214098786465008,-1.0385765222355219,2.0
5.28952895289529,-0.436585106956191,-0.21319609867147837,-1.0693573187767182,2.0
5.29052905290529,-0.4165990284361159,-0.21229165922971174,-1.102884105965233,2.0
5.291529152915292,-0.5932340347875477,-0.21138547780292605,-1.0506042580610113,2.0
5.292529252925292,-0.4029079036818875,-0.21047756406774068,-0.9536743692243722,2.0
5.293529352935294,-0.3563130284429273,-0.20956792771406405,-0.9225044733625183,2.0
5.294529452945294,-0.2571715691428469,-0.20865657844500668,-0.9851632744876793,2.0
5.295529552955296,-0.2848968256735151,-0.20774352597676837,-0.9844482545577862,2.0
5.2965296529652965,-0.32730554174482634,-0.20682878003854208,-1.0070560156063402,2.0
5.297529752975297,-0.45708860292163955,-0.20591235037241068,-1.038571768454743,2.0
5.298529852985299,-0.07872976447065086,-0.20499424673324604,-0.8330826286609634,2.0
5.299529952995299,-0.24483866839935636,-0.20407447888860678,-0.8663628197366342,2.0
5.300530053005301,-0.43651629541315545,-0.2031530566186353,-0.7431124326660639,2.0
5.301530153015301,-0.2925936958236317,-0.20222998971596035,-0.8176303991634601,2.0
5.302530253025303,-0.4832058778100663,-0.20130528798558828,-0.8390784598429616,2.0
5.3035303530353035,-0.2442947988093448,-0.20037896124480561,-0.8108810927739797,2.0
5.304530453045304,-0.09212126516706973,-0.19945101932307552,-0.743527339389522,2.0
5.305530553055306,-0.3072606328660011,-0.19852147206193535,-0.910931144156479,2.0
5.306530653065306,-0.21566426074691566,-0.19759032931489467,-0.8180397490780538,2.0
5.307530753075308,-0.18553051646320998,-0.1966576009473317,-0.7753782126935228,2.0
5.308530853085308,-0.23019941410837785,-0.1957232968363947,-0.9473999170295748,2.0
5.30953095309531,-0.10861060578580177,-0.19478742687089337,-1.021772142444552,2.0
5.3105310531053105,-0.21997390975060246,-0.1938500009512003,-1.0109093052930995,2.0
5.311531153115312,-0.14341084316510722,-0.19291102898914633,-1.0143167437302854,2.0
5.312531253125313,-0.10647976854341706,-0.1919705209079226,-1.0460313477247563,2.0
5.313531353135313,-0.017331733579165565,-0.19102848664196748,-1.040295236885749,2.0
5.314531453145315,-0.1654764902988965,-0.19008493613687297,-1.083025458464316,2.0
5.315531553155315,-0.11817455609191443,-0.18913987934928073,-1.2648095951368883,2.0
5.316531653165317,-0.008326300715602641,-0.1881933262467734,-1.2796980558721698,2.0
5.3175317531753175,-0.09987170533136933,-0.18724528680777633,-1.3016594017494016,2.0
5.318531853185319,-0.16169601858680704,-0.18629577102145253,-1.1655321890225625,2.0
5.31953195319532,-0.02110721827914279,-0.18534478888759992,-1.039074494173712,2.0
5.32053205320532,-0.07215681436225646,-0.18439235041654786,-0.8619638827539537,2.0
5.321532153215322,-0.0539214211318303,-0.18343846562905244,-0.6855343191744199,2.0
5.322532253225322,-0.26348294731608557,-0.1824831445561986,-0.6973940550450383,2.0
5.323532353235324,-0.26712470342108763,-0.18152639723928493,-0.4299685364324459,2.0
5.324532453245324,-0.16447187944674452,-0.18056823372973474,-0.37677238975639377,2.0
5.325532553255326,-0.015360858395214026,-0.17960866408898077,-0.20355151030652216,2.0
5.3265326532653265,-0.11693509151318482,-0.17864769838836692,-0.1587895909854186,2.0
5.327532753275327,0.07307120047872295,-0.1776853467090434,-0.11877104046126673,2.0
5.328532853285329,-0.1844015966895468,-0.17672161914186163,-0.020100863240726276,2.0
5.329532953295329,-0.04705626339258441,-0.17575652578727594,0.037780286543448297,2.0
5.330533053305331,0.027463468293552104,-0.1747900767552278,0.01275166087602741,2.0
5.331533153315331,-0.04430746242533124,-0.17382228216505696,-0.06360431799396903,2.0
5.332533253325333,-0.14421609812655753,-0.17285315214538516,-0.017836700314127568,2.0
5.3335333533353335,0.021198775408630594,-0.171882696834018,-0.21934811837285167,2.0
5.334533453345334,0.06059477779714753,-0.17091092637783947,-0.06611270724644902,2.0
5.335533553355336,0.09322163919037942,-0.16993785093270647,0.004493839195015093,2.0
5.336533653365336,0.05031555365648098,-0.16896348066335043,-0.014925779684710504,2.0
5.337533753375338,0.09269013605678836,-0.1679878257432608,0.033209884633527066,2.0
5.338533853385338,0.098494169599323,-0.16701089635459598,0.1883881228620307,2.0
5.33953395339534,0.05652882291591044,-0.1660327026880671,0.19074936488474448,2.0
5.3405340534053405,0.055422499305572706,-0.16505325494283904,0.17558305755545328,2.0
5.341534153415342,-0.06213882780379604,-0.1640725633264235,0.11692439682383778,2.0
5.342534253425343,0.15019654850699982,-0.16309063805458046,0.12437403276568615,2.0
5.343534353435343,0.20417618711390711,-0.16210748935120242,0.12424945711634666,2.0
5.344534453445345,0.27483654292422877,-0.16112312744821966,0.13143274892992757,2.0
5.345534553455345,-0.012671348687667588,-0.1601375625854946,0.08982267037445182,2.0
5.346534653465347,0.1577870727520131,-0.15915080501071177,0.06698317669680469,2.0
5.3475347534753475,0.07290953975614532,-0.1581628649792774,0.3272878125465469,2.0
5.348534853485349,0.054330815612981864,-0.15717375275421241,0.30196084166114073,2.0
5.34953495349535,0.21967736571195767,-0.1561834786060535,0.2867570555491988,2.0
5.35053505350535,0.09527125075022883,-0.15519205281273707,0.16756817315557504,2.0
5.351535153515352,0.12460300488136261,-0.15419948565950423,0.3125857003767106,2.0
5.352535253525352,0.24292213934379692,-0.15320578743879532,0.3481077854546337,2.0
5.353535353535354,0.1942486691801976,-0.15221096845013896,0.3238661776502849,2.0
5.354535453545354,0.0686304599884664,-0.15121503900005204,0.22421144747040028,2.0
5.355535553555356,0.15893808231799483,-0.15021800940193222,0.16618026943430175,2.0
5.3565356535653565,0.20022744605720325,-0.14921988997595878,0.15345519552531092,2.0
5.357535753575357,0.27481384832455447,-0.14822069104897634,0.18549587584305646,2.0
5.358535853585359,0.2901635799541883,-0.14722042295440002,0.14991548404824814,2.0
5.359535953595359,0.2288038280454229,-0.14621909603211036,0.07282332583126279,2.0
5.360536053605361,0.17923525985770072,-0.14521672062833704,-0.05963706606761235,2.0
5.361536153615361,0.3157259555952772,-0.1442133070955695,-0.20434691176021655,2.0
5.362536253625363,0.26442612914939684,-0.14320886579243966,-0.20194199842931426,2.0
5.3635363536353635,0.2702517660346093,-0.14220340708362225,-0.09025377519275112,2.0
5.364536453645364,0.4382401221213851,-0.1411969413397286,-0.24297829698473716,2.0
5.365536553655366,0.397332897658791,-0.1401894789372005,-0.12546634955898492,2.0
5.366536653665366,0.3049826527288268,-0.1391810302582104,-0.177344353515187,2.0
5.367536753675368,0.155019148891073,-0.13817160569054415,-0.33457119584957884,2.0
5.368536853685368,0.25363018765020695,-0.13716121562751143,-0.1864052548308492,2.0
5.36953695369537,0.4689302416799856,-0.1361498704678281,-0.2286725648466591,2.0
5.3705370537053705,0.33086821957974033,-0.13513758061551678,-0.18195023267387428,2.0
5.371537153715372,0.39083774414311584,-0.13412435647979926,-0.15891929181782655,2.0
5.372537253725373,0.28226740204275236,-0.13311020847499586,-0.1302441593397868,2.0
5.373537353735373,0.4321911487024414,-0.13209514702041433,-0.24168867884784018,2.0
5.374537453745375,0.45847727615062506,-0.13107918254024387,-0.10214515030141408,2.0
5.375537553755375,0.14920916212296886,-0.13006232546345972,-0.18810988108964866,2.0
5.376537653765377,0.3564139757438903,-0.12904458622370663,-0.07199098637717168,2.0
5.3775377537753775,0.5069927922810231,-0.12802597525919948,-0.016247861511920193,2.0
5.378537853785379,0.4394395552105905,-0.1270065030126154,-0.1415064026038386,2.0
5.37953795379538,0.4178076393981171,-0.1259861799309945,-0.18293995790956616,2.0
5.38053805380538,0.5400204831384064,-0.12496501646562307,-0.3255424482917647,2.0
5.381538153815382,0.41413099872766246,-0.12394302307193858,-0.2175655242136256,2.0
5.382538253825382,0.3778582086016835,-0.12292021020942323,-0.21004248822193597,2.0
5.383538353835384,0.3532880069935367,-0.12189658834149308,-0.05454242270957171,2.0
5.384538453845384,0.5291001560010102,-0.12087216793539737,-0.04546837599751684,2.0
5.385538553855386,0.4458580228832771,-0.11984695946211071,-0.03925158080369512,2.0
5.3865386538653866,0.40291971605709026,-0.1188209733962339,0.21168602177246046,2.0
5.387538753875387,0.5774106479265689,-0.1177942202158771,0.17735480283236127,2.0
5.388538853885389,0.25020363525189704,-0.11676671040256471,0.2279450107816862,2.0
5.389538953895389,0.6299398379587989,-0.11573845444112933,0.18205337025426724,2.0
5.390539053905391,0.381546126964853,-0.11470946281960055,0.1515309503153207,2.0
5.391539153915391,0.5481617878624738,-0.11367974602910444,0.36359605712208365,2.0
5.392539253925393,0.48792915393047726,-0.112649314563756,0.48592331326702864,2.0
5.3935393539353935,0.503584706835027,-0.11161817892055971,0.5038883253063623,2.0
5.394539453945394,0.485638938941438,-0.11058634959929299,0.5769812575553702,2.0
5.395539553955396,0.2950779805402591,-0.10955383710241115,0.47808432525082556,2.0
5.396539653965396,0.5668646665210598,-0.10852065193494138,0.5325625375772354,2.0
5.397539753975398,0.32408053721222196,-0.1074868046043716,0.4645087784309567,2.0
5.398539853985398,0.5968087253105224,-0.10645230562055015,0.37496033763339387,2.0
5.3995399539954,0.5430876370341334,-0.1054171654955794,0.25349162102922523,2.0
5.4005400540054005,0.757472358308376,-0.10438139474371085,0.5009389829434432,2.0
5.401540154015402,0.5594609945801912,-0.10334500388123877,0.6205268873237375,2.0
5.402540254025403,0.8218018206563854,-0.10230800342639977,0.6504996962158114,2.0
5.403540354035403,0.7313930769136213,-0.10127040389926227,0.6763103298930719,2.0
5.404540454045405,0.575918009258707,-0.10023221582161998,0.8287124429878642,2.0
5.405540554055405,0.599775491156444,-0.09919344971689763,0.907985183632476,2.0
5.406540654065407,0.6542991001283538,-0.09815411611003448,0.8503422689654965,2.0
5.4075407540754075,0.6144413720128029,-0.097114225527385,0.7900128953157939,2.0
5.408540854085409,0.6619619181277712,-0.09607378849661179,0.7317496187503114,2.0
5.40954095409541,0.7808721078952781,-0.09503281554658538,0.767207912437679,2.0
5.41054105410541,0.6027171991154676,-0.09399131720727366,1.0520922887242947,2.0
5.411541154115412,0.6828697706949106,-0.09294930400963577,1.0960162410884449,2.0
5.412541254125412,0.7078328886329337,-0.09190678648552794,1.2036052081416202,2.0
5.413541354135414,0.6305617027684058,-0.0908637751675871,1.2149234078419118,2.0
5.414541454145414,0.8686226652935156,-0.08982028058913205,1.441473228373484,2.0
5.415541554155416,0.6240450740860246,-0.08877631328405632,1.3450613056823522,2.0
5.4165416541654166,0.7798513517659384,-0.08773188378672846,1.24482116005158,2.0
5.417541754175417,0.6718608927466784,-0.08668700263188142,1.435222847083273,2.0
5.418541854185419,0.7036262605161152,-0.08564168035450691,1.3692192573282855,2.0
5.419541954195419,0.8153612435024242,-0.0845959274897615,1.2703282561272133,2.0
5.420542054205421,0.7324475642995595,-0.08354975457285031,1.278925738016176,2.0
5.421542154215421,0.9778263999962485,-0.08250317213892858,1.3544023145495405,2.0
5.422542254225423,0.9118288140432169,-0.08145619072299481,1.5208746265981792,2.0
5.4235423542354235,0.8153871681644461,-0.08040882085979248,1.6995787538646576,2.0
5.424542454245424,0.7055259150281324,-0.07936107308369375,1.5826860466295078,2.0
5.425542554255426,0.6921188958118195,-0.07831295792860608,1.6631987773762806,2.0
5.426542654265426,0.8331436208409921,-0.07726448592786664,1.4857919269882576,2.0
5.427542754275428,0.6038564567182506,-0.07621566761413237,1.604632375783628,2.0
5.428542854285428,0.8390135907511674,-0.0751665135192806,1.6595926303925912,2.0
5.42954295429543,0.7267739282609262,-0.07411703417430256,1.572998016841371,2.0
5.4305430543054305,0.7895916088647881,-0.07306724010920533,1.4661460544914822,2.0
5.431543154315432,0.9229532899692103,-0.07201714185289491,1.4802711030569897,2.0
5.432543254325433,0.7881804603701459,-0.07096674993308888,1.5674737238083496,2.0
5.433543354335433,0.966580731159466,-0.06991607487619941,1.5410595855430858,2.0
5.434543454345435,0.6662054100932976,-0.06886512720723557,1.3879282785366847,2.0
5.435543554355435,0.9331227280859248,-0.0678139174496983,1.4112616609610116,2.0
5.436543654365437,0.7703727264398791,-0.06676245612547554,1.4731505451422082,2.0
5.4375437543754375,0.7961971283570467,-0.06571075375474457,1.327812981611,2.0
5.438543854385439,0.8252023787904652,-0.06465882085585546,1.5163587382960646,2.0
5.43954395439544,0.8521234391531739,-0.06360666794524403,1.4543179121330718,2.0
5.44054405440544,0.749017912564433,-0.0625543055373154,1.524621181225484,2.0
5.441544154415442,0.837863626545432,-0.06150174414434668,1.4833557185327781,2.0
5.442544254425442,0.7967078726651247,-0.060448994276382256,1.5780341698044411,2.0
5.443544354435444,0.9475392985492523,-0.05939606644113066,1.5731246801352063,2.0
5.444544454445444,0.9447561171559266,-0.05834297114386136,1.7585572523254152,2.0
5.445544554455446,0.8238739098502424,-0.05728971888730042,1.6852264994755668,2.0
5.4465446544654466,0.7716528844339088,-0.05623632017153217,1.6401553745874733,2.0
5.447544754475447,0.830323193231478,-0.055182785493890336,1.6284610823469423,2.0
5.448544854485449,0.8956693603345142,-0.0541291253488539,1.346247904869689,2.0
5.449544954495449,0.9060158862425051,-0.053075350227954905,1.3599235239554568,2.0
5.450545054505451,1.1092060333638645,-0.05202147061966381,1.2633275459391073,2.0
5.451545154515451,0.8270695382623606,-0.050967497009292775,1.229873767540037,2.0
5.452545254525453,0.9691188199126577,-0.04991343987889052,1.1680248366254538,2.0
5.4535453545354535,0.8067218082332706,-0.04885930970714461,1.1688608671811824,2.0
5.454545454545454,0.9354338493153183,-0.047805116969273,1.0060211495820692,2.0
5.455545554555456,1.0625274520993322,-0.0467508721369204,0.9455680058453725,2.0
5.456545654565456,0.8930015963797397,-0.04569658567806663,0.9240288654417415,2.0
5.457545754575458,0.8310459540490813,-0.04464226805691253,0.9521372596652082,2.0
5.458545854585458,0.8718500957858103,-0.043587929733783656,0.9159420212948268,2.0
5.45954595459546,0.7269285780946859,-0.04253358116502578,1.2024173714921973,2.0
5.4605460546054605,0.9617375605860015,-0.041479232802907676,1.0939376015141364,2.0
5.461546154615462,0.9223914601023278,-0.04042489509551202,0.9824699168186793,2.0
5.462546254625463,0.8537480174363018,-0.03937057848663828,1.0056014322932603,2.0
5.463546354635463,0.8521204047558044,-0.038316293415699705,0.8663066151331235,2.0
5.464546454645465,0.7578526357417236,-0.037262050317621725,0.7593617608758847,2.0
5.465546554655465,0.9243396879654104,-0.03620785962274026,0.8849460511355822,2.0
5.466546654665467,1.0958444141896162,-0.03515373175669899,0.8325898741930671,2.0
5.4675467546754675,0.9956618998172676,-0.03409967714035396,0.9482714596690898,2.0
5.468546854685469,1.0440742608177387,-0.033045706189659074,1.0605818529151774,2.0
5.46954695469547,1.0047130797115442,-0.03199182931558148,0.9548138856180787,2.0
5.47054705470547,0.7783759170686491,-0.03093805692398737,0.9615485410508177,2.0
5.471547154715472,0.8863126760736972,-0.02988439941554679,0.9928185587964601,2.0
5.472547254725472,0.9740019953498434,-0.028830867185631492,1.0024885423112855,2.0
5.473547354735474,1.086373373068161,-0.027777470624212867,1.034708523086915,2.0
5.474547454745474,1.0773914822773665,-0.02672422011576705,0.9412761489725764,2.0
5.475547554755476,0.9283332312991541,-0.025671126039161152,1.0580447017933439,2.0
5.476547654765477,0.8830440482692561,-0.024618198767569304,0.8677699006949218,2.0
5.477547754775477,1.1371919074315573,-0.023565448668359062,0.9147897707569007,2.0
5.478547854785479,1.007066056937206,-0.022512886102996912,0.9199417238542239,2.0
5.479547954795479,0.9569126903272765,-0.021460521426946808,0.9306078038360401,2.0
5.480548054805481,1.004571875848307,-0.020408364989568727,0.8745374474629974,2.0
5.481548154815481,1.0074159827933258,-0.01935642713402451,0.9263427823611791,2.0
5.482548254825483,0.9239804925131713,-0.01830471819716477,0.7861193911330734,2.0
5.4835483548354835,1.106436034253863,-0.01725324850944563,0.863486922616644,2.0
5.484548454845484,0.8441585649864295,-0.016202028394816995,0.8269285011643825,2.0
5.485548554855486,1.0115078337484698,-0.015151068170622891,0.8797466502524242,2.0
5.486548654865486,1.0700126088239794,-0.014100378147512535,0.781942119176886,2.0
5.487548754875488,0.9857479926099013,-0.013049968629328947,0.9084898063940738,2.0
5.488548854885488,0.8825433809194521,-0.011999849913015533,1.0015126014305675,2.0
5.48954895489549,1.0360595268212334,-0.010950032288514414,0.9101736737725571,2.0
5.4905490549054905,1.0018041866896195,-0.00990052603867201,0.7257269881785262,2.0
5.491549154915492,1.0239846370408152,-0.008851341439132847,0.5099663876067744,2.0
5.492549254925493,0.920498520185778,-0.007802488758245375,0.6094736992304978,2.0
5.493549354935493,0.8940066491591107,-0.006753978256961939,0.6774739270651157,2.0
5.494549454945495,1.06556916493115,-0.005705820188740039,0.674582022351466,2.0
5.495549554955495,0.8745712066646021,-0.004658024799443746,0.7865097621273458,2.0
5.496549654965497,0.9201798772703169,-0.003610602327244002,0.8494672300582737,2.0
5.4975497549754975,0.8515989788964037,-0.002563563002524985,0.8238735846274484,2.0
5.498549854985499,1.100124849639924,-0.001516917047778742,0.9059999572370633,2.0
5.4995499549955,0.7516599211688244,-0.0004706746775117774,0.8853303060540919,2.0
5.5005500550055,0.9520557877031182,0.000575153901854158,0.900756707294868,2.0
5.501550155015502,0.8994967658448055,0.0016205584920799734,0.8747435289461962,2.0
5.502550255025502,0.9022206055483575,0.002665528903207029,0.9042285035101415,2.0
5.503550355035504,0.9802001537474576,0.00371005495365598,0.9426289287559083,2.0
5.504550455045504,0.9304685105840867,0.004754126470318415,0.9750667541554722,2.0
5.505550555055506,1.1469768515754453,0.005797733288667275,1.1161177961769038,2.0
5.506550655065507,1.19843615386513,0.006840865252837613,1.0329402746049952,2.0
5.507550755075507,1.0358716625863102,0.007883512215736752,1.0926744060093991,2.0
5.508550855085509,0.9864010637383303,0.008925664039135438,1.2147481694618099,2.0
5.509550955095509,1.0243805076542138,0.009967310593765936,1.2561147795731529,2.0
5.510551055105511,0.8837676033276547,0.011008441759419991,1.2198299569471027,2.0
5.511551155115511,1.123604772351133,0.012049047425039625,1.2328344114824261,2.0
5.512551255125513,1.1843493439867179,0.013089117488826607,1.2754828098247106,2.0
5.5135513551355135,1.0642691338353254,0.014128641858322384,1.184080838567425,2.0
5.514551455145514,0.9964873311384145,0.015167610450517283,1.162897530185036,2.0
5.515551555155516,1.0496867268301826,0.016206013191940812,1.1614313587656495,2.0
5.516551655165516,0.9418356276328147,0.0172438400187588,1.1043369009587651,2.0
5.517551755175518,1.0008076553803222,0.01828108087687045,1.155461720353218,2.0
5.518551855185518,0.9547730341175035,0.01931772572199825,1.2486838387719414,2.0
5.51955195519552,0.9695322193661065,0.020353764519796442,1.5095106797539048,2.0
5.5205520552055205,0.9746197727843459,0.02138918724593008,1.5926436607695238,2.0
5.521552155215522,1.0137316414992792,0.022423983886183257,1.5056858054504074,2.0
5.522552255225523,1.1266718356876688,0.023458144436548457,1.4243731867786833,2.0
5.523552355235523,1.0075676661581507,0.02449165890332274,1.367631756959684,2.0
5.524552455245525,0.9221956701186169,0.025524517303202682,1.3091500913114162,2.0
5.525552555255525,0.8963908385317713,0.026556709663379145,1.3332966327864668,2.0
5.526552655265527,0.8845236286576467,0.027588226021633064,1.3659596078611578,2.0
5.5275527552755275,0.7702982130132794,0.028619056426425253,1.1713419470672874,2.0
5.528552855285529,1.0971541956523656,0.029649190936997794,1.1855109217434407,2.0
5.52955295529553,0.9218667935584224,0.030678619623463525,1.044821793856618,2.0
5.53055305530553,0.9227486900387237,0.03170733256690125,0.9693845381526531,2.0
5.531553155315532,1.0273412103862085,0.032735319859449725,0.745844002038991,2.0
5.532553255325532,0.9960459135698287,0.03376257160440131,0.7963091488891904,2.0
5.533553355335534,0.987217380889965,0.03478907791629681,0.7359239227866813,2.0
5.5345534553455344,0.9587611655335129,0.035814828921014286,0.7809988350319722,2.0
5.535553555355536,0.8618108006220775,0.03683981475586931,0.6993585087119752,2.0
5.536553655365537,0.8818167404458183,0.03786402556970349,0.6617483643349388,2.0
5.537553755375537,0.9433976533816499,0.038887451522978685,0.6502751902963115,2.0
5.538553855385539,0.8620573016176937,0.03991008278786978,0.5991076615595347,2.0
5.539553955395539,0.8689236748395837,0.04093190954835748,0.4586874703199764,2.0
5.540554055405541,0.9366484006247511,0.041952922000321954,0.40619462029145414,2.0
5.541554155415541,0.937827179768186,0.04297311035163062,0.33772909519172256,2.0
5.542554255425543,0.835494903420583,0.043992464822237336,0.2726487559222417,2.0
5.5435543554355435,0.8775191115810135,0.045010975644269854,0.4331191264105799,2.0
5.544554455445544,1.069401766258024,0.046028633062122924,0.5071061147564748,2.0
5.545554555455546,0.9992772105565507,0.047045427332549995,0.6034702140367632,2.0
5.546554655465546,0.9741307100886979,0.04806134872475489,0.6445302093665681,2.0
5.547554755475548,0.7991320529546638,0.049076387520484405,0.8291209047063813,2.0
5.548554855485548,0.7457792473163312,0.050090534014113765,0.7699349701332393,2.0
5.54955495549555,1.0329473049060356,0.05110377851275051,0.9261866923197083,2.0
5.5505550555055505,0.9981710902134235,0.052116111336309306,0.999342439719392,2.0
5.551555155515552,0.9176050511041175,0.05312752281761536,0.8948135747358905,2.0
5.552555255525553,0.8982722558911561,0.05413800330248936,0.9765068289803287,2.0
5.553555355535553,0.8631348980872198,0.05514754314983911,1.018167867821923,2.0
5.554555455545555,0.878833529635349,0.056156132731750893,0.8661561709791183,2.0
5.555555555555555,0.9079608826616962,0.057163762433573954,0.9351550637589482,2.0
5.556555655565557,0.7067398477483067,0.05817042265402311,1.0820079065911363,2.0
5.5575557555755575,1.0368841168933665,0.0591761038052524,1.0654310535336773,2.0
5.558555855585559,0.7755372659581464,0.060180796312957384,1.0328440639188126,2.0
5.55955595559556,0.8405083755198179,0.061184490616458864,0.8494674346602009,2.0
5.56055605560556,0.7995266889346625,0.062187177168793406,0.8379796778193426,2.0
5.561556155615562,0.8718294279580862,0.06318884643680343,0.8096547058942951,2.0
5.562556255625562,0.773746901316923,0.06418948890122061,0.7797103640514171,2.0
5.563556355635564,0.8310296931015182,0.06518909505676714,0.7368418436852395,2.0
5.5645564556455644,0.8534764881145822,0.06618765541222833,0.7215306524435232,2.0
5.565556555655566,0.7219858739120403,0.06718516049055365,0.6287624219384652,2.0
5.566556655665567,0.712127680306955,0.06818160082893922,0.6279414905376787,2.0
5.567556755675567,0.7539987800966225,0.06917696697891705,0.6842431186345973,2.0
5.568556855685569,0.6346830968907422,0.07017124950644289,0.7277341505573545,2.0
5.569556955695569,0.8681460759516106,0.07116443899198412,0.6926987506795914,2.0
5.570557055705571,0.8020373436476101,0.07215652603060817,0.5805806965214322,2.0
5.571557155715571,0.6235451819462399,0.07314750123206548,0.3635293543488164,2.0
5.572557255725573,0.6585880772768902,0.07413735522088352,0.45448125803943784,2.0
5.5735573557355735,0.7249759208488809,0.07512607863644921,0.5245208717536572,2.0
5.574557455745574,0.8976938564850776,0.07611366213309684,0.512206500855288,2.0
5.575557555755576,0.8397635296697257,0.07710009638019467,0.3828235602120034,2.0
5.576557655765576,0.4285676484644876,0.07808537206223158,0.3803180397510161,2.0
5.577557755775578,0.8412037322984578,0.0790694798789042,0.25515273339063155,2.0
5.578557855785578,0.7289904389947902,0.08005241054519863,0.16190774764956584,2.0
5.57955795579558,0.7747532852539515,0.08103415479148308,0.10749906441484575,2.0
5.5805580558055805,0.7367474546168699,0.0820147033635891,0.07363700268291432,2.0
5.581558155815582,0.646422492277502,0.08299404702289921,-0.14597143190602443,2.0
5.582558255825583,0.8854062595463894,0.08397217654642687,-0.09310250109641935,2.0
5.583558355835583,0.6780868369819915,0.0849490827269125,-0.008843563515023656,2.0
5.584558455845585,0.5976530064231297,0.08592475637289866,-0.04673687375630823,2.0
5.585558555855585,0.6713797752624469,0.08689918830881466,-0.07393086668292796,2.0
5.586558655865587,0.6325073661944938,0.08787236937507231,-0.110832709581896,2.0
5.5875587558755875,0.5913619670579233,0.08884429042813473,-0.025224883006500387,2.0
5.588558855885589,0.7397078006619604,0.08981494234061276,-0.15655323011947764,2.0
5.58955895589559,0.6673597695369324,0.09078431600134337,-0.19964881150032346,2.0
5.59055905590559,0.5557665923542225,0.09175240231547457,-0.23815173575738938,2.0
5.591559155915592,0.41269809842969385,0.09271919220455023,-0.4731186354431161,2.0
5.592559255925592,0.6523084495706385,0.09368467660658776,-0.45156970658530815,2.0
5.593559355935594,0.5312819574505266,0.09464884647617364,-0.44940218848588337,2.0
5.5945594559455945,0.6589690582141909,0.09561169278453087,-0.37319611008349707,2.0
5.595559555955596,0.5130262853146763,0.09657320651961399,-0.45091319470075447,2.0
5.596559655965597,0.6765219172940884,0.09753337868618626,-0.3476312937320105,2.0
5.597559755975597,0.7212078906743205,0.09849220030590287,-0.39047004384927875,2.0
5.598559855985599,0.4692684932010891,0.09944966241739464,-0.48876136540590087,2.0
5.599559955995599,0.5476074767817448,0.1004057560763443,-0.6238768792546326,2.0
5.600560056005601,0.5422859594275483,0.10136047235558038,-0.6050067073602144,2.0
5.601560156015601,0.6047999969453545,0.10231380234514366,-0.4652309556873657,2.0
5.602560256025603,0.6214540117872255,0.10326573715238035,-0.3639164553093565,2.0
5.6035603560356035,0.41335619513142663,0.1042162679020181,-0.3815995839560109,2.0
5.604560456045604,0.6325869851384778,0.10516538573624791,-0.3747520962937477,2.0
5.605560556055606,0.6086635733541932,0.10611308181480489,-0.38454587595751694,2.0
5.606560656065606,0.3910523742630215,0.10705934731504903,-0.38706398169402184,2.0
5.607560756075608,0.4227860919017927,0.10800417343204653,-0.5073815159041818,2.0
5.608560856085608,0.4858183423883051,0.10894755137864567,-0.31121772389452684,2.0
5.60956095609561,0.5190557221865136,0.10988947238556324,-0.2913113006233478,2.0
5.6105610561056105,0.424549952203244,0.11082992770146,-0.22734442294174972,2.0
5.611561156115612,0.6293906368019676,0.11176890859302244,-0.3197028605608303,2.0
5.612561256125613,0.3509875798467844,0.11270640634503662,-0.3268853568305101,2.0
5.613561356135613,0.45451116593165686,0.11364241226047811,-0.27505823290256537,2.0
5.614561456145615,0.3615273135190598,0.11457691766058119,-0.37429857735682354,2.0
5.615561556155615,0.35553472923383644,0.11550991388491874,-0.41944944482936014,2.0
5.616561656165617,0.2939752361585717,0.11644139229148585,-0.4409012752995016,2.0
5.6175617561756175,0.39603381679293703,0.11737134425677417,-0.4580528894347114,2.0
5.618561856185619,0.33619771739995286,0.11829976117585168,-0.4272687876158748,2.0
5.61956195619562,0.4182994540880677,0.1192266344624355,-0.4387864840224771,2.0
5.62056205620562,0.2240728780798557,0.12015195554898019,-0.27720387104815286,2.0
5.621562156215622,0.3859660235356622,0.12107571588674527,-0.23163175135296724,2.0
5.622562256225622,0.4076036848951649,0.12199790694587383,-0.08645245736100389,2.0
5.623562356235624,0.5574122204219137,0.1229185202154746,-0.09561961332464637,2.0
5.6245624562456245,0.39749814655267723,0.12383754720369454,-0.022447705111987806,2.0
5.625562556255626,0.3248786859733279,0.12475497943779638,-0.01866365038925814,2.0
5.626562656265627,0.3623726905579169,0.12567080846423503,-0.10323004366201644,2.0
5.627562756275627,0.18401187429355367,0.12658502584873363,-0.05683353487101825,2.0
5.628562856285629,0.19337303492465838,0.12749762317636046,-0.16290402814868374,2.0
5.629562956295629,0.34722550470383523,0.12840859205159916,-0.3353083131483337,2.0
5.630563056305631,0.4450846754094763,0.12931792409843623,-0.3876817227537134,2.0
5.631563156315631,0.4899519752384457,0.13022561096042098,-0.4162027319950946,2.0
5.632563256325633,0.328883689884391,0.13113164430075225,-0.3236535096212326,2.0
5.6335633563356335,0.27975369755542184,0.13203601580234814,-0.31285240123775065,2.0
5.634563456345634,0.32492196280424507,0.13293871716792124,-0.4318308943407617,2.0
5.635563556355636,0.4240049501502692,0.13383974012005412,-0.5073823084088858,2.0
5.636563656365636,0.2686201729752288,0.1347390764012684,-0.42511847866214164,2.0
5.637563756375638,0.275194342908025,0.13563671777410968,-0.42526858849190774,2.0
5.638563856385638,0.30157429084534243,0.13653265602120693,-0.5014662217777958,2.0
5.63956395639564,0.1634203521511004,0.13742688294535707,-0.46637081384579676,2.0
5.6405640564056405,0.17771603092958815,0.13831939036959315,-0.34961548610705057,2.0
5.641564156415642,0.07934405093539151,0.13921017013725917,-0.42961078260748703,2.0
5.642564256425643,0.19859241675272635,0.14009921411207885,-0.33399204629754253,2.0
5.643564356435643,0.12062791181351351,0.1409865141782331,-0.23918941088221232,2.0
5.644564456445645,0.2142249251594901,0.1418720622404334,-0.3198352287802129,2.0
5.645564556455645,0.2380844592616958,0.1427558502239844,-0.39552625370675587,2.0
5.646564656465647,0.3250023912763925,0.1436378700748662,-0.49552669140483413,2.0
5.6475647564756475,0.2574529931578758,0.1445181137598006,-0.28822887148707693,2.0
5.648564856485649,0.006008377695361861,0.14539657326632438,-0.3060832024902633,2.0
5.64956495649565,0.11881640827074373,0.14627324060285568,-0.1414657349423096,2.0
5.65056505650565,0.3272580286267034,0.1471481077987745,-0.04892526192083268,2.0
5.651565156515652,-0.0814069681305504,0.14802116690448433,-0.0014446700847215944,2.0
5.652565256525652,-0.06511938120189104,0.14889240999148393,-0.01314061074344909,2.0
5.653565356535654,0.21165502936162253,0.14976182915244182,0.03848577356609435,2.0
5.6545654565456545,-0.11518362074689328,0.15062941650126271,-0.0842445226581483,2.0
5.655565556555656,0.21774503515975419,0.15149516417315895,-0.16643311794586416,2.0
5.656565656565657,-0.05028346859138173,0.15235906432471483,-0.30362696331680694,2.0
5.657565756575657,0.02486647238134338,0.1532211091339659,-0.15422029385781663,2.0
5.658565856585659,0.18040286636434102,0.15408129080045904,-0.132643968325138,2.0
5.659565956595659,-0.06424935532663838,0.1549396015453218,-0.1862101106199422,2.0
5.660566056605661,0.10005571679738201,0.15579603361133604,-0.09277992218289502,2.0
5.661566156615661,0.1194961986996104,0.15665057926300235,-0.06478895535260865,2.0
5.662566256625663,0.06845833849488939,0.15750323078660958,0.029456429919537997,2.0
5.6635663566356635,0.16800045169950562,0.158353980490298,0.22955033201359443,2.0
5.664566456645664,0.0607798276021506,0.15920282070413638,0.07107569081563336,2.0
5.665566556655666,0.08124247940349716,0.16004974378018058,0.2209918541837606,2.0
5.666566656665666,0.12482977225118833,0.16089474209254037,0.17420841900610595,2.0
5.667566756675668,-0.09250933431888131,0.1617378080374561,0.3077390357570935,2.0
5.668566856685668,0.021397427514743834,0.16257893403335152,0.38362619901206607,2.0
5.66956695669567,-0.01202134057142944,0.16341811252091054,0.3648102253166268,2.0
5.6705670567056705,-0.049485281845913776,0.16425533596313877,0.5016974324854323,2.0
5.671567156715672,-0.04321081675928327,0.1650905968454308,0.3613140858969639,2.0
5.672567256725673,-0.23336653109372585,0.16592388767563213,0.2879080386411664,2.0
5.673567356735673,0.0008751601855757074,0.16675520098410915,0.23429582177476968,2.0
5.674567456745675,-0.27282474139156343,0.16758452932381518,0.3100479146758158,2.0
5.675567556755675,0.05285883463314185,0.1684118652703465,0.41096443653739567,2.0
5.676567656765677,-0.2729525545406565,0.16923720142201645,0.4164794269257602,2.0
5.6775677567756775,-0.0550321051145746,0.17006053039991506,0.4387538587578204,2.0
5.678567856785679,-0.07540613545421906,0.17088184484797478,0.5152030946580232,2.0
5.67956795679568,-0.1364827959641717,0.17170113743303056,0.5625794938059644,2.0
5.68056805680568,0.11158138351765273,0.17251840084488795,0.4677211831478787,2.0
5.681568156815682,-0.051994116717691885,0.17333362779638767,0.5145371666510163,2.0
5.682568256825682,-0.1885064409602035,0.17414681102345958,0.5323609946982918,2.0
5.683568356835684,-0.051370355012492694,0.17495794328519518,0.8877926861693984,2.0
5.6845684568456845,-0.2571830148944574,0.17576701736390563,0.8971007184493734,2.0
5.685568556855686,-0.18283452703257205,0.1765740260651851,0.9272539902883143,2.0
5.686568656865687,-0.21715455384846208,0.17737896221796887,1.006735584172257,2.0
5.687568756875687,-0.19860658131219602,0.1781818186746041,0.9197916645677131,2.0
5.688568856885689,-0.27116406815281896,0.1789825883109027,0.9621338087366991,2.0
5.689568956895689,-0.30208997536534343,0.17978126402620367,0.9106355399393282,2.0
5.690569056905691,-0.3046437089751456,0.18057783874343886,0.9225180334557956,2.0
5.691569156915691,-0.2636460485502133,0.1813723054091897,0.8929669228411458,2.0
5.692569256925693,-0.2850290659736544,0.18216465699374945,0.7641260498411593,2.0
5.6935693569356935,-0.24772934460692175,0.182954886491179,0.7788609227602732,2.0
5.694569456945694,-0.30308296951268865,0.18374298691937596,0.744779542448601,2.0
5.695569556955696,-0.14510218103979383,0.18452895132012573,0.644737054310261,2.0
5.696569656965696,-0.2199220456215933,0.18531277275916222,0.661764238941753,2.0
5.697569756975698,-0.30327693082212565,0.18609444432623143,0.6929236966513179,2.0
5.698569856985698,-0.22194887217025266,0.18687395913514654,0.47573627840916805,2.0
5.6995699569957,-0.248272789310047,0.1876513103238484,0.3995606332475967,2.0
5.7005700570057005,-0.31403112543821454,0.18842649105445958,0.4998358798311662,2.0
5.701570157015702,-0.3290836953505015,0.189199494513352,0.27848405671099236,2.0
5.702570257025703,-0.3915010383813632,0.18997031391119246,0.3329042343320018,2.0
5.703570357035703,-0.47103148153016605,0.19073894248301002,0.22681178000806385,2.0
5.704570457045705,-0.3793703937184488,0.19150537348824856,0.2465028395175377,2.0
5.705570557055705,-0.31825996443440907,0.19226960021082512,0.3064026750572154,2.0
5.706570657065707,-0.3936323037292924,0.1930316159591864,0.38969462603716776,2.0
5.7075707570757075,-0.04995259846644656,0.19379141406636527,0.32011502644913625,2.0
5.708570857085709,-0.2760975688846868,0.19454898789003794,0.35507957468072227,2.0
5.70957095709571,-0.20004298236637133,0.19530433081257634,0.38343034056531194,2.0
5.71057105710571,-0.5400039902899336,0.1960574362411085,0.3159785457249391,2.0
5.711571157115712,-0.5793211031153558,0.19680829760757435,0.5014053666686545,2.0
5.712571257125712,-0.5162600046558224,0.19755690836877343,0.5982506264751725,2.0
5.713571357135714,-0.28493087775099435,0.19830326200642834,0.5398468961134579,2.0
5.7145714571457145,-0.2613447429625431,0.19904735202723509,0.6578794332022317,2.0
5.715571557155716,-0.6145633381325566,0.19978917196291898,0.8062301796894437,2.0
5.716571657165717,-0.508900006313086,0.20052871537028572,0.9840731353962211,2.0
5.717571757175717,-0.33043726006305707,0.20126597583127892,0.9006326183604876,2.0
5.718571857185719,-0.2864328296494054,0.20200094695303494,0.8876038007423115,2.0
5.719571957195719,-0.4560849126686999,0.20273362236792838,0.9514417837531562,2.0
5.720572057205721,-0.50371338788935,0.2034639957336334,1.0854972564856076,2.0
5.721572157215721,-0.3953050236138917,0.20419206073317253,0.9303229480049868,2.0
5.722572257225723,-0.51617713930305,0.20491781107497065,0.9606626862954459,2.0
5.7235723572357236,-0.4056037194486282,0.20564124049290372,0.9803257409057958,2.0
5.724572457245724,-0.5107528906115382,0.20636234274635498,0.8596117825383397,2.0
5.725572557255726,-0.49762418013131793,0.20708111162026765,0.7724025902242553,2.0
5.726572657265726,-0.6356948586383533,0.20779754092518835,0.6563012689105149,2.0
5.727572757275728,-0.605139422602137,0.20851162449732674,0.6417112128150402,2.0
5.728572857285728,-0.47419701985079193,0.20922335619860233,0.8114062106044981,2.0
5.72957295729573,-0.4098822869524602,0.20993272991669648,0.8801978162370759,2.0
5.7305730573057305,-0.6487175901744839,0.2106397395650986,0.7003285188987598,2.0
5.731573157315732,-0.5668388952833104,0.21134437908316503,0.8491272937636772,2.0
5.732573257325733,-0.7582044237000521,0.21204664243615776,0.9815451043577555,2.0
5.733573357335733,-0.5020010085187191,0.2127465236153022,0.8377666546021665,2.0
5.734573457345735,-0.6166839956609134,0.21344401663783272,0.8585735334967505,2.0
5.735573557355735,-0.6236180224920327,0.21413911554704243,0.9780146748470863,2.0
5.736573657365737,-0.5906025394026512,0.21483181441233204,0.9519154584052189,2.0
5.7375737573757375,-0.8096584240804044,0.2155221073292546,1.0640280973223324,2.0
5.738573857385739,-0.5729703789544607,0.2162099884195726,1.229075196568132,2.0
5.73957395739574,-0.7160928739247212,0.2168954518312938,1.275648754598116,2.0
5.74057405740574,-0.5806812358484179,0.21757849173872817,1.2241162659336455,2.0
5.741574157415742,-0.5791549723835372,0.2182591023425308,1.1431165979901878,2.0
5.742574257425742,-0.6976304248231684,0.21893727786974984,1.2570109248624335,2.0
5.743574357435744,-0.48730108921721177,0.2196130125738735,1.332401773914243,2.0
5.7445744574457445,-0.6884798727806206,0.22028630073487304,1.3871478356831641,2.0
5.745574557455746,-0.7439382394211342,0.22095713665925734,1.52825593573713,2.0
5.746574657465747,-0.6979932026325942,0.22162551468010736,1.4208066158441168,2.0
5.747574757475747,-0.7212400935542665,0.22229142915713063,1.3411552608327604,2.0
5.748574857485749,-0.5424883717515963,0.22295487447670267,1.2670356762303265,2.0
5.749574957495749,-0.6058271591550822,0.22361584505191257,1.2507363286416535,2.0
5.750575057505751,-0.6386271929822129,0.22427433532260732,1.3599233834523368,2.0
5.751575157515751,-0.7568607253777038,0.22493033975543714,1.4072598946080233,2.0
5.752575257525753,-0.740896001553382,0.22558385284389934,1.622997005034324,2.0
5.7535753575357536,-0.6736931662947788,0.2262348691083796,1.5581923376180784,2.0
5.754575457545754,-0.610493999054364,0.22688338309619951,1.7287615097750448,2.0
5.755575557555756,-0.5499721736712472,0.2275293893816601,1.6553261542285889,2.0
5.756575657565756,-0.7561643783919183,0.22817288256607826,1.7675763111294385,2.0
5.757575757575758,-0.8679471729510108,0.22881385727783707,1.7765446603711734,2.0
5.758575857585758,-0.6798580023933352,0.2294523081724244,1.7192468154121732,2.0
5.75957595759576,-0.9340163374453851,0.2300882299324762,1.643174814679062,2.0
5.7605760576057605,-0.6928174732778535,0.2307216172678159,1.585721000942879,2.0
5.761576157615762,-0.8384204227385599,0.23135246491549985,1.5117086766023606,2.0
5.762576257625763,-0.9026504035768478,0.23198076763985634,1.479840893313217,2.0
5.763576357635763,-0.7636679418287307,0.2326065202325264,1.3308733694782378,2.0
5.764576457645765,-0.6230688752835973,0.2332297175125053,1.5110926998335246,2.0
5.765576557655765,-0.904621893971586,0.2338503543261825,1.536568424381386,2.0
5.766576657665767,-0.9216655151689076,0.23446842554738262,1.6025258722233744,2.0
5.7675767576757675,-0.7335530689393749,0.23508392607740236,1.5967597271597158,2.0
5.768576857685769,-0.8075258954465913,0.23569685084505435,1.6140928073527825,2.0
5.76957695769577,-0.9186518190093378,0.2363071948067036,1.6389293739626833,2.0
5.77057705770577,-0.6860252803174982,0.23691495294630713,1.8484967449761571,2.0
5.771577157715772,-0.9251188592130933,0.23752012027545244,2.011504077297194,2.0
5.772577257725772,-0.643762916327212,0.23812269183339632,2.0073946423854787,2.0
5.773577357735774,-0.7829448855208833,0.23872266268710332,1.9057548895255625,2.0
5.7745774577457745,-0.7169555044003522,0.2393200279312801,1.8363125631899757,2.0
5.775577557755776,-0.7480889811992009,0.23991478268842067,1.7432412235748709,2.0
5.776577657765777,-0.7960006242594125,0.24050692210883393,1.7767211958489026,2.0
5.777577757775777,-0.7997380060876969,0.24109644137068806,1.6835012146187278,2.0
5.778577857785779,-0.8837806552174297,0.24168333568004377,1.434471678675283,2.0
5.779577957795779,-0.8994656781773437,0.2422676002708916,1.535608744895001,2.0
5.780578057805781,-0.9171934903165533,0.2428492304051882,1.6037335076911967,2.0
5.781578157815781,-0.9408919347127734,0.24342822137288897,1.5850662444497177,2.0
5.782578257825783,-0.8338102925551382,0.24400456849199104,1.5639448437378674,2.0
5.783578357835784,-0.8605088590040465,0.24457826710855896,1.6509300067533355,2.0
5.784578457845784,-0.7641790947457338,0.24514931259676673,1.6703225309727145,2.0
5.785578557855786,-1.0050835566364298,0.24571770035892937,1.645642821890354,2.0
5.786578657865786,-0.8103100495826461,0.24628342582553783,1.5665496965412014,2.0
5.787578757875788,-1.09594199185035,0.2468464844552936,1.454549085002712,2.0
5.788578857885788,-0.7381095119667309,0.24740687173513906,1.6048013512171928,2.0
5.78957895789579,-1.0115459033677394,0.24796458318029832,1.6127511792638065,2.0
5.7905790579057905,-0.9503123857866248,0.24851961433430111,1.7601137022634128,2.0
5.791579157915792,-0.9655093691559846,0.24907196076902255,1.6788410725222744,2.0
5.792579257925793,-0.8884519232255156,0.24962161808471298,1.7349491701251207,2.0
5.793579357935793,-0.7854242869577532,0.2501685819100305,1.657550025481291,2.0
5.794579457945795,-0.7873770541418585,0.2507128479020726,1.6364752236252782,2.0
5.795579557955795,-1.0483217227522248,0.25125441174640867,1.6616450260724847,2.0
5.796579657965797,-1.1150123343112537,0.25179326915711137,1.809966990162871,2.0
5.7975797579757975,-1.0017451892855729,0.25232941587678515,1.918287256377848,2.0
5.798579857985799,-0.8555616187815296,0.2528628476766011,1.8630463143367344,2.0
5.7995799579958,-0.8849156043001232,0.2533935603563251,1.9675326724812647,2.0
5.8005800580058,-0.9818934706334658,0.25392154974434783,1.829220094094684,2.0
5.801580158015802,-0.9631892170338036,0.2544468116977155,1.8630102315338086,2.0
5.802580258025802,-0.9421616954623413,0.254969342102159,1.719160042928008,2.0
5.803580358035804,-0.8454308570454965,0.25548913687212393,1.7327577723896235,2.0
5.8045804580458045,-1.0830471996305246,0.2560061919507972,1.683927891494723,2.0
5.805580558055806,-0.9307199314029792,0.25652050331013926,1.7542187926621313,2.0
5.806580658065807,-0.928478071223284,0.25703206695091035,1.6685618499128034,2.0
5.807580758075807,-0.9886817910461067,0.25754087890269867,1.9205550972964442,2.0
5.808580858085809,-0.901138375453739,0.2580469352239489,1.8461364377856335,2.0
5.809580958095809,-0.9458868935090459,0.2585502320019893,1.7966297966879354,2.0
5.810581058105811,-1.0497886724536973,0.2590507653530593,1.683782988819832,2.0
5.811581158115811,-0.953628877176494,0.2595485314223342,1.6053960861816337,2.0
5.812581258125813,-1.0459900590350757,0.2600435263839576,1.6777779499785952,2.0
5.813581358135814,-0.9014531558057763,0.2605357464410597,1.8349170324127664,2.0
5.814581458145814,-1.023986562721033,0.2610251878257899,2.0441067911860915,2.0
5.815581558155816,-0.9174292592906883,0.2615118467993396,1.9560181888865469,2.0
5.816581658165816,-0.9752457444054922,0.261995719651968,2.083551319951374,2.0
5.817581758175818,-1.128804092343394,0.262476802703028,2.2791304371014802,2.0
5.818581858185818,-0.9196901955510803,0.26295509230098824,2.238119108081324,2.0
5.81958195819582,-1.1116912356580353,0.26343058482346365,2.281057100174499,2.0
5.8205820582058205,-0.9778446143519027,0.26390327667723196,2.3449379479917205,2.0
5.821582158215822,-0.9988650749691298,0.2643731642982638,2.321481858565921,2.0
5.822582258225823,-0.9685767645114048,0.2648402441517436,2.0111901644864405,2.0
5.823582358235823,-1.01466982124561,0.2653045127320932,1.9146036804103197,2.0
5.824582458245825,-0.9100209397661153,0.26576596656299584,1.6987690718345327,2.0
5.825582558255825,-0.9819800828719859,0.26622460219741595,1.5733909986111265,2.0
5.826582658265827,-0.9048352421122767,0.2666804162176277,1.7295956499153171,2.0
5.8275827582758275,-1.0803604600887577,0.2671334052352293,1.6859477636154183,2.0
5.828582858285829,-0.8815739962051413,0.2675835658911711,1.8628023048639872,2.0
5.82958295829583,-0.9732020152808579,0.2680308948557744,1.7589215045889255,2.0
5.83058305830583,-0.9704848754939555,0.268475388828753,1.7973203042212313,2.0
5.831583158315832,-1.0026691256774898,0.2689170445392343,1.5831783681907252,2.0
5.832583258325832,-1.128210864840878,0.2693558587457802,1.6571033430270472,2.0
5.833583358335834,-1.1732721037949692,0.26979182823640735,1.582992044821798,2.0
5.8345834583458345,-1.091813199424205,0.2702249498286059,1.528880693540443,2.0
5.835583558355836,-0.9469762727867815,0.2706552203693615,1.3729875064609791,2.0
5.836583658365837,-0.9708197640916235,0.2710826367351735,1.3893848045437565,2.0
5.837583758375837,-0.761743129006472,0.2715071958320742,1.2570854498916504,2.0
5.838583858385839,-0.9851265734230757,0.27192889459564756,0.9929012673778967,2.0
5.839583958395839,-1.0666238346475891,0.27234772999104795,1.0383351902039515,2.0
5.840584058405841,-1.1670803305865622,0.27276369901301917,1.2331229287221146,2.0
5.841584158415841,-0.9747376738164996,0.2731767986859098,1.241719987116121,2.0
5.842584258425843,-1.0802907452372275,0.27358702606369417,1.143024663626499,2.0
5.843584358435844,-1.1535539579360483,0.27399437822998796,1.2538255325425978,2.0
5.844584458445844,-1.1542674101555488,0.27439885229806515,1.2130819458320963,2.0
5.845584558455846,-1.1567842214993111,0.2748004454108751,1.2059980156097398,2.0
5.846584658465846,-1.0764458736770008,0.2751991547410594,1.0244863372579445,2.0
5.847584758475848,-1.0518896428421705,0.2755949774909675,0.8042302016513351,2.0
5.848584858485848,-0.8611683170653062,0.27598791089267166,0.7744169951035333,2.0
5.84958495849585,-0.8170643541929624,0.27637795220798456,0.9213505470888436,2.0
5.8505850585058505,-1.004822928598613,0.2767650987284733,0.8208772816783008,2.0
5.851585158515852,-1.042088080933467,0.27714934777547423,0.8869835671857035,2.0
5.852585258525853,-1.0697091551598834,0.277530696700108,0.9794752568379277,2.0
5.853585358535853,-1.0190455514294459,0.27790914288329366,1.001521089248358,2.0
5.854585458545855,-1.1741067752564338,0.2782846837357633,1.1257507002587015,2.0
5.855585558555855,-1.2430743900956542,0.27865731669807337,1.1713923552456114,2.0
5.856585658565857,-1.1075836893673936,0.27902703924062333,1.122450258170577,2.0
5.8575857585758575,-0.8353018222672379,0.27939384886366225,1.263280130599374,2.0
5.858585858585859,-0.8599984613656022,0.2797577430973065,1.1584161216412248,2.0
5.85958595859586,-1.0871637890737313,0.2801187195015504,1.0866592016565613,2.0
5.86058605860586,-1.0819902002120971,0.28047677566627854,1.2293574905660962,2.0
5.861586158615862,-1.0644421880916328,0.2808319092112784,1.153226239873995,2.0
5.862586258625862,-1.0771864504619715,0.2811841177862495,1.054168342818675,2.0
5.863586358635864,-1.1152123392248758,0.28153339907082,1.1353215232341387,2.0
5.8645864586458645,-0.8793757034232754,0.28187975077455113,1.102316964861468,2.0
5.865586558655866,-0.8232144151526616,0.28222317063695285,1.124276034558258,2.0
5.866586658665867,-1.0138909339486601,0.2825636564274925,1.1162789800722064,2.0
5.867586758675867,-1.0559933309682494,0.2829012059456046,1.1343460793221067,2.0
5.868586858685869,-0.9225757191292289,0.28323581702070155,1.0813698705680082,2.0
5.869586958695869,-1.0535261562651232,0.2835674875121813,1.086409461794538,2.0
5.870587058705871,-0.9016824220676024,0.2838962153094407,1.118779982599199,2.0
5.8715871587158714,-0.9692858825253485,0.28422199833187867,0.9889446679603696,2.0
5.872587258725873,-1.0304050575573442,0.2845448345289096,0.9520777748561239,2.0
5.873587358735874,-0.8580941306667667,0.2848647218799696,0.944434230782014,2.0
5.874587458745874,-0.8147905197693464,0.28518165839452425,0.9534144128273332,2.0
5.875587558755876,-1.0019967118306166,0.2854956421120775,1.0538759685653225,2.0
5.876587658765876,-0.8800280199199257,0.2858066711021782,1.085937843485722,2.0
5.877587758775878,-1.0231950549717923,0.28611474346442783,1.0565772899102328,2.0
5.878587858785878,-0.8304549616735601,0.28641985732848557,1.1237104665389281,2.0
5.87958795879588,-0.9309166467888214,0.2867220108540778,1.1143696427188652,2.0
5.8805880588058805,-1.0473091463868827,0.287021202231002,1.1769137335358077,2.0
5.881588158815882,-0.9829727623393109,0.28731742967913365,0.9915517122820733,2.0
5.882588258825883,-0.8371423314375408,0.28761069144843043,0.8617862622206035,2.0
5.883588358835883,-0.8215869959373255,0.2879009858189406,0.8777353989571104,2.0
5.884588458845885,-0.8505986692985343,0.28818831110080473,0.8480440108273388,2.0
5.885588558855885,-0.9629252196902439,0.28847266563426155,0.8143172065949069,2.0
5.886588658865887,-0.7958114316189168,0.2887540477896533,0.692436488437989,2.0
5.8875887588758875,-1.0055386343646389,0.28903245596742866,0.7134133831375631,2.0
5.888588858885889,-0.7939480617162068,0.28930788859814754,0.6951770280962355,2.0
5.88958895889589,-1.0036808621455722,0.28958034414248257,0.8517856183643802,2.0
5.89058905890589,-0.8271857780508337,0.2898498210912258,1.018614499581163,2.0
5.891589158915892,-1.0114773328574231,0.29011631796528853,0.9619705633987933,2.0
5.892589258925892,-0.9196198196935463,0.290379833315704,1.0066659156238815,2.0
5.893589358935894,-0.9876386270278679,0.2906403657236331,1.0113388574039102,2.0
5.8945894589458945,-0.8628429333989055,0.29089791380036156,1.1765630405753051,2.0
5.895589558955896,-0.8284103817284946,0.2911524761873052,1.072604590941755,2.0
5.896589658965897,-0.886823147862132,0.2914040515560104,1.035610840866365,2.0
5.897589758975897,-0.8466463705801399,0.29165263860815427,0.8732122818881275,2.0
5.898589858985899,-0.8373179795356619,0.29189823607554716,0.8636900256087204,2.0
5.899589958995899,-0.7256349498154812,0.2921408427201306,0.8682653622780103,2.0
5.900590059005901,-0.8076217727461489,0.29238045733398144,0.9109876953942477,2.0
5.9015901590159014,-0.8178755545054973,0.29261707873930737,0.8976806205956884,2.0
5.902590259025903,-0.8870995047341892,0.2928507057884498,0.9781942587099683,2.0
5.903590359035904,-0.7478059462335641,0.29308133736388164,0.899018984894481,2.0
5.904590459045904,-0.9032539387034657,0.29330897237820686,1.0177868849789649,2.0
5.905590559055906,-0.7800611749694999,0.29353360977415915,0.9875370792017475,2.0
5.906590659065906,-0.8521718638544697,0.2937552485245993,1.1156238070777822,2.0
5.907590759075908,-0.7391384235590077,0.2939738876325161,1.1625885100955415,2.0
5.908590859085908,-0.6103779851772431,0.29418952613102056,1.1936279203459028,2.0
5.90959095909591,-0.751960955916876,0.29440216308334616,1.341333000403443,2.0
5.9105910591059105,-0.7529114669642398,0.294611797582845,1.563093430399798,2.0
5.911591159115912,-0.8880755367792735,0.29481842875298514,1.804714120362042,2.0
5.912591259125913,-0.7901192861076844,0.295022055747346,1.766505809398352,2.0
5.913591359135913,-0.7014964888798738,0.29522267774961714,1.667089207490449,2.0
5.914591459145915,-0.8182418431391504,0.29542029397359226,1.700832028781969,2.0
5.915591559155915,-0.7377320513092248,0.29561490366316484,1.6309140700953622,2.0
5.916591659165917,-0.771518555227322,0.29580650609232517,1.5720390682752006,2.0
5.9175917591759175,-0.7419317707843941,0.2959951005651546,1.7201499091441634,2.0
5.918591859185919,-0.7163843999743,0.29618068641582035,1.8066303872495824,2.0
5.91959195919592,-0.6654246639915498,0.2963632630085694,1.9302894396514376,2.0
5.92059205920592,-0.6786897559195022,0.2965428297377251,1.96843714266213,2.0
5.921592159215922,-0.7041492565775478,0.29671938602767856,1.9930476291130619,2.0
5.922592259225922,-0.4552752895704869,0.2968929313328829,1.98358358942133,2.0
5.923592359235924,-0.5728338626606571,0.29706346513784826,2.116069525344203,2.0
5.9245924592459245,-0.6381123788782225,0.29723098695713296,2.103459656195741,2.0
5.925592559255926,-0.6015885091221836,0.29739549633533735,2.0228494099859105,2.0
5.926592659265927,-0.5718206342615748,0.29755699284709525,1.9876833285211148,2.0
5.927592759275927,-0.7405462434070883,0.29771547609706833,2.0367059312683167,2.0
5.928592859285929,-0.5810125279852764,0.2978709457199355,2.174201267825748,2.0
5.929592959295929,-0.4543547911917597,0.2980234013803855,2.1091226520156336,2.0
5.930593059305931,-0.7005998384755618,0.298172842773109,1.9868059680654913,2.0
5.9315931593159315,-0.699492696814206,0.29831926962278865,2.0210509928968174,2.0
5.932593259325933,-0.6107393736613281,0.29846268168409,2.0531027734448117,2.0
5.933593359335934,-0.7255459451432063,0.2986030787416525,2.0641325840693434,2.0
5.934593459345934,-0.5843991409449092,0.2987404606100786,2.0297928081232075,2.0
5.935593559355936,-0.6388575342482339,0.2988748271339247,1.926552967463588,2.0
5.936593659365936,-0.7698632543043363,0.29900617818768965,2.0157718445108714,2.0
5.937593759375938,-0.6393232152202324,0.29913451367580557,2.08867410124531,2.0
5.938593859385938,-0.5451769713496051,0.2992598335326247,2.1716304884887876,2.0
5.93959395939594,-0.5701633984455742,0.2993821377224099,2.2258236297555998,2.0
5.9405940594059405,-0.6658984554337366,0.2995014262393224,2.337272446921213,2.0
5.941594159415942,-0.44046632305378064,0.29961769910740965,2.332337761416256,2.0
5.942594259425943,-0.3947183013683472,0.29973095638059305,2.142607411555103,2.0
5.943594359435943,-0.5388002886602538,0.2998411981426562,2.3040119528913734,2.0
5.944594459445945,-0.5967153503468345,0.2999484245072321,2.381321824118037,2.0
5.945594559455945,-0.5738610418586262,0.30005263561778844,2.2256898600652977,2.0
5.946594659465947,-0.4661026651960316,0.3001538316476166,2.233283459303896,2.0
5.9475947594759475,-0.4873900956109076,0.3002520127998164,2.0895210025416717,2.0
5.948594859485949,-0.4072910287374656,0.3003471793072827,2.007777560776853,2.0
5.94959495949595,-0.4047981260058759,0.3004393314326912,2.148134042171955,2.0
5.95059505950595,-0.5328971521343192,0.3005284694684835,2.217968925381396,2.0
5.951595159515952,-0.4879132045825829,0.30061459373685345,2.310494819166701,2.0
5.952595259525952,-0.3447189140973239,0.30069770458973033,2.2837859782026557,2.0
5.953595359535954,-0.4044010332448119,0.3007778024087649,2.2590558456418757,2.0
5.9545954595459545,-0.35390882980213223,0.3008548876053132,2.3273305406883575,2.0
5.955595559555956,-0.3263578126973461,0.3009289606204207,2.471799973067797,2.0
5.956595659565957,-0.42810769678995314,0.3010000219248054,2.3680484264254966,2.0
5.957595759575957,-0.5634187572519495,0.30106807201884256,2.470806304255288,2.0
5.958595859585959,-0.49926372308979383,0.301133111432547,2.293029419304481,2.0
5.959595959595959,-0.2933402145695107,0.301195140725556,2.416567252193929,2.0
5.960596059605961,-0.3789387745481265,0.30125416048711195,2.596346242491398,2.0
5.9615961596159615,-0.3496465164049236,0.3013101713360454,2.390424096833427,2.0
5.962596259625963,-0.2722153048295814,0.30136317392075607,2.574496772865009,2.0
5.963596359635964,-0.5213922341027923,0.3014131689191948,2.7576210875407505,2.0
5.964596459645964,-0.5148486332685547,0.3014601570388459,2.7989485360604043,2.0
5.965596559655966,-0.27802835485370053,0.30150413901670725,2.8189916287549917,2.0
5.966596659665966,-0.43552495394224533,0.3015451156192716,2.725280809956079,2.0
5.967596759675968,-0.3349847702021719,0.3015830876425071,2.7612262799656224,2.0
5.968596859685968,-0.4188077865521165,0.3016180559118382,2.8451826988434346,2.0
5.96959695969597,-0.12606146254061734,0.3016500212821248,2.9214468760644583,2.0
5.9705970597059705,-0.30774384702565966,0.3016789846376422,2.96271218699786,2.0
5.971597159715972,-0.24602910683323392,0.3017049468920615,2.8729162299289133,2.0
5.972597259725973,-0.2043963680820321,0.30172790898842744,2.8379342890910415,2.0
5.973597359735973,-0.2611205407304085,0.301747871899138,2.792270215346214,2.0
5.974597459745975,0.007299165765997151,0.3017648366259232,2.9298176197619883,2.0
5.975597559755975,-0.2249815160337801,0.3017788041998231,2.8265701124898786,2.0
5.976597659765977,-0.2365466997940486,0.30178977568116594,2.8746211642277477,2.0
5.9775977597759775,-0.2571145072860341,0.30179775215954596,2.9114616412677736,2.0
5.978597859785979,-0.07755948196912052,0.3018027347538008,2.9611774203174765,2.0
5.97959795979598,-0.07545586590362223,0.301804724611989,3.022596130937819,2.0
5.98059805980598,-0.14481595500611621,0.30180372291136626,2.9289125293124125,2.0
5.981598159815982,-0.1788549739353051,0.3017997308583633,2.8019756852208206,2.0
5.982598259825982,-0.16726794149469912,0.30179274968856085,2.7734062273660016,2.0
5.983598359835984,-0.2110882541410397,0.30178278066666653,2.724276361818563,2.0
5.9845984598459845,-0.28986573720829867,0.301769825086491,2.795111688768662,2.0
5.985598559855986,-0.07711114842655187,0.3017538842709223,2.7951787832531596,2.0
5.986598659865987,-0.061746055223920474,0.30173495957190244,2.7329435665116204,2.0
5.987598759875987,-0.17534302859617393,0.3017130523704015,2.7237807338806888,2.0
5.988598859885989,-0.14915792903488861,0.30168816407639265,2.9662939013341565,2.0
5.989598959895989,0.15138287435043044,0.30166029612882667,3.0385570829648527,2.0
5.990599059905991,-0.006707083570067968,0.3016294499956058,3.0393401522233985,2.0
5.9915991599159915,-0.23612894875754825,0.3015956271735581,3.122386493930101,2.0
5.992599259925993,0.011249173196486092,0.3015588291884103,2.9818138528619738,2.0
5.993599359935994,-0.25850847974673585,0.30151905759476183,2.8955141509821622,2.0
5.994599459945994,-0.08334181458033957,0.3014763139760577,2.9144303316945024,2.0
5.995599559955996,-0.12448517989825258,0.30143059994456106,2.969336577577906,2.0
5.996599659965996,-0.10806601234713004,0.3013819171413256,2.9593609591097305,2.0
5.997599759975998,-0.006254550921214186,0.30133026723616835,3.001490947307202,2.0
5.998599859985998,-0.1526255266019371,0.3012756519276411,3.085649249831108,2.0
5.999599959996,0.013979069295132705,0.30121807294300207,3.2279385491466837,2.0
6.0006000600060005,-0.1078825853849638,0.30115753203818785,3.346007993187818,2.0
6.001600160016002,0.2925703370520175,0.3010940309977838,3.2732668579085558,2.0
6.002600260026003,0.09744224599073215,0.3010275716349955,3.38283609502355,2.0
6.003600360036003,0.1402225834855023,0.30095815579161905,3.40765665052844,2.0
6.004600460046005,0.13817082550710105,0.30088578533801125,3.4254088687028954,2.0
6.005600560056005,0.02213078431845555,0.30081046217306007,3.376848415232571,2.0
6.006600660066007,-0.002045854500109877,0.300732188224154,3.531851638079173,2.0
6.0076007600760075,-0.06286518800734162,0.300650965447152,3.512568002856756,2.0
6.008600860086009,0.27958407209678104,0.300566795826352,3.3015196840394587,2.0
6.00960096009601,-0.027292979580212984,0.30047968137446085,3.114940699922108,2.0
6.01060106010601,0.19491967912199282,0.30038962413256215,3.0033428870764176,2.0
6.011601160116012,0.09056271821669852,0.300296626170085,2.934785516467958,2.0
6.012601260126012,0.21949347235743494,0.30020068958477236,2.920234634249239,2.0
6.013601360136014,0.13044682258289192,0.30010181650264844,2.9423971955006563,2.0
6.0146014601460145,0.07681732172081063,0.3000000090779872,3.1422223393648,2.0
6.015601560156016,-0.037363954701348956,0.29989526949327827,3.0446788038207284,2.0
6.016601660166017,0.2007623971052034,0.2997875999591958,3.0622648887341533,2.0
6.017601760176017,0.18111401796260762,0.2996770027145638,2.8981564620109594,2.0
6.018601860186019,0.07740784379627248,0.2995634800263231,2.922166798578779,2.0
6.019601960196019,0.25915866827471734,0.2994470341894986,3.009781561798105,2.0
6.020602060206021,0.09137599116958417,0.2993276675271637,2.849084497560458,2.0
6.0216021602160215,0.22448590050809802,0.2992053823904074,2.963518098920679,2.0
6.022602260226023,0.2644449850853817,0.29908018115829876,3.1085254340704505,2.0
6.023602360236024,0.24751242177297905,0.29895206623785325,3.165076459178609,2.0
6.024602460246024,0.10092302503428904,0.29882104006399673,3.1427391107566875,2.0
6.025602560256026,0.18342140583743854,0.29868710509953034,2.991488704758618,2.0
6.026602660266026,0.3500475141409485,0.29855026383509553,2.9692857636225933,2.0
6.027602760276028,0.20574205780083213,0.2984105187891378,2.9050693875531204,2.0
6.028602860286028,0.2985257180748231,0.29826787250787046,2.9113652812922055,2.0
6.02960296029603,0.15863147480103107,0.2981223275652385,2.9343804997111382,2.0
6.0306030603060305,0.4581332857796199,0.29797388656288243,2.8932229718443745,2.0
6.031603160316032,0.2694013593252027,0.2978225521301004,2.8588848813120675,2.0
6.032603260326033,0.5576994533622313,0.2976683269238123,2.879494743600751,2.0
6.033603360336033,0.38767016665865206,0.2975112136285211,2.8299283349985163,2.0
6.034603460346035,0.26972942137437816,0.2973512149562762,2.885731338002672,2.0
6.035603560356035,0.40690012255686026,0.2971883336466354,2.8357403731303448,2.0
6.036603660366037,0.31334417263360886,0.29702257246662606,3.0267867588793593,2.0
6.0376037603760375,0.307728928775689,0.2968539342107079,3.1503490820271614,2.0
6.038603860386039,0.26877140482260364,0.29668242170073267,3.25417566926144,2.0
6.03960396039604,0.5137811751740803,0.2965080377859073,3.247007917350628,2.0
6.04060406040604,0.2254901495528876,0.2963307853427526,3.246724237082047,2.0
6.041604160416042,0.2612992525932933,0.2961506672750655,3.200869909938328,2.0
6.042604260426042,0.38567928842758253,0.2959676865138786,3.1581957380820844,2.0
6.043604360436044,0.43892762484011055,0.29578184601741997,3.182664571703638,2.0
6.0446044604460445,0.21903256264645252,0.2955931487710739,3.105305356727172,2.0
6.045604560456046,0.44013636664742745,0.29540159778733915,3.1922148303021647,2.0
6.046604660466047,0.3740694724654633,0.29520719610578994,3.1242265185605085,2.0
6.047604760476047,0.38202501465877636,0.2950099467930332,3.19936020099343,2.0
6.048604860486049,0.3896394426673986,0.29480985294266865,3.138422411591433,2.0
6.049604960496049,0.36942103917693186,0.2946069176752468,3.2387649138934442,2.0
6.050605060506051,0.4601166075119492,0.294401144138227,3.1475955280887744,2.0
6.0516051605160515,0.6352202580815982,0.2941925355059371,3.0784307878437245,2.0
6.052605260526053,0.6818863645380366,0.2939810949795281,3.2168592874876683,2.0
6.053605360536054,0.4223006766014181,0.29376682578693525,3.248867095093852,2.0
6.054605460546054,0.4285681523701695,0.29354973118283295,3.1959575032923855,2.0
6.055605560556056,0.6571517571749078,0.29332981444859235,3.16012003946686,2.0
6.056605660566056,0.3563667176358908,0.29310707889223897,3.0023102612695767,2.0
6.057605760576058,0.5692571376455577,0.2928815278484082,2.896599484226691,2.0
6.058605860586058,0.5516962073677485,0.29265316467830216,2.905546248122817,2.0
6.05960596059606,0.6388560832889063,0.2924219927696455,2.938927032189112,2.0
6.0606060606060606,0.5261844618522026,0.2921880155366418,2.8803328107005584,2.0
6.061606160616062,0.5985744291701254,0.2919512364199285,2.88294490080204,2.0
6.062606260626063,0.7136208418809331,0.29171165888653233,2.9174557860573085,2.0
6.063606360636063,0.4900233768935663,0.2914692864298246,2.8833638452796224,2.0
6.064606460646065,0.6403580228795878,0.29122412256947605,2.855628631409298,2.0
6.065606560656065,0.6262797683561068,0.2909761708514114,2.923260784950636,2.0
6.066606660666067,0.5685525519197301,0.29072543484776325,3.0239377548425064,2.0
6.0676067606760675,0.563902747012805,0.29047191815682755,2.9482763262832212,2.0
6.068606860686069,0.4604090244108211,0.29021562440301574,2.91766597391336,2.0
6.06960696069607,0.7018091153376971,0.28995655723680946,2.827863184729937,2.0
6.07060706070607,0.6514038325538,0.28969472033471394,2.8379744293397327,2.0
6.071607160716072,0.6774222243992002,0.2894301173992105,2.789796436446937,2.0
6.072607260726072,0.5164014753004396,0.28916275215871,2.7082195812474446,2.0
6.073607360736074,0.7168070066276842,0.2888926283675055,2.710754049040217,2.0
6.0746074607460745,0.5581285224489954,0.28861974980572513,2.6583298413335994,2.0
6.075607560756076,0.6982110365743808,0.28834412027928286,2.4050223846587473,2.0
6.076607660766077,0.6746126295260279,0.28806574361983184,2.4507875304072533,2.0
6.077607760776077,0.8282674703394729,0.28778462368471575,2.306145183976067,2.0
6.078607860786079,0.7415515749558907,0.2875007643569201,2.4375275906478002,2.0
6.079607960796079,0.5113812962113738,0.28721416954502377,2.3166758482633116,2.0
6.080608060806081,0.6950404500030221,0.2869248431831495,2.3980899456543674,2.0
6.0816081608160815,0.7092659777933696,0.28663278923091623,2.2713107433040185,2.0
6.082608260826083,0.6888051280369956,0.28633801167338657,2.2230962152622205,2.0
6.083608360836084,0.632740928333821,0.28604051452102125,2.325905348185705,2.0
6.084608460846084,0.7111989818909187,0.28574030180962573,2.3311737313420013,2.0
6.085608560856086,0.6093987995614573,0.2854373776003016,2.4938644724349395,2.0
6.086608660866086,0.6042896009284068,0.28513174597939633,2.5640534542531017,2.0
6.087608760876088,0.8015090076230627,0.2848234110584518,2.6055090809761285,2.0
6.088608860886088,0.7087315239618911,0.2845123769741553,2.3861772618069734,2.0
6.08960896089609,0.709352797177094,0.2841986478882853,2.237211852951631,2.0
6.0906090609060906,0.783012834929377,0.2838822279876641,2.2083568574728623,2.0
6.091609160916092,0.7794548529197218,0.2835631214841029,2.007695137617169,2.0
6.092609260926093,0.7051553245898613,0.28324133261435214,2.000741224882088,2.0
6.093609360936093,0.9132275636619789,0.28291686564004886,2.1287033079309112,2.0
6.094609460946095,0.8438708175908113,0.2825897248476639,2.0995128159989114,2.0
6.095609560956095,0.6281789135470284,0.28225991454845173,2.1303542226237,2.0
6.096609660966097,0.9006141277871408,0.2819274390783939,2.174474757403662,2.0
6.0976097609760975,0.8424866361086605,0.2815923027981508,2.2581946508699997,2.0
6.098609860986099,0.7804186874587702,0.28125451009300484,2.2455540514640453,2.0
6.0996099609961,0.6471454373609932,0.28091406537280916,2.2872114249217765,2.0
6.1006100610061,0.7491021424704405,0.2805709730719334,2.3601094921192542,2.0
6.101610161016102,0.74653671654157,0.2802252376492098,2.4254975302096518,2.0
6.102610261026102,0.9712393781143233,0.2798768635878802,2.404749745828198,2.0
6.103610361036104,0.7082881596321806,0.2795258553955401,2.393729437205702,2.0
6.1046104610461045,0.7124063642715811,0.27917221760408684,2.4464430010874856,2.0
6.105610561056106,0.9820681863217823,0.27881595476966214,2.3913701600502533,2.0
6.106610661066107,0.8261574816251428,0.2784570714725992,2.469117879324615,2.0
6.107610761076107,0.8425223633365195,0.27809557231736654,2.3394114827089068,2.0
6.108610861086109,0.9697844746942048,0.2777314619325135,2.424606714474514,2.0
6.109610961096109,0.9557751285419647,0.2773647449706146,2.2718365223299233,2.0
6.110611061106111,0.9505316361408044,0.27699542610821276,2.273904732337566,2.0
6.1116111611161115,0.7250605461719978,0.2766235100457657,2.2141566061955458,2.0
6.112611261126113,1.2127521793694767,0.27624900150758713,2.0726118926359876,2.0
6.113611361136114,0.8714551280830338,0.27587190524179217,2.0851391925374605,2.0
6.114611461146114,0.7955386821414145,0.2754922260202399,1.9685532486966275,2.0
6.115611561156116,0.694942320859681,0.2751099686384772,2.02038783971525,2.0
6.116611661166116,0.774837979720772,0.27472513791568126,1.9846596343767822,2.0
6.117611761176118,0.9419257764361282,0.27433773869460215,1.8850512511202717,2.0
6.118611861186118,0.9857887893539381,0.2739477758415076,1.7880769671177488,2.0
6.11961196119612,0.8440743089202363,0.2735552542461206,1.834225865727908,2.0
6.120612061206121,0.7881179819621738,0.2731601788215674,1.961715064748519,2.0
6.121612161216122,0.9869907960045348,0.2727625545043151,2.1078305151803813,2.0
6.122612261226123,0.9093496398594879,0.27236238625411524,2.173691544627349,2.0
6.123612361236123,1.0266653954550136,0.27195967905394486,2.1067740953704353,2.0
6.124612461246125,0.8013356176290397,0.2715544379099479,1.9040042403105255,2.0
6.125612561256125,0.9040271096852903,0.2711466678513777,1.8673382487378216,2.0
6.126612661266127,0.954267002087123,0.270736373930534,1.8991101733960214,2.0
6.1276127612761275,0.7545753698741372,0.27032356122270906,2.0388760497590073,2.0
6.128612861286129,0.8458532673205594,0.26990823482612364,2.0406158316082967,2.0
6.12961296129613,0.9491746919770875,0.26949039986186973,1.9465479747434256,2.0
6.13061306130613,0.9185846554619831,0.26907006147384965,1.988558614267161,2.0
6.131613161316132,1.3293715168094262,0.2686472248287161,2.096488122390578,2.0
6.132613261326132,0.7896099227209132,0.2682218951158137,2.060818514249602,2.0
6.133613361336134,0.9944634833162996,0.2677940775471137,2.223544896652086,2.0
6.1346134613461345,1.092366004832981,0.2673637773571597,2.2028004745176295,2.0
6.135613561356136,0.8165061457644894,0.26693099980300156,2.143515904502407,2.0
6.136613661366137,0.8063130852035436,0.2664957501641365,1.9232252017264793,2.0
6.137613761376137,0.8945584174091723,0.2660580337424479,1.7973395949097597,2.0
6.138613861386139,0.7966090570560492,0.2656178558621431,1.6560026919835762,2.0
6.139613961396139,0.9967561059913188,0.265175221869692,1.6113554664212568,2.0
6.140614061406141,1.0345653153473298,0.26473013713376503,1.5521588736671414,2.0
6.1416141614161415,1.0345209664180455,0.2642826070451725,1.4746398441257753,2.0
6.142614261426143,1.0662649440094598,0.2638326370167995,1.3069429854094892,2.0
6.143614361436144,0.9356063155505498,0.2633802324835457,1.3608602735174182,2.0
6.144614461446144,0.969508262473831,0.2629253989022619,1.243634650426934,2.0
6.145614561456146,0.9111122480340301,0.26246814175168737,1.429115180833375,2.0
6.146614661466146,1.0627806525993468,0.26200846653238635,1.4093663568677381,2.0
6.147614761476148,1.0860136321121885,0.26154637876668513,1.5043954504585866,2.0
6.148614861486148,1.0131440172139567,0.2610818839986099,1.4867354874462122,2.0
6.14961496149615,0.9667612529266744,0.26061498779382014,1.4663608242605137,2.0
6.150615061506151,1.0546728651267983,0.26014569573954777,1.3999884172661106,2.0
6.151615161516152,1.0945341920905851,0.25967401344453067,1.478714634679111,2.0
6.152615261526153,0.9682082612811956,0.25919994653895206,1.5049086705889296,2.0
6.153615361536153,0.7967775794577462,0.2587235006743712,1.4959327255943764,2.0
6.154615461546155,0.9081259333773505,0.25824468152366237,1.5501594322566516,2.0
6.155615561556155,1.0725186450672808,0.2577634947809505,1.4666382365568982,2.0
6.156615661566157,0.9603093255642506,0.2572799461615437,1.3053512921880435,2.0
6.1576157615761575,0.964286110953187,0.2567940414018696,1.1709511738948277,2.0
6.158615861586159,0.9805725549129367,0.25630578625941003,1.2109563756323356,2.0
6.15961596159616,0.9694776463472876,0.25581518651263535,1.2186068639551528,2.0
6.16061606160616,0.9215919364502436,0.25532224796093894,1.0898815697203161,2.0
6.161616161616162,1.1916808636459892,0.25482697642457064,1.1310939190566445,2.0
6.162616261626162,0.9210660698308846,0.25432937774457337,1.14185986082669,2.0
6.163616361636164,0.9481840757875517,0.2538294577827116,1.15137942866696,2.0
6.1646164616461645,1.1752774452951535,0.25332722242141165,1.121141123179563,2.0
6.165616561656166,0.959835392663885,0.2528226775636897,1.0029991597796435,2.0
6.166616661666167,0.9807478546676446,0.25231582913308787,0.9828346380508297,2.0
6.167616761676167,1.1135366047789022,0.2518066830736063,0.9282609592228916,2.0
6.168616861686169,0.9189479058743258,0.25129524534963604,0.8387264624857643,2.0
6.169616961696169,0.940152504331863,0.2507815219458941,0.7367328798667345,2.0
6.170617061706171,0.9380832584281373,0.2502655188673503,0.5766089961542417,2.0
6.1716171617161715,1.1237857171691727,0.24974724213916713,0.5670189243290561,2.0
6.172617261726173,0.9525287946081542,0.249226697806626,0.5426175175327125,2.0
6.173617361736174,0.9588591166818257,0.24870389193506226,0.6237840124120059,2.0
6.174617461746175,1.165390382710254,0.2481788306097953,0.6092695412707866,2.0
6.175617561756176,1.1210360519910403,0.24765151993606332,0.7014542278280524,2.0
6.176617661766176,0.8364854214010857,0.2471219660389516,0.767071581667866,2.0
6.177617761776178,0.9674092383988565,0.24659017506332337,0.6211241213470111,2.0
6.1786178617861784,0.8642869866480216,0.24605615317375595,0.6729690579737758,2.0
6.17961796179618,1.0112677072914553,0.24551990655446643,0.6699015585373389,2.0
6.180618061806181,0.9952486540051301,0.24498144140924527,0.6028860305174011,2.0
6.181618161816182,1.1307144710808108,0.24444076396138553,0.5775803523917066,2.0
6.182618261826183,1.0455254808947831,0.24389788045361677,0.5934898670087244,2.0
6.183618361836183,0.900286465678472,0.2433527971480293,0.42387436481382335,2.0
6.184618461846185,1.047719229288439,0.24280552032600955,0.7145645125932494,2.0
6.185618561856185,0.8929413712916601,0.24225605628817004,0.7253511341282621,2.0
6.186618661866187,1.042976492960189,0.24170441135427562,0.6444677425151015,2.0
6.1876187618761875,1.0037071778653603,0.24115059186317606,0.5731401584428335,2.0
6.188618861886189,0.9764666963480626,0.24059460417273412,0.5709911321571964,2.0
6.18961896189619,1.0310622174919237,0.24003645465975817,0.6343225395991334,2.0
6.19061906190619,1.0401497914854188,0.23947614971992515,0.6132663431124382,2.0
6.191619161916192,1.0606342278881191,0.23891369576771532,0.46610903006173104,2.0
6.192619261926192,0.9358798553023338,0.23834909923634048,0.42777510338118124,2.0
6.193619361936194,1.0250223508634835,0.23778236657766946,0.2924255247037561,2.0
6.1946194619461945,0.9803514149322747,0.23721350426215967,0.22796366066482557,2.0
6.195619561956196,0.8634493478806832,0.23664251877878376,0.3372283261175233,2.0
6.196619661966197,0.9030919048298097,0.23606941663496142,0.4275497429014741,2.0
6.197619761976197,1.0915651486623357,0.23549420435648113,0.42201286837518776,2.0
6.198619861986199,0.9432962522621375,0.23491688848743372,0.47636746166646743,2.0
6.199619961996199,1.1051766795908582,0.23433747559014032,0.3825081589987904,2.0
6.200620062006201,1.0624581289241306,0.2337559722450735,0.22483254267725689,2.0
6.2016201620162015,0.8547735334536637,0.23317238505079424,0.085555581011317,2.0
6.202620262026203,0.9988276688040097,0.23258672062387148,-0.11022362400306739,2.0
6.203620362036204,0.8042383776871089,0.23199898559881318,-0.04354128666101634,2.0
6.204620462046205,0.8463095262948139,0.23140918662799195,-0.04652709679005666,2.0
6.205620562056206,0.7365191601001845,0.23081733038157448,-0.04565131536046968,2.0
6.206620662066206,1.0700631924146504,0.23022342354744488,-0.07093966630510791,2.0
6.207620762076208,0.8412396956826118,0.22962747283113147,-0.01488551256209708,2.0
6.2086208620862084,0.9184399418405816,0.2290294849557381,-0.1427282728634013,2.0
6.20962096209621,0.9460516050789882,0.22842946666186462,-0.08591314050417735,2.0
6.210621062106211,0.8918709369997241,0.22782742470753617,-0.046441884457474346,2.0
6.211621162116212,0.7757826075089372,0.22722336586812814,0.05264212194846094,2.0
6.212621262126213,1.0433853773295447,0.22661729693629423,0.15167244337969402,2.0
6.213621362136213,1.0665047099183678,0.2260092247218893,0.015672859856141197,2.0
6.214621462146215,0.9345168128308754,0.2253991560518946,-0.16892531028735305,2.0
6.215621562156215,1.0095000704249157,0.2247870977703485,-0.016959262650059627,2.0
6.216621662166217,0.8297859898284956,0.22417305673826574,0.0432155120296506,2.0
6.2176217621762175,0.8929787366161205,0.223557039833566,0.029834932948980014,2.0
6.218621862186219,0.9387962682530819,0.22293905395099736,0.14833195323454795,2.0
6.21962196219622,0.8486698325515191,0.2223191060020647,-0.03103655093301363,2.0
6.22062206220622,1.080868062598664,0.22169720291494793,-0.2260139575398477,2.0
6.221622162216222,0.6957910409265995,0.22107335163443265,-0.23008484118908626,2.0
6.222622262226222,0.7888258649842228,0.2204475591218338,-0.26371484221404484,2.0
6.223622362236224,1.1112290963085576,0.21981983235491695,-0.11468462055150444,2.0
6.2246224622462245,0.9915353057318915,0.2191901783278254,-0.2530578054415301,2.0
6.225622562256226,1.0267744061345407,0.2185586040510024,-0.10297122398190922,2.0
6.226622662266227,0.9476394993543069,0.21792511655111918,-0.1310864264396183,2.0
6.227622762276227,0.9567547102539172,0.2172897228709918,-0.1163011777403341,2.0
6.228622862286229,0.7756299504397327,0.2166524300695108,-0.008334274624944382,2.0
6.229622962296229,0.7965853094056358,0.21601324522156434,0.06767075789297777,2.0
6.230623062306231,0.7672191133199707,0.21537217541795858,0.13880222586327312,2.0
6.2316231623162315,0.7781359403705823,0.21472922776534314,0.05388297200685346,2.0
6.232623262326233,0.961442508903477,0.21408440938613335,0.2111276443532736,2.0
6.233623362336234,0.7282083158252641,0.21343772741843706,0.15922818734233157,2.0
6.234623462346235,0.7036919170018803,0.21278918901596927,0.059627588898393806,2.0
6.235623562356236,1.114990994244122,0.21213880134798552,0.07258611794703107,2.0
6.236623662366236,0.7591703753588078,0.2114865715991965,0.05155521483946018,2.0
6.237623762376238,0.7721857258241398,0.21083250696969422,0.15775362606466825,2.0
6.2386238623862385,0.7473543936807454,0.21017661467487397,0.10339655815943583,2.0
6.23962396239624,0.9463863594570214,0.20951890194535644,0.04976173810362105,2.0
6.240624062406241,0.6522544649580182,0.20885937602691046,0.025136932545277952,2.0
6.241624162416242,0.7750083928655939,0.2081980441803737,0.09983614088362536,2.0
6.242624262426243,0.7644957468975202,0.20753491368157817,0.03173325792766481,2.0
6.243624362436243,0.8073782576520988,0.20686999182126833,0.06979945356755607,2.0
6.244624462446245,0.7830729353039254,0.20620328590502207,-0.04079585357940102,2.0
6.245624562456245,0.8334155037129023,0.20553480325317894,-0.14669144827066613,2.0
6.246624662466247,0.8060886999146664,0.20486455120075456,-0.05700977709494296,2.0
6.2476247624762475,0.7285711799134481,0.20419253709736554,0.18064661189504272,2.0
6.248624862486249,0.842130431348057,0.20351876830714943,0.039505606239465,2.0
6.24962496249625,0.8290646187399402,0.20284325220868893,0.038671600664687486,2.0
6.25062506250625,0.6624228463493576,0.2021659961949292,0.09172241917760318,2.0
6.251625162516252,0.6404596890946891,0.201487007673098,0.15660054450056593,2.0
6.252625262526252,0.684858706724482,0.20080629406463374,0.09736398887910915,2.0
6.253625362536254,0.7740661990608265,0.20012386280509817,-0.011044912516097172,2.0
6.2546254625462545,0.6466415099470109,0.19943972134410126,0.011647011551041392,2.0
6.255625562556256,0.7984016021584757,0.19875387714522005,-0.054758546034286495,2.0
6.256625662566257,0.6967199851616735,0.19806633768592222,0.06277470528709993,2.0
6.257625762576257,0.7808226277691336,0.1973771104574823,0.04002229202840795,2.0
6.258625862586259,0.5614678678966015,0.19668620296490189,0.010359919637269066,2.0
6.259625962596259,0.6926788375144196,0.19599362272683593,-0.027927853035730393,2.0
6.260626062606261,0.4538138103208703,0.1952993772755053,0.04732001585137125,2.0
6.2616261626162615,0.7273006576358573,0.19460347415662088,0.11963373908262172,2.0
6.262626262626263,0.5827032495961967,0.1939059209293015,0.0978532159965844,2.0
6.263626362636264,0.6901784815909837,0.1932067251659976,-0.11980635964941407,2.0
6.264626462646265,0.7117069513935981,0.19250589445240246,-0.2555523172290019,2.0
6.265626562656266,0.5192075381496342,0.1918034363873825,-0.29462155961838715,2.0
6.266626662666266,0.5856605507464314,0.19109935858288818,-0.3422277475539564,2.0
6.267626762676268,0.6459075061273801,0.19039366866387714,-0.26474925315349884,2.0
6.2686268626862685,0.5473045048480362,0.18968637426823298,-0.18948693851043916,2.0
6.26962696269627,0.4618213529052212,0.1889774830466831,-0.0649331723838266,2.0
6.270627062706271,0.7688161714167414,0.18826700266272212,0.005189745870673035,2.0
6.271627162716272,0.7040947572882011,0.18755494079252202,0.023379718508901505,2.0
6.272627262726273,0.4328173412575459,0.186841305124862,-0.11341161127488715,2.0
6.273627362736273,0.501931591628957,0.18612610336103855,0.034364701795247046,2.0
6.274627462746275,0.4237547609536166,0.18540934321478816,-0.09456783544910162,2.0
6.275627562756275,0.5553430383480048,0.18469103241220505,-0.1338108788127795,2.0
6.276627662766277,0.5236824645586935,0.18397117869165902,-0.236926317408371,2.0
6.2776277627762775,0.3695519089806162,0.18324978980371745,-0.2504104016857948,2.0
6.278627862786279,0.4543698714976594,0.1825268735110554,-0.1372357661318062,2.0
6.27962796279628,0.5112440214035419,0.18180243758838457,-0.10005114732073206,2.0
6.28062806280628,0.5909236162136733,0.18107648982236277,-0.0981081573670921,2.0
6.281628162816282,0.5646910827971348,0.1803490380115161,-0.23242576745742194,2.0
6.282628262826282,0.38903092462381844,0.1796200899661561,-0.2497260825870687,2.0
6.283628362836284,0.37201439358364274,0.17888965350829733,-0.26629760396735414,2.0
6.2846284628462845,0.4426894573313341,0.17815773647157576,-0.30684340329579807,2.0
6.285628562856286,0.47007161640617795,0.17742434670116503,-0.28309153111123664,2.0
6.286628662866287,0.45146842955663546,0.17668949205369786,-0.3401425153632138,2.0
6.287628762876287,0.4966081514039087,0.1759531803971793,-0.18885809616370422,2.0
6.288628862886289,0.4371288465896003,0.1752154196109034,-0.14910123465380787,2.0
6.289628962896289,0.3640224844060587,0.17447621758537804,-0.05985496996627801,2.0
6.290629062906291,0.4887811247330409,0.17373558222223395,-0.21471372366034713,2.0
6.2916291629162915,0.4960909028465516,0.1729935214341463,-0.26507441708919804,2.0
6.292629262926293,0.4991954385546426,0.17225004314474998,-0.1519564664883788,2.0
6.293629362936294,0.30132689940481355,0.17150515528855997,-0.17251277470650833,2.0
6.294629462946295,0.41891614574977076,0.17075886581088373,-0.22935083277565116,2.0
6.295629562956296,0.19101753647857847,0.17001118266774115,-0.028226353562955043,2.0
6.296629662966296,0.37727565690640646,0.1692621138257806,-0.11303273996799212,2.0
6.297629762976298,0.2671773223444028,0.168511667262196,-0.1244128147662249,2.0
6.2986298629862985,0.3475083547510888,0.16775985096464333,-0.017926209762227762,2.0
6.2996299629963,0.43729910673073547,0.1670066729311563,-0.22744895340227647,2.0
6.300630063006301,0.2712431586315804,0.16625214117006684,-0.3687844167361541,2.0
6.301630163016302,0.21709923091612607,0.1654962636999159,-0.45375337844996677,2.0
6.302630263026303,0.30390466699579155,0.16473904854937388,-0.4463527852855113,2.0
6.303630363036303,0.12888022255316145,0.16398050375715578,-0.5456324220235388,2.0
6.304630463046305,0.30350449433585963,0.1632206373719376,-0.5183065253463637,2.0
6.305630563056305,0.25943156402914863,0.16245945745227272,-0.4643720314901117,2.0
6.306630663066307,0.4016629944434296,0.16169697206650718,-0.4810477903082442,2.0
6.3076307630763075,0.3491444910977768,0.16093318929270004,-0.7656323485794133,2.0
6.308630863086309,0.1449718490932393,0.16016811721853008,-0.7408882365277881,2.0
6.30963096309631,0.23813210706502472,0.15940176394122363,-0.7709266067678667,2.0
6.31063106310631,0.19472246966652287,0.15863413756746145,-0.9296580243489565,2.0
6.311631163116312,0.1253948141247045,0.15786524621329853,-1.0540773786250532,2.0
6.312631263126312,0.3617444948019072,0.1570950980040793,-1.120931977291489,2.0
6.313631363136314,0.2486906148716454,0.15632370107435237,-1.174404983687717,2.0
6.3146314631463145,0.27425496132389604,0.15555106356779072,-1.0709934982598979,2.0
6.315631563156316,0.1251206627228118,0.15477719363709758,-0.8406755883503344,2.0
6.316631663166317,0.016346133128585322,0.15400209944393448,-0.9059928793319747,2.0
6.317631763176317,0.19704590463788318,0.153225789158827,-0.8385167112218981,2.0
6.318631863186319,0.33789021389656426,0.15244827096108468,-0.5019613407509267,2.0
6.319631963196319,0.07115527317933484,0.1516695530387157,-0.41385880077532095,2.0
6.320632063206321,0.05562802528345806,0.1508896435883412,-0.3504744152442583,2.0
6.3216321632163215,0.2376692585626327,0.15010855081511493,-0.4151746761887662,2.0
6.322632263226323,0.2393918421994798,0.1493262829326293,-0.26169791652096164,2.0
6.323632363236324,0.26851023279068054,0.14854284816284244,-0.39018184593806915,2.0
6.324632463246325,0.1080644599122432,0.14775825473598383,-0.28408566438450533,2.0
6.325632563256326,0.0002830957104685561,0.146972510890474,-0.328646561600112,2.0
6.326632663266326,0.158537032411426,0.1461856248728387,-0.47698208653695773,2.0
6.327632763276328,0.17686853433188426,0.14539760493762363,-0.5798252369742087,2.0
6.3286328632863285,0.01486340711155833,0.14460845934730995,-0.6050414168953427,2.0
6.32963296329633,0.07520308152574492,0.1438181963722278,-0.6133278160297231,2.0
6.330633063306331,-0.009707698828763298,0.14302682429047525,-0.8347450487132108,2.0
6.331633163316332,0.06622079838695713,0.14223435138782728,-0.8738329461582733,2.0
6.332633263326333,0.08097422382052105,0.14144078595765489,-0.926138321646758,2.0
6.333633363336333,-0.047458496828711616,0.1406461363008382,-0.928103995708826,2.0
6.334633463346335,-0.17094952331011462,0.1398504107256817,-0.9264633459178715,2.0
6.335633563356335,0.12808934383378323,0.13905361754782888,-1.0537698185839377,2.0
6.336633663366337,-0.13367384661510218,0.13825576509017587,-1.3480397576737053,2.0
6.3376337633763375,0.021155952285050128,0.13745686168278956,-1.387613848999463,2.0
6.338633863386339,-0.18213737375238437,0.13665691566281715,-1.4457902665733622,2.0
6.33963396339634,-0.0816293690405675,0.13585593537440402,-1.38551273651303,2.0
6.34063406340634,-0.10734945724326303,0.13505392916860728,-1.2477333130867967,2.0
6.341634163416342,0.006747179442150433,0.13425090540331058,-1.2911156088447413,2.0
6.342634263426342,-0.184315620888595,0.13344687244313824,-1.4147559664077225,2.0
6.343634363436344,-0.03577147801545976,0.13264183865936885,-1.4960894890322136,2.0
6.3446344634463445,-0.0812152048054538,0.13183581242985423,-1.6821154112383192,2.0
6.345634563456346,-0.21306190484518336,0.13102880213892387,-1.731045171532772,2.0
6.346634663466347,-0.21695495637242498,0.1302208161773118,-1.669841201089481,2.0
6.347634763476347,-0.26026465957788103,0.1294118629420608,-1.547291617660792,2.0
6.348634863486349,0.048435974991441255,0.12860195083644171,-1.6487593161442622,2.0
6.349634963496349,-0.1814516562227253,0.12779108826986615,-1.7228715543699265,2.0
6.350635063506351,-0.23272374172515764,0.12697928365780017,-1.7487420201337451,2.0
6.3516351635163515,-0.2317110920840603,0.12616654542168293,-1.7126473109939715,2.0
6.352635263526353,-0.08630043099098089,0.1253528819888307,-1.6685460561202268,2.0
6.353635363536354,-0.05083653489811876,0.12453830179236405,-1.6447113664270276,2.0
6.354635463546355,-0.3012882688213699,0.12372281327111159,-1.7156741129285729,2.0
6.355635563556356,-0.2911358585146068,0.1229064248695289,-1.569786622576845,2.0
6.356635663566356,-0.4500183296612902,0.1220891450376114,-1.5779685275081576,2.0
6.357635763576358,-0.20870748189697183,0.12127098223080784,-1.6911846625620066,2.0
6.3586358635863585,-0.25255791695299273,0.1204519449099386,-1.7167481454888156,2.0
6.35963596359636,-0.34797604101459856,0.11963204154109976,-1.6952178141411616,2.0
6.360636063606361,-0.41579204660177166,0.11881128059558992,-1.743151608299025,2.0
6.361636163616362,-0.24399561192484995,0.11798967054981402,-1.8387776619032465,2.0
6.362636263626363,-0.2523971070291115,0.11716721988520204,-1.8117834883835329,2.0
6.363636363636363,-0.13247113638571398,0.11634393708812185,-1.8093452960264178,2.0
6.364636463646365,-0.3165391428120652,0.11551983064979315,-1.865743059977839,2.0
6.365636563656365,-0.3756602914124211,0.1146949090662016,-1.9958262542776357,2.0
6.366636663666367,-0.5821531732050182,0.11386918083801144,-2.076630855271357,2.0
6.3676367636763676,-0.39627273003437263,0.1130426544704835,-2.0813846246433516,2.0
6.368636863686369,-0.33767809015456957,0.11221533847338311,-2.228919405958521,2.0
6.36963696369637,-0.3330629641982054,0.111387241360898,-2.3706095593198215,2.0
6.37063706370637,-0.27199017380673485,0.11055837165155111,-2.3166236676018443,2.0
6.371637163716372,-0.23148855392497417,0.1097287378681143,-2.167819906750194,2.0
6.372637263726372,-0.37941618580679665,0.10889834853752248,-2.06859810834008,2.0
6.373637363736374,-0.4991280061606357,0.10806721219078624,-2.048030675321985,2.0
6.3746374637463745,-0.3872541726991509,0.10723533736290969,-1.8859825087083206,2.0
6.375637563756376,-0.39319919938387804,0.10640273259279831,-1.9318628240461064,2.0
6.376637663766377,-0.21185721668357524,0.1055694064231769,-1.9862932230989483,2.0
6.377637763776377,-0.2226926810045754,0.10473536740050228,-2.037322897875271,2.0
6.378637863786379,-0.5333783630941631,0.10390062407487702,-2.0383858732887887,2.0
6.379637963796379,-0.4637866795626192,0.1030651849999634,-2.030011174803315,2.0
6.380638063806381,-0.47697376040775974,0.10222905873289626,-2.1247051030689494,2.0
6.3816381638163815,-0.42363742251551717,0.1013922538342005,-2.199830936026555,2.0
6.382638263826383,-0.3639438399799483,0.10055477886769928,-2.3023990840032518,2.0
6.383638363836384,-0.44025749146788307,0.09971664240043175,-2.373345524248806,2.0
6.384638463846385,-0.28320116082266594,0.09887785300256559,-2.299660369578701,2.0
6.385638563856386,-0.3098446709170395,0.09803841924731117,-2.3318300372279612,2.0
6.386638663866386,-0.6365743874256415,0.09719834971083526,-2.471192729906016,2.0
6.387638763876388,-0.460787756556192,0.09635765297217379,-2.5232175603141376,2.0
6.3886388638863885,-0.4506877203442683,0.09551633761315055,-2.443922403541655,2.0
6.38963896389639,-0.5461832707258554,0.09467441221828068,-2.6132916736870833,2.0
6.390639063906391,-0.48328507313654134,0.09383188537469762,-2.7267819008573966,2.0
6.391639163916392,-0.48335070263460367,0.09298876567205665,-2.7115441826999174,2.0
6.392639263926393,-0.5624237070259671,0.09214506170245339,-2.7033332304730346,2.0
6.393639363936393,-0.43323762250599285,0.09130078206033701,-2.6425798484602865,2.0
6.394639463946395,-0.6121826796286682,0.0904559353424228,-2.6674019199927055,2.0
6.395639563956395,-0.4738021445327546,0.08961053014761101,-2.737129813049727,2.0
6.396639663966397,-0.7121851858857038,0.08876457507689045,-2.715850407480705,2.0
6.3976397639763976,-0.5580925303525113,0.08791807873326542,-2.6733498026678433,2.0
6.398639863986399,-0.5182720826303867,0.08707104972165935,-2.733056280123251,2.0
6.3996399639964,-0.5786704765294116,0.08622349664883372,-2.6761578913198134,2.0
6.4006400640064,-0.5563016608244846,0.08537542812330069,-2.776566337988866,2.0
6.401640164016402,-0.7098806261193764,0.08452685275523636,-2.851569697093174,2.0
6.402640264026402,-0.6689522605909932,0.0836777791563996,-2.851520997667281,2.0
6.403640364036404,-0.7340778793407572,0.08282821594003546,-2.810279710447507,2.0
6.4046404640464045,-0.6145090281882561,0.08197817172080261,-2.8514459238919034,2.0
6.405640564056406,-0.5660532097089072,0.08112765511467698,-2.8416248613089485,2.0
6.406640664066407,-0.6761231218669574,0.08027667473887055,-2.7741555223317187,2.0
6.407640764076407,-0.7501473023363776,0.07942523921174449,-2.84634581959005,2.0
6.408640864086409,-0.6320672674904069,0.07857335715272341,-2.9627196978270938,2.0
6.409640964096409,-0.8455801322512295,0.07772103718220938,-2.9788505072202787,2.0
6.410641064106411,-0.7395743781927888,0.07686828792149528,-3.035615753035916,2.0
6.4116411641164115,-0.7697134610075116,0.0760151179926827,-2.9121693326005342,2.0
6.412641264126413,-0.5497803989036841,0.07516153601859059,-3.0393744323108667,2.0
6.413641364136414,-0.5719776144057128,0.07430755062267327,-2.9650318391190034,2.0
6.414641464146415,-0.9856343396775327,0.07345317042893278,-2.8871959485030314,2.0
6.415641564156416,-0.6309351226950598,0.07259840406183805,-2.9103239570882398,2.0
6.416641664166416,-0.6656469280231347,0.07174326014622961,-3.0078338874537063,2.0
6.417641764176418,-0.7772244979908453,0.07088774730724265,-3.01127325765594,2.0
6.4186418641864185,-0.5122665280483752,0.07003187417022046,-3.202097127268944,2.0
6.41964196419642,-0.8299829226767903,0.06917564936062401,-3.139926084215459,2.0
6.420642064206421,-0.7154586500371836,0.06831908150395041,-3.0984533475373315,2.0
6.421642164216422,-0.6573551806534093,0.06746217922564537,-3.073240370832939,2.0
6.422642264226423,-0.5438612044352586,0.06660495115102259,-3.073173518535631,2.0
6.423642364236423,-0.8185298869695989,0.06574740590516873,-3.1766942666020213,2.0
6.424642464246425,-0.7703476231958841,0.06488955211286669,-3.16789198126746,2.0
6.425642564256425,-0.7599248206694079,0.06403139839851027,-3.261178879738028,2.0
6.426642664266427,-0.7521821529600324,0.06317295338600919,-3.1571371899501384,2.0
6.427642764276428,-0.7522940273827755,0.06231422569871738,-3.2062818060516456,2.0
6.428642864286429,-0.7632330588648986,0.06145522395933711,-3.07456603780589,2.0
6.42964296429643,-0.7148841697851612,0.060595956789838604,-3.143023825132092,2.0
6.43064306430643,-1.0889415542638112,0.05973643281137394,-3.088774286173143,2.0
6.431643164316432,-0.642408025915828,0.05887666064419103,-3.009344178498816,2.0
6.432643264326432,-0.8945423667748675,0.05801664890755329,-2.9941502387405166,2.0
6.433643364336434,-0.9508282887379733,0.05715640621964408,-3.1132652484114796,2.0
6.4346434643464345,-1.0094481994168782,0.056295941197495245,-3.1936204341953904,2.0
6.435643564356436,-0.8520883917061285,0.0554352624568915,-2.9789658065757276,2.0
6.436643664366437,-0.7088780012189804,0.05457437861229046,-3.117810251869299,2.0
6.437643764376437,-0.7693741133695772,0.053713298276736765,-3.1716097796956837,2.0
6.438643864386439,-0.7845644311094642,0.05285203006177638,-3.1609286233078002,2.0
6.439643964396439,-0.832885116211235,0.051990582577376654,-3.131464323140382,2.0
6.440644064406441,-0.7296580496571827,0.05112896443183106,-3.0304815329428916,2.0
6.4416441644164415,-0.9227054640333326,0.050267184231688,-2.886363114902503,2.0
6.442644264426443,-0.7800166284448672,0.049405250581655645,-2.916116913233143,2.0
6.443644364436444,-0.9213739013106309,0.048543172084522204,-2.9583834533984015,2.0
6.444644464446445,-0.9559332935467588,0.04768095734106958,-2.911947450347933,2.0
6.445644564456446,-0.9837113614871228,0.04681861494999365,-2.7230490911035132,2.0
6.446644664466446,-0.8479933095120327,0.04595615350781032,-2.7907594644443368,2.0
6.447644764476448,-0.8749426171173297,0.04509358160877991,-2.8460275429416324,2.0
6.4486448644864485,-0.910256829745961,0.04423090784482187,-2.888891550475959,2.0
6.44964496449645,-0.7683712756923976,0.04336814080542574,-2.972035197023013,2.0
6.450645064506451,-0.8281649975379296,0.042505289077570965,-2.8762060210567024,2.0
6.451645164516452,-0.9041297498370958,0.04164236124564072,-2.7447651289573063,2.0
6.452645264526453,-0.9457330855064846,0.04077936589134288,-2.527816646528816,2.0
6.453645364536453,-0.8674224583048618,0.03991631159361624,-2.522983207549302,2.0
6.454645464546455,-0.8805032683085414,0.03905320692855539,-2.455665589717709,2.0
6.455645564556455,-0.9370099842218997,0.038190060469325875,-2.4709584916277105,2.0
6.456645664566457,-0.8888279305301614,0.037326880786075586,-2.680088801569111,2.0
6.457645764576458,-0.8726006794455728,0.0364636764458549,-2.727666161931059,2.0
6.458645864586459,-1.0297972138254288,0.03560045601253108,-2.694138797989046,2.0
6.45964596459646,-0.9527905090316008,0.034737228046709534,-2.7843488361778634,2.0
6.46064606460646,-0.8568353410675195,0.03387400110564063,-2.782406087130805,2.0
6.461646164616462,-0.8435629865237051,0.03301078374314489,-2.796174977362215,2.0
6.462646264626462,-0.8747933310684346,0.032147584509528676,-2.8513745068505214,2.0
6.463646364636464,-0.9756087359596374,0.031284411951496054,-2.786046295490409,2.0
6.4646464646464645,-0.9482276588372521,0.030421274612069324,-2.8140714565212637,2.0
6.465646564656466,-1.012185454223244,0.029558181030504928,-2.846395367257381,2.0
6.466646664666467,-1.071354966681863,0.028695139742210368,-2.824581232431787,2.0
6.467646764676467,-0.8341836363378615,0.02783215927866105,-2.8607879105661578,2.0
6.468646864686469,-1.1850395094486592,0.026969248167316457,-2.844983881735831,2.0
6.469646964696469,-0.8748864609732099,0.026106414931542053,-2.8227817739275882,2.0
6.470647064706471,-1.0917170025498533,0.025243668090515772,-2.8218172244710042,2.0
6.4716471647164715,-1.0500393753619774,0.024381016159158896,-2.781001861260748,2.0
6.472647264726473,-1.1639789915796124,0.023518467648042666,-2.7933893282680886,2.0
6.473647364736474,-1.0215833009773783,0.022656031063310555,-2.8327187361314548,2.0
6.474647464746475,-1.0633513645288484,0.021793714906593806,-3.0351681246192097,2.0
6.475647564756476,-0.9406180984846436,0.02093152767493286,-2.9369164124095803,2.0
6.476647664766476,-0.9815552009848618,0.020069477860690164,-2.949138398403857,2.0
6.477647764776478,-0.918215812023653,0.019207573951466873,-2.870432565688033,2.0
6.4786478647864785,-0.9389916717163375,0.018345824430029422,-3.094905472794268,2.0
6.47964796479648,-1.14958922449327,0.01748423777421767,-3.253539970851142,2.0
6.480648064806481,-0.8569530662124943,0.016622822456867716,-3.063781272820199,2.0
6.481648164816482,-0.8912418065473142,0.015761586945727993,-3.128367855493466,2.0
6.482648264826483,-0.9784946430088362,0.014900539703381302,-3.200228564528624,2.0
6.483648364836483,-1.187278223725747,0.014039689187158111,-3.19475221102927,2.0
6.484648464846485,-1.0747534197583508,0.013179043849053912,-3.1187643545670363,2.0
6.485648564856485,-1.1319871178026908,0.012318612135656347,-3.2704234980855342,2.0
6.486648664866487,-1.039693595621633,0.011458402488053923,-3.1358519183680507,2.0
6.487648764876488,-1.0217218535748578,0.010598423341759448,-3.2803310191721793,2.0
6.488648864886489,-1.1542663672668856,0.009738683126626714,-3.2034701929120892,2.0
6.48964896489649,-0.961186584284755,0.008879190266774082,-3.4185721439393477,2.0
6.49064906490649,-0.865039979372249,0.00801995318049358,-3.613753831682924,2.0
6.491649164916492,-0.8407994281008656,0.007160980280178569,-3.5504860735778436,2.0
6.492649264926492,-0.9804781303180781,0.006302279972241739,-3.471777055088289,2.0
6.493649364936494,-1.0651331061701184,0.005443860657029369,-3.4264665428569474,2.0
6.4946494649464945,-0.8736958485584563,0.004585730728744379,-3.464450195967532,2.0
6.495649564956496,-0.7875063207031845,0.0037278985753636663,-3.265375765968122,2.0
6.496649664966497,-0.9304245438419354,0.002870372578562322,-3.2457949622761713,2.0
6.497649764976497,-0.8956948892210282,0.0020131611136233966,-3.269641485772423,2.0
6.498649864986499,-0.934200892926869,0.0011562725493661895,-3.357046175739564,2.0
6.499649964996499,-0.9612680786879403,0.00029971524806492704,-3.5485300742178647,2.0
6.500650065006501,-1.1460350966533552,-0.0005565024346363271,-3.46627817140893,2.0
6.5016501650165015,-1.0838788252227636,-0.0014123721497999475,-3.48887036406978,2.0
6.502650265026503,-1.1599617042801147,-0.002267885555276735,-3.529398357620354,2.0
6.503650365036504,-0.9337939473847126,-0.0031230343157810313,-3.545736092260208,2.0
6.504650465046505,-1.1221471961250982,-0.003977810102981215,-3.472537156861843,2.0
6.505650565056506,-1.0201070737434452,-0.004832204595565911,-3.4647120494396733,2.0
6.506650665066506,-1.081939033844576,-0.005686209479333308,-3.4226099825002976,2.0
6.507650765076508,-0.9890430015730433,-0.006539816447270712,-3.5120208872917638,2.0
6.5086508650865085,-1.2151899248566254,-0.007393017199625289,-3.682539891715738,2.0
6.50965096509651,-1.0263075127111603,-0.008245803443993067,-3.5349791124478815,2.0
6.510651065106511,-1.040248322502602,-0.009098166895393353,-3.5124661913771114,2.0
6.511651165116512,-1.0742566454236644,-0.009950099276349777,-3.579172062087656,2.0
6.512651265126513,-0.9262988863704041,-0.010801592316965473,-3.5005272947387205,2.0
6.513651365136513,-0.995113031881034,-0.011652637755006821,-3.4699393513812007,2.0
6.514651465146515,-0.9392311446807803,-0.012503227335983214,-3.670496448682321,2.0
6.5156515651565154,-0.9548498913013959,-0.013353352813217086,-3.7864477879165386,2.0
6.516651665166517,-0.928338266873329,-0.014203005947932144,-3.8461592781710423,2.0
6.517651765176518,-0.8167900577368252,-0.015052178509327049,-3.9713896321482296,2.0
6.518651865186519,-0.7378042863633503,-0.01590086227465569,-3.8933215147927345,2.0
6.51965196519652,-0.8901272558077598,-0.01674904902930161,-3.8612959119359935,2.0
6.52065206520652,-0.8811824718366693,-0.017596730566860987,-3.6498072019427514,2.0
6.521652165216522,-0.9180772027036939,-0.018443898689221586,-3.6063795847540265,2.0
6.522652265226522,-0.8769739759337649,-0.01929054520663209,-3.7904685685650863,2.0
6.523652365236524,-0.9915025509477358,-0.020136661937789464,-3.5901851215497467,2.0
6.5246524652465245,-0.9471014015333056,-0.020982240709911906,-3.899443578669589,2.0
6.525652565256526,-0.920303753570668,-0.021827273358818275,-4.021737286253876,2.0
6.526652665266527,-1.02832757190724,-0.022671751729000832,-4.048255033100098,2.0
6.527652765276527,-0.8772277748562696,-0.023515667673712146,-4.058761829714265,2.0
6.528652865286529,-0.9530197127841505,-0.024359013055033667,-4.040487949032584,2.0
6.529652965296529,-0.814248726222516,-0.02520177974395385,-4.096314322859176,2.0
6.530653065306531,-0.9001947698780954,-0.026043959620449898,-4.032112140454632,2.0
6.5316531653165315,-1.0296768793424353,-0.026885544573560825,-4.15950879437247,2.0
6.532653265326533,-0.9468181627459524,-0.027726526501466085,-4.007919355478354,2.0
6.533653365336534,-1.0284461887658953,-0.028566897311557492,-3.9578827477846996,2.0
6.534653465346535,-1.0558719402963797,-0.02940664892052617,-4.039016891597714,2.0
6.535653565356536,-1.1921168196919218,-0.030245773254425574,-4.128178626455676,2.0
6.536653665366536,-1.0887282127614988,-0.031084262248758328,-4.211806020083641,2.0
6.537653765376538,-0.8264283321184503,-0.03192210784854749,-4.449817899214273,2.0
6.5386538653865385,-0.8874088978209916,-0.03275930200841358,-4.407776942335054,2.0
6.53965396539654,-1.0456518663645553,-0.03359583669265141,-4.324514774889308,2.0
6.540654065406541,-0.9199113114547659,-0.0344317038753011,-4.335226698266723,2.0
6.541654165416542,-0.9278254114380077,-0.035266895540234135,-4.221607606470301,2.0
6.542654265426543,-0.7971298519105835,-0.03610140368121559,-4.311348038964462,2.0
6.543654365436543,-0.9219471818002949,-0.03693522030198997,-4.375797030989086,2.0
6.544654465446545,-0.9029838727493361,-0.03776833741635168,-4.513918857742879,2.0
6.5456545654565454,-0.9383236557147494,-0.038600747048221154,-4.6865159159204275,2.0
6.546654665466547,-0.817636108622649,-0.03943244123171975,-4.8194779687257805,2.0
6.547654765476548,-0.6897340317177457,-0.04026341201124472,-4.837594263008301,2.0
6.548654865486549,-0.9469564415252503,-0.04109365144154476,-4.7797827138325015,2.0
6.54965496549655,-0.848731900886956,-0.04192315158779096,-4.79650533354468,2.0
6.55065506550655,-1.085673868305638,-0.04275190452565588,-4.887908967324368,2.0
6.551655165516552,-0.9099089809716573,-0.04357990234138883,-4.929552256765152,2.0
6.552655265526552,-1.0177481142972158,-0.04440713713188168,-5.032924194701534,2.0
6.553655365536554,-0.8424846141348502,-0.0452336010047522,-5.08222100921637,2.0
6.5546554655465545,-0.9403886771860758,-0.04605928607841336,-5.147321437152847,2.0
6.555655565556556,-0.7813883859060391,-0.04688418448214899,-5.173068323757205,2.0
6.556655665566557,-0.6909116687330451,-0.04770828835618363,-5.0757164029712944,2.0
6.557655765576557,-0.9868031873025881,-0.048531589851760766,-5.026686110330881,2.0
6.558655865586559,-0.9839385356336301,-0.04935408113121716,-5.1803056144546105,2.0
6.559655965596559,-0.7380318357156902,-0.05017575436804759,-5.226429452091374,2.0
6.560656065606561,-1.0396890580076723,-0.05099660174698734,-5.1858321871508055,2.0
6.5616561656165615,-0.8225136152062148,-0.051816615464080486,-5.293991336626252,2.0
6.562656265626563,-0.9975032773299294,-0.052635787726754535,-5.284702208638415,2.0
6.563656365636564,-0.8030254028976795,-0.05345411075388943,-5.416579733292352,2.0
6.564656465646565,-0.9137721969300551,-0.054271576775895565,-5.500314079087482,2.0
6.565656565656566,-0.9471594924989332,-0.055088178034782595,-5.437507336125773,2.0
6.566656665666566,-0.7854404747265494,-0.055903906784232404,-5.534714187763576,2.0
6.567656765676568,-0.6448355229176241,-0.05671875528967137,-5.558318471447759,2.0
6.5686568656865685,-0.9144876089768164,-0.05753271582834228,-5.435808324170921,2.0
6.56965696569657,-0.8697792050784507,-0.05834578068937698,-5.364287125358078,2.0
6.570657065706571,-0.8552884060428302,-0.059157942173863456,-5.5081748686354235,2.0
6.571657165716572,-0.8472898344289826,-0.059969192594927584,-5.518970891754036,2.0
6.572657265726573,-0.7861689376551196,-0.06077952427779143,-5.5832330896396725,2.0
6.573657365736573,-0.6423396174724991,-0.06158892955985466,-5.6737781850518925,2.0
6.574657465746575,-0.7540136465402043,-0.06239740079076108,-5.841573760797498,2.0
6.5756575657565755,-0.8187993199027767,-0.06320493033247036,-5.80356224638292,2.0
6.576657665766577,-0.6089895744334619,-0.06401151055932977,-5.893640356401424,2.0
6.577657765776578,-0.6663547568277616,-0.06481713385814014,-5.850810672226537,2.0
6.578657865786579,-0.707658085443489,-0.06562179262823656,-5.912301431461094,2.0
6.57965796579658,-0.6114164172861843,-0.06642547928154573,-5.865077032888664,2.0
6.58065806580658,-0.4598275560863383,-0.06722818624266613,-6.076532422531293,2.0
6.581658165816582,-0.9141062534084865,-0.06802990594893364,-6.2648677750048325,2.0
6.582658265826582,-0.8724915192653174,-0.06883063085049221,-6.193016102662462,2.0
6.583658365836584,-0.6069069829985942,-0.06963035341036435,-6.010255611019776,2.0
6.5846584658465845,-0.7741717514079053,-0.07042906610451631,-5.8833441128545765,2.0
6.585658565856586,-0.6727720590274248,-0.07122676142193736,-5.984148121368876,2.0
6.586658665866587,-0.8256422965654127,-0.07202343186469629,-6.018561695643495,2.0
6.587658765876587,-0.8580911298932768,-0.0728190699480205,-6.062524776876895,2.0
6.588658865886589,-0.7624458605703899,-0.07361366820036035,-6.177388160746489,2.0
6.589658965896589,-0.6194814858358404,-0.07440721916345881,-6.1486718160387355,2.0
6.590659065906591,-0.7589376062978528,-0.07519971539242014,-6.08506086174113,2.0
6.5916591659165915,-0.6684296721650803,-0.07599114945577817,-6.112382212764036,2.0
6.592659265926593,-0.7449121204198627,-0.07678151393556559,-6.095929766432332,2.0
6.593659365936594,-0.6494776461097409,-0.07757080142737838,-6.129389928889588,2.0
6.594659465946595,-0.6415723256252935,-0.07835900454044926,-6.081539343883149,2.0
6.595659565956596,-0.6423482760834611,-0.0791461158977118,-5.963751458380813,2.0
6.596659665966596,-0.7742794374812804,-0.0799321281358689,-5.791311388107051,2.0
6.597659765976598,-0.5565557701763695,-0.08071703390546041,-5.859243933120331,2.0
6.5986598659865985,-0.6333917933211157,-0.0815008258709303,-5.85966552114623,2.0
6.5996599659966,-0.5516781572906366,-0.0822834967106946,-5.946530255056801,2.0
6.600660066006601,-0.417664533565162,-0.08306503911720509,-5.922566904141403,2.0
6.601660166016602,-0.5806954457505582,-0.08384544579702109,-5.902335736099774,2.0
6.602660266026603,-0.5501756007312016,-0.08462470947087285,-5.90603318737729,2.0
6.603660366036603,-0.47929817281055176,-0.08540282287372869,-5.917328528297757,2.0
6.604660466046605,-0.6994840913143208,-0.08617977875486138,-5.80294798833542,2.0
6.6056605660566055,-0.5511894834818394,-0.0869555698779143,-5.871019846605896,2.0
6.606660666066607,-0.3945745400101962,-0.08773018902096819,-5.858126621266415,2.0
6.607660766076608,-0.533470187538813,-0.08850362897660354,-5.719413249460365,2.0
6.608660866086609,-0.4865771877902717,-0.08927588255197133,-5.694201710549571,2.0
6.60966096609661,-0.40821767601354925,-0.09004694256885518,-5.683805577084704,2.0
6.61066106610661,-0.5766053580662426,-0.09081680186373735,-5.70514890830616,2.0
6.611661166116612,-0.5988083672414468,-0.09158545328786384,-5.718807112923774,2.0
6.612661266126612,-0.5490587498455671,-0.09235288970730941,-5.713405517432724,2.0
6.613661366136614,-0.349973056476257,-0.09311910400304325,-5.622459509816988,2.0
6.6146614661466145,-0.5928096249577357,-0.09388408907098904,-5.679136554409077,2.0
6.615661566156616,-0.4937522170479315,-0.0946478378220991,-5.486729045685453,2.0
6.616661666166617,-0.461974560820979,-0.09541034318240642,-5.5215751893817995,2.0
6.617661766176617,-0.3818232541034355,-0.0961715980930982,-5.450643221228827,2.0
6.618661866186619,-0.42983489146394477,-0.09693159551057551,-5.449283468633475,2.0
6.619661966196619,-0.6576349583509647,-0.09769032840651791,-5.442872508150376,2.0
6.620662066206621,-0.32402239677935607,-0.09844778976794759,-5.7120896907773995,2.0
6.6216621662166215,-0.4077612109165655,-0.0992039725972887,-5.724227654205187,2.0
6.622662266226623,-0.2106565332358462,-0.09995886991243995,-5.69011709200503,2.0
6.623662366236624,-0.4404294662883683,-0.10071247474682543,-5.604616204290396,2.0
6.624662466246625,-0.5324731776063555,-0.10146478014946701,-5.869472423292052,2.0
6.625662566256626,-0.4540005899138667,-0.10221577918504265,-5.902913819934626,2.0
6.626662666266626,-0.2850560394228344,-0.10296546493394981,-5.846034410222428,2.0
6.627662766276628,-0.4994795020934031,-0.10371383049236838,-5.815596886839765,2.0
6.6286628662866285,-0.37545140587860715,-0.10446086897231865,-5.77632372956968,2.0
6.62966296629663,-0.3280970722418884,-0.10520657350173279,-5.81950514314258,2.0
6.630663066306631,-0.18607906727058798,-0.1059509372245043,-5.663851206570104,2.0
6.631663166316632,-0.40914568115795047,-0.10669395330055907,-5.728384814879526,2.0
6.632663266326633,-0.2640039862775747,-0.10743561490591272,-5.6932663708832205,2.0
6.633663366336633,-0.4385769271600888,-0.10817591523273228,-5.836488306686459,2.0
6.634663466346635,-0.2941574995971326,-0.10891484748939738,-5.899850398873806,2.0
6.6356635663566355,-0.4588667592895155,-0.10965240490056118,-5.690531569446452,2.0
6.636663666366637,-0.25817886052225647,-0.11038858070721154,-5.683455196187294,2.0
6.637663766376638,-0.4413289537984748,-0.1111233681667284,-5.523144473388656,2.0
6.638663866386639,-0.29755970866730114,-0.11185676055294884,-5.52542687897013,2.0
6.63966396639664,-0.3223678540718198,-0.11258875115622413,-5.584381254135503,2.0
6.64066406640664,-0.3207161253558624,-0.11331933328347991,-5.690368280245992,2.0
6.641664166416642,-0.21036513733554538,-0.11404850025827652,-5.792351060052729,2.0
6.642664266426642,-0.20319034762335544,-0.11477624542086803,-5.857657314612375,2.0
6.643664366436644,-0.19557326307811831,-0.11550256212826258,-5.711981837737511,2.0
6.6446644664466445,-0.21868884934402058,-0.11622744375427814,-5.6920671584360765,2.0
6.645664566456646,0.041388887358608795,-0.11695088368960653,-5.642770268101274,2.0
6.646664666466647,-0.3007644954438857,-0.1176728753418688,-5.645066075832279,2.0
6.647664766476647,-0.14593814782438147,-0.11839341213567438,-5.783890967717895,2.0
6.648664866486649,-0.21242926780956312,-0.1191124875126799,-5.8439020190624245,2.0
6.649664966496649,-0.2662256357078936,-0.11983009493164698,-5.8513288417019105,2.0
6.650665066506651,-0.19776248947351338,-0.12054622786850121,-5.814420249092394,2.0
6.6516651665166515,-0.11175547127722364,-0.12126087981638574,-5.779940966598865,2.0
6.652665266526653,-0.09015418997904914,-0.12197404428572801,-5.84799743983421,2.0
6.653665366536654,-0.22163120357417493,-0.12268571480428554,-5.918785413048628,2.0
6.654665466546655,-0.0418173211208836,-0.1233958849172123,-5.945471287802472,2.0
6.655665566556656,-0.0030907965902026574,-0.1241045481871115,-6.076491726389674,2.0
6.656665666566656,-0.029903137425095663,-0.12481169819409314,-6.022774565106851,2.0
6.657665766576658,-0.2664203524573058,-0.12551732853583175,-5.802489199703928,2.0
6.6586658665866585,-0.02975817448348532,-0.1262214328276184,-5.87376541116399,2.0
6.65966596659666,-0.00031121652693077984,-0.12692400470242612,-5.913181181185101,2.0
6.660666066606661,0.12516111106411132,-0.12762503781095438,-5.846756624668283,2.0
6.661666166616662,0.01552695401317495,-0.12832452582169393,-5.845109868698573,2.0
6.662666266626663,-0.13197681529486627,-0.12902246242097837,-5.753032797823479,2.0
6.663666366636663,0.07101582343311266,-0.1297188413130403,-5.575922813278055,2.0
6.664666466646665,-0.14862039080430622,-0.13041365622006762,-5.762170975761638,2.0
6.6656665666566655,0.18531423679702957,-0.1311069008822541,-5.7238770637187,2.0
6.666666666666667,0.1404765837146271,-0.13179856905786344,-5.782974801118184,2.0
6.667666766676668,0.08323303997992808,-0.13248865452327258,-5.698810854679213,2.0
6.668666866686669,-0.0940394337365789,-0.1331771510730347,-5.6643173008390395,2.0
6.66966696669667,0.03666630744960781,-0.13386405251992972,-5.649160831231267,2.0
6.67066706670667,0.22815309000257253,-0.13454935269501914,-5.801716144052997,2.0
6.671667166716672,-0.03731418459825187,-0.13523304544769946,-5.76312190310835,2.0
6.672667266726672,-0.1400343670285017,-0.13591512464575636,-5.852623970912545,2.0
6.673667366736674,0.089370502625716,-0.1365955841754185,-5.8654238409119275,2.0
6.6746674667466745,0.014156751356987143,-0.13727441794140774,-5.907271060210269,2.0
6.675667566756676,0.09195545307287023,-0.1379516198669967,-6.112535588522746,2.0
6.676667666766677,0.188693244930362,-0.13862718389405876,-6.0500507484857575,2.0
6.677667766776677,-0.02801578375358496,-0.13930110398312112,-6.119484114371024,2.0
6.678667866786679,0.100026777332996,-0.13997337411341718,-6.106236318686065,2.0
6.679667966796679,0.26931548822515466,-0.14064398828293895,-6.0912843576156845,2.0
6.680668066806681,0.10247396269016286,-0.1413129405084897,-6.192977857370784,2.0
6.6816681668166815,0.08110222775084716,-0.14198022482573264,-6.0626322420437635,2.0
6.682668266826683,0.13161723532442088,-0.14264583528924685,-6.047890124842284,2.0
6.683668366836684,0.07941234493229989,-0.14330976597257605,-6.020285701986364,2.0
6.684668466846685,0.10780665542099563,-0.14397201096828094,-6.177534964976259,2.0
6.685668566856686,0.18249930050137422,-0.14463256438798633,-6.210177403084816,2.0
6.686668666866686,0.12552652126694547,-0.14529142036243964,-6.184963252857038,2.0
6.687668766876688,0.2602024319042328,-0.1459485730415544,-6.140820196154801,2.0
6.6886688668866885,0.19971591047108744,-0.14660401659446134,-6.111170282191102,2.0
6.68966896689669,0.2466232491154257,-0.14725774520956247,-6.150875007378688,2.0
6.690669066906691,0.3247621674702663,-0.14790975309457782,-6.1861947498910865,2.0
6.691669166916692,0.28664618203822223,-0.14856003447659558,-6.240875042366073,2.0
6.692669266926693,0.3344209282051485,-0.14920858360212202,-6.404165588099983,2.0
6.693669366936693,0.2894931252188151,-0.14985539473713058,-6.345718086820318,2.0
6.694669466946695,0.23611197292088676,-0.1505004621671115,-6.294821384569261,2.0
6.6956695669566955,0.21893211660414064,-0.15114378019711694,-6.200747274145681,2.0
6.696669666966697,0.24200594813944906,-0.15178534315181821,-6.120889414205894,2.0
6.697669766976698,0.36255919913531975,-0.15242514537554314,-6.139394101709044,2.0
6.698669866986699,0.30949249019511826,-0.15306318123233256,-6.139927543055865,2.0
6.6996699669967,0.16478590330620224,-0.15369944510598513,-5.981871077363954,2.0
6.7006700670067,0.22620381230674794,-0.1543339314001051,-6.04173176195987,2.0
6.701670167016702,0.18101450317379014,-0.15496663453815088,-6.204615259990685,2.0
6.702670267026702,0.19079988203754922,-0.15559754896347885,-6.304435262405474,2.0
6.703670367036704,0.32233517572370163,-0.15622666913939826,-6.296516401870113,2.0
6.7046704670467046,0.45641678536277935,-0.15685398954920798,-6.351958409612126,2.0
6.705670567056706,0.3182565154261423,-0.15747950469625138,-6.214004433068491,2.0
6.706670667066707,0.3084383264671794,-0.15810320910395873,-6.268530760662944,2.0
6.707670767076707,0.34851365819995583,-0.15872509731589451,-6.278804598084923,2.0
6.708670867086709,0.44540834217500946,-0.15934516389580405,-6.181628600113133,2.0
6.709670967096709,0.2840232740037619,-0.1599634034276558,-6.219782883605983,2.0
6.710671067106711,0.5038982207882461,-0.1605798105156946,-5.991803701306964,2.0
6.7116711671167115,0.3049644810808336,-0.1611943797844772,-5.85835024319436,2.0
6.712671267126713,0.28411727288963284,-0.1618071058789252,-6.09825148412291,2.0
6.713671367136714,0.42787555814597855,-0.16241798346436653,-5.956702757755531,2.0
6.714671467146715,0.5357713246293314,-0.16302700722658128,-6.082892300669914,2.0
6.715671567156716,0.3703076390516875,-0.16363417187184293,-6.078268566065526,2.0
6.716671667166716,0.3971047676704883,-0.1642394721269696,-6.157657958658049,2.0
6.717671767176718,0.470523766038377,-0.16484290273936164,-6.014418557518544,2.0
6.7186718671867185,0.5014465302213471,-0.16544445847704625,-5.92614948285199,2.0
6.71967196719672,0.5356595987143581,-0.16604413412872454,-6.014878792731137,2.0
6.720672067206721,0.36001865167889824,-0.16664192450381227,-5.995455707004102,2.0
6.721672167216722,0.5185771113320923,-0.16723782443248403,-5.9292947101888425,2.0
6.722672267226723,0.5369205438877455,-0.16783182876571312,-6.076342853188714,2.0
6.723672367236723,0.43060102469071215,-0.1684239323753208,-6.229081241272624,2.0
6.724672467246725,0.29768838321681246,-0.16901413015401284,-6.123144209491193,2.0
6.7256725672567255,0.4973951951219486,-0.1696024170154224,-6.11818410086442,2.0
6.726672667266727,0.5975596795907283,-0.17018878789415529,-6.030633710180961,2.0
6.727672767276728,0.7085460115155207,-0.17077323774582945,-6.166193446007891,2.0
6.728672867286729,0.2808060032890313,-0.17135576154711743,-6.1284619723438585,2.0
6.72967296729673,0.5097616356599578,-0.1719363542957847,-6.121489649930886,2.0
6.73067306730673,0.6528945091992269,-0.1725150110107374,-6.061942454265591,2.0
6.731673167316732,0.5774572672856776,-0.1730917267320572,-6.0520869886981306,2.0
6.732673267326732,0.7004309121647159,-0.17366649652104202,-6.0511744043458995,2.0
6.733673367336734,0.48794535977927617,-0.174239315460253,-6.263714022991294,2.0
6.7346734673467346,0.5774050613955584,-0.1748101786535458,-6.267071437960682,2.0
6.735673567356736,0.8033244817984512,-0.1753790812261174,-6.359849567140797,2.0
6.736673667366737,0.6214003869224756,-0.1759460183245429,-6.314416681560086,2.0
6.737673767376737,0.7842841077937969,-0.17651098511681573,-6.390072598059772,2.0
6.738673867386739,0.6023569715500101,-0.17707397679238732,-6.323323931026225,2.0
6.739673967396739,0.8139142527857179,-0.1776349885622032,-6.283501304679947,2.0
6.740674067406741,0.6787195514008567,-0.17819401565874907,-6.198430322365117,2.0
6.7416741674167415,0.6068099217395682,-0.17875105333608013,-6.090415382725265,2.0
6.742674267426743,0.6736668669833884,-0.1793060968698666,-6.157260270809401,2.0
6.743674367436744,0.688682442342105,-0.17985914155742883,-6.19012121873682,2.0
6.744674467446745,0.5778073858854766,-0.18041018271777665,-6.287136948640703,2.0
6.745674567456746,0.6478804748587675,-0.18095921569164397,-6.415245515280823,2.0
6.746674667466746,0.7027155305102605,-0.18150623584153006,-6.654713411296196,2.0
6.747674767476748,0.6403207918892744,-0.1820512385517371,-6.7975844699658445,2.0
6.7486748674867485,0.859344358855862,-0.1825942192284016,-6.817053027701061,2.0
6.74967496749675,0.8272575351606545,-0.1831351732995374,-6.606149405849688,2.0
6.750675067506751,0.7961547157071819,-0.1836740962150694,-6.653284085633832,2.0
6.751675167516752,0.7460002643577454,-0.18421098344687065,-6.62407159750585,2.0
6.752675267526753,0.78669721915616,-0.18474583048879561,-6.507306761051929,2.0
6.753675367536753,0.7186431022090113,-0.1852786328567225,-6.492053445609802,2.0
6.754675467546755,0.5043660925676797,-0.18580938608858263,-6.408671266974469,2.0
6.7556755675567555,0.8158923141433153,-0.186338085744397,-6.226409490183996,2.0
6.756675667566757,0.8129062669374562,-0.18686472740631457,-6.219929364840219,2.0
6.757675767576758,0.6665243280052464,-0.18738930667864423,-6.272398672979417,2.0
6.758675867586759,0.8690120455379978,-0.1879118191878913,-6.297776877427638,2.0
6.75967596759676,0.7927931794585591,-0.1884322605827884,-6.155049564286642,2.0
6.76067606760676,1.0079232901201651,-0.1889506265343363,-6.168327681389424,2.0
6.761676167616762,0.7476575286687882,-0.18946691273583202,-6.204270233229895,2.0
6.762676267626762,0.731458320235826,-0.1899811149029034,-6.124684680868461,2.0
6.763676367636764,0.7747638022611936,-0.19049322877354563,-6.273702730397568,2.0
6.764676467646765,0.8571159495875322,-0.19100325010815208,-6.229856956616935,2.0
6.765676567656766,0.6503859950519494,-0.1915111746895486,-6.326955700350657,2.0
6.766676667666767,0.6337013633960347,-0.19201699832302332,-6.297581346580123,2.0
6.767676767676767,0.8206585077994396,-0.1925207168363652,-6.190048241276924,2.0
6.768676867686769,0.807462208791772,-0.19302232607989098,-6.303072734208377,2.0
6.769676967696769,0.934682893559526,-0.19352182192647807,-6.27673245780494,2.0
6.770677067706771,0.898429990467388,-0.1940192002715991,-6.409100977841849,2.0
6.7716771677167715,0.9149839260167388,-0.19451445703335143,-6.124865025645602,2.0
6.772677267726773,0.7281175738753982,-0.19500758815248903,-6.04831533219948,2.0
6.773677367736774,0.7401474085827844,-0.19549858959245367,-5.982368684274711,2.0
6.774677467746775,0.8587577839579706,-0.1959874573394064,-6.081222487145947,2.0
6.775677567756776,0.9434749366292143,-0.19647418740225592,-6.1440617915362425,2.0
6.776677667766776,0.7944531318242631,-0.19695877581269203,-6.034101163313191,2.0
6.777677767776778,1.0891174867117908,-0.1974412186252163,-5.991013013618798,2.0
6.7786778677867785,0.9818268418259362,-0.1979215119171668,-5.865493142092768,2.0
6.77967796779678,0.8331755408020581,-0.1983996517887539,-5.709869122092701,2.0
6.780678067806781,0.834237724845735,-0.19887563436308656,-5.8405051275591475,2.0
6.781678167816782,1.0667676736682083,-0.19934945578620272,-5.910923158699497,2.0
6.782678267826783,0.7934272051566602,-0.19982111222709648,-5.959143433904458,2.0
6.783678367836783,0.8781103439348995,-0.20029059987774916,-5.9255949005502595,2.0
6.784678467846785,0.7482316216470104,-0.2007579149531587,-6.050011092788583,2.0
6.7856785678567855,0.8999349659520725,-0.20122305369136312,-5.982749158123591,2.0
6.786678667866787,0.682884389593718,-0.20168601235347353,-6.0130047478016415,2.0
6.787678767876788,1.096730098641457,-0.20214678722369991,-6.071897829910902,2.0
6.788678867886789,1.0676447695955473,-0.20260537460937925,-6.088491696008436,2.0
6.78967896789679,0.9134608036629026,-0.20306177084100102,-5.901392165883035,2.0
6.79067906790679,0.9405883873620354,-0.20351597227223678,-5.990709910253389,2.0
6.791679167916792,0.8590484473247635,-0.2039679752799677,-6.12547405497798,2.0
6.792679267926792,0.9774619112374388,-0.20441777626430654,-6.152674156374194,2.0
6.793679367936794,0.8624099638275315,-0.20486537164862875,-6.153077695450342,2.0
6.794679467946795,0.9435119995783444,-0.20531075787959674,-6.072844314231925,2.0
6.795679567956796,1.0284569782646025,-0.20575393142718634,-6.1460573878944444,2.0
6.796679667966797,1.0091855649003296,-0.20619488878470985,-6.137656952384612,2.0
6.797679767976797,1.0588990444601216,-0.20663362646884684,-6.317025505361482,2.0
6.798679867986799,1.0403971857193133,-0.20707014101966464,-6.4749826671487485,2.0
6.799679967996799,0.9289449487881497,-0.20750442900064375,-6.468515374323488,2.0
6.800680068006801,1.0546105464812614,-0.20793648699870487,-6.399372106570308,2.0
6.8016801680168015,0.969371868542508,-0.20836631162423186,-6.3690822645003635,2.0
6.802680268026803,0.8352547125452802,-0.20879389951109636,-6.36482006287766,2.0
6.803680368036804,0.8561330904292057,-0.20921924731667943,-6.444660110075294,2.0
6.804680468046805,0.8089047714483901,-0.20964235172190124,-6.211539985436165,2.0
6.805680568056806,0.9442046158177022,-0.21006320943123674,-6.257850998276965,2.0
6.806680668066806,1.0256715083133885,-0.21048181717274497,-6.3882665726501004,2.0
6.807680768076808,0.8315173972853404,-0.21089817169808941,-6.226951638173627,2.0
6.8086808680868085,0.9897593259193734,-0.21131226978256124,-6.335766342759403,2.0
6.80968096809681,0.9417779972469219,-0.21172410822510215,-6.239728840126239,2.0
6.810681068106811,0.9896723674871263,-0.2121336838483243,-6.34644710796226,2.0
6.811681168116812,1.0261291504844314,-0.21254099349853806,-6.460443431263856,2.0
6.812681268126813,0.935936494772291,-0.21294603404576623,-6.409813565604878,2.0
6.813681368136813,1.1901280120945283,-0.2133488023837715,-6.458647170800994,2.0
6.814681468146815,0.9688318732360905,-0.21374929543007506,-6.391823762074803,2.0
6.8156815681568155,0.9792751434351541,-0.2141475101259782,-6.415702055087832,2.0
6.816681668166817,0.8130503394950515,-0.21454344343658313,-6.596438763739082,2.0
6.817681768176818,0.9753421049081363,-0.21493709235081362,-6.600560777709941,2.0
6.818681868186819,1.0370151225055269,-0.21532845388143534,-6.596118042348255,2.0
6.81968196819682,1.108975751393341,-0.21571752506507458,-6.34965547569478,2.0
6.82068206820682,0.897377975457332,-0.21610430296224029,-6.435619115977558,2.0
6.821682168216822,0.937535899896817,-0.21648878465734397,-6.391383075138192,2.0
6.822682268226822,1.0328947386472727,-0.21687096725871477,-6.423102871119221,2.0
6.823682368236824,1.0888308435198435,-0.21725084789862345,-6.134947177507144,2.0
6.824682468246825,0.9209052002724482,-0.21762842373329883,-6.207386558334522,2.0
6.825682568256826,1.0896602001127471,-0.21800369194294716,-6.178323099971873,2.0
6.826682668266827,1.0937345326685457,-0.2183766497317688,-6.006055370060122,2.0
6.827682768276827,0.9803997825181435,-0.21874729432797868,-6.1108992366190265,2.0
6.828682868286829,1.0143787314819912,-0.2191156229838243,-6.24511366556022,2.0
6.829682968296829,0.9977126836251121,-0.21948163297559953,-6.2447048693338525,2.0
6.830683068306831,1.0959383068987762,-0.21984532160366663,-6.274876676042718,2.0
6.8316831683168315,1.1551061247032854,-0.22020668619247072,-6.251521397330792,2.0
6.832683268326833,1.113764554956332,-0.22056572409055772,-6.171307975186778,2.0
6.833683368336834,0.8093995188065507,-0.2209224326705896,-6.233329146079664,2.0
6.834683468346835,1.1584297846050564,-0.22127680932936267,-6.154700794897228,2.0
6.835683568356836,0.9844827777171138,-0.22162885148782263,-6.192891359999982,2.0
6.836683668366836,1.112104685722346,-0.22197855659108062,-6.3417105038208526,2.0
6.837683768376838,1.0377589841519181,-0.22232592210842886,-6.195935947633382,2.0
6.8386838683868385,1.0290568959450188,-0.22267094553335612,-6.105349706794833,2.0
6.83968396839684,0.8831314801726944,-0.22301362438356329,-6.10975270111501,2.0
6.840684068406841,1.0613020030055318,-0.22335395620097617,-6.106076192316467,2.0
6.841684168416842,0.8269592395893883,-0.22369193855176478,-5.978307861714655,2.0
6.842684268426843,0.8751181920443339,-0.22402756902635204,-5.982926774178131,2.0
6.843684368436843,1.1204695024521572,-0.22436084523943214,-6.158940323450999,2.0
6.844684468446845,0.8219244416781997,-0.22469176482998288,-6.1056062325747735,2.0
6.8456845684568455,0.832745935190633,-0.22502032546127954,-6.063127630905368,2.0
6.846684668466847,1.0098806846583457,-0.2253465248209086,-5.991541353253453,2.0
6.847684768476848,1.0829885975045694,-0.2256703606207792,-6.210897172054085,2.0
6.848684868486849,1.0286465824733488,-0.22599183059714023,-6.196966581452891,2.0
6.84968496849685,1.1591307148773433,-0.22631093251058776,-6.173203255559466,2.0
6.85068506850685,0.8975434813320353,-0.22662766414608138,-6.228570946789843,2.0
6.851685168516852,0.8916364355643784,-0.2269420233129548,-6.270531805887259,2.0
6.8526852685268524,0.9127752416532879,-0.22725400784492839,-6.356957600674682,2.0
6.853685368536854,1.0798028997794944,-0.2275636156001206,-6.502316354945781,2.0
6.854685468546855,0.9407259531258995,-0.22787084446105807,-6.394857141530178,2.0
6.855685568556856,1.108853017208848,-0.228175692334691,-6.530555496347053,2.0
6.856685668566857,1.0462225994419923,-0.22847815715239866,-6.487394348546957,2.0
6.857685768576857,1.036833924736258,-0.2287782368700038,-6.380823983650064,2.0
6.858685868586859,0.9089511315955338,-0.22907592946778335,-6.181909730083935,2.0
6.859685968596859,0.9290556943505422,-0.2293712329504753,-6.096131217856033,2.0
6.860686068606861,0.8375068585756309,-0.2296641453472921,-5.975270240600313,2.0
6.8616861686168615,0.9954218705831406,-0.22995466471192894,-5.794646905074439,2.0
6.862686268626863,0.9754808445147984,-0.23024278912257373,-5.837443004113663,2.0
6.863686368636864,1.0714369339686431,-0.23052851668191504,-5.992009793722499,2.0
6.864686468646865,0.8845892925456051,-0.23081184551715303,-5.955791631928442,2.0
6.865686568656866,0.9227685047823391,-0.23109277378000717,-6.062188818475117,2.0
6.866686668666866,0.9539735148971376,-0.2313712996467247,-6.09378360428826,2.0
6.867686768676868,0.9650407383287977,-0.23164742131808902,-6.134262358308311,2.0
6.8686868686868685,0.9190687229857927,-0.231921137019428,-6.118402731481,2.0
6.86968696869687,1.1311176510706054,-0.23219244500062153,-6.054379533632704,2.0
6.870687068706871,1.0753987842883397,-0.2324613435361082,-6.255631466322599,2.0
6.871687168716872,0.9712500819197202,-0.2327278309248944,-6.240654312433858,2.0
6.872687268726873,1.1499432256870277,-0.23299190549055995,-6.416013831864297,2.0
6.873687368736873,0.985411324306328,-0.2332535655812652,-6.503038434774625,2.0
6.874687468746875,0.8863169485402633,-0.23351280956975773,-6.455474824789356,2.0
6.8756875687568755,0.9786454985514256,-0.23376963585337862,-6.313568096111899,2.0
6.876687668766877,0.8434602644913671,-0.23402404285406853,-6.32845333859946,2.0
6.877687768776878,0.7096607300042657,-0.23427602901837233,-6.3873048072890795,2.0
6.878687868786879,0.8787024258723546,-0.23452559281744792,-6.5836522683091845,2.0
6.87968796879688,0.9341586774586365,-0.23477273274706706,-6.77504665257103,2.0
6.88068806880688,0.8527244683284776,-0.2350174473276239,-6.758083116411,2.0
6.881688168816882,0.9513171007994735,-0.23525973510413847,-6.855371756945927,2.0
6.8826882688268824,0.7159419418644926,-0.23549959464626125,-6.756664663626463,2.0
6.883688368836884,0.8295853456219613,-0.2357370245482779,-6.762896678207167,2.0
6.884688468846885,0.900795129132338,-0.23597202342911205,-6.666872577837364,2.0
6.885688568856886,0.8823525021501156,-0.23620458993233207,-6.703972090771131,2.0
6.886688668866887,0.8381165451012914,-0.23643472272615063,-6.801251987539178,2.0
6.887688768876887,0.8711009696732571,-0.2366624205034314,-6.755453927584286,2.0
6.888688868886889,0.8657481081758636,-0.23688768198169058,-6.70354274788038,2.0
6.889688968896889,0.790741750175899,-0.2371105059031,-6.5763633982092005,2.0
6.890689068906891,0.6933065284626879,-0.2373308910344902,-6.663227316581391,2.0
6.8916891689168915,1.054482884715389,-0.23754883616735106,-6.625466539860937,2.0
6.892689268926893,0.9673946449970756,-0.23776434011783718,-6.538751675750838,2.0
6.893689368936894,0.8375468512976728,-0.237977401726766,-6.5950818918602465,2.0
6.894689468946895,0.74953568978483,-0.23818801985962215,-6.750371394682806,2.0
6.895689568956896,0.8162238731126079,-0.23839619340655788,-6.71537215916413,2.0
6.896689668966896,0.7571757975864245,-0.23860192128239366,-6.607733838829329,2.0
6.897689768976898,0.843109693802514,-0.23880520242662007,-6.518620275383093,2.0
6.8986898689868985,0.8100170758203382,-0.23900603580339796,-6.499675828765392,2.0
6.8996899689969,0.816187545411718,-0.23920442040155876,-6.504493762969407,2.0
6.900690069006901,0.8338595896408106,-0.2394003552346044,-6.616089083561867,2.0
6.901690169016902,0.878550319173573,-0.2395938393407079,-6.57058110480964,2.0
6.902690269026903,0.6577237225956027,-0.23978487178271285,-6.429314718727321,2.0
6.903690369036903,0.6059065135417008,-0.23997345164813239,-6.361540355443654,2.0
6.904690469046905,0.9085761627952347,-0.2401595780491487,-6.2395835424465504,2.0
6.9056905690569055,0.828608983761679,-0.24034325012261187,-6.205136396671003,2.0
6.906690669066907,0.6426665208292316,-0.24052446703003907,-6.122140161195361,2.0
6.907690769076908,0.7810152691000012,-0.24070322795761154,-6.108156682595556,2.0
6.908690869086909,0.7252776687393909,-0.24087953211617463,-6.1189493363432135,2.0
6.90969096909691,0.7098271940756123,-0.24105337874123464,-6.27354039528387,2.0
6.91069106910691,0.7826646564790158,-0.24122476709295687,-6.407465840355528,2.0
6.911691169116912,0.7484493205948755,-0.24139369645616293,-6.321921390779214,2.0
6.9126912691269125,0.8185561924238233,-0.24156016614032805,-6.532300737350266,2.0
6.913691369136914,0.7081670501834528,-0.24172417547957836,-6.65870340754212,2.0
6.914691469146915,0.674265990957728,-0.24188572383268675,-6.469693491137891,2.0
6.915691569156916,0.5381257433314164,-0.24204481058307023,-6.531439396261508,2.0
6.916691669166917,0.7685715570161489,-0.24220143513878634,-6.53951025547951,2.0
6.917691769176917,0.6865197936970645,-0.24235559693252812,-6.529570545208017,2.0
6.918691869186919,0.8702314803015084,-0.2425072954216207,-6.4713234118022,2.0
6.919691969196919,0.5666889725582471,-0.2426565300880168,-6.355190371942994,2.0
6.920692069206921,0.7873382447865782,-0.2428033004382917,-6.322820291055082,2.0
6.9216921692169215,0.6790652895170423,-0.24294760600363788,-6.4044107579596705,2.0
6.922692269226923,0.6728107458899877,-0.24308944633986157,-6.433264428425376,2.0
6.923692369236924,0.7830926600631283,-0.24322882102737486,-6.44808707120232,2.0
6.924692469246925,0.7900671817859455,-0.24336572967119174,-6.347242575046908,2.0
6.925692569256926,0.5104291709876123,-0.2435001719009218,-6.17138297679302,2.0
6.926692669266926,0.8961371868512642,-0.24363214737076394,-6.215668525622618,2.0
6.927692769276928,0.6813253011090808,-0.2437616557594997,-6.164390359160549,2.0
6.9286928692869285,0.4806261124078357,-0.24388869677048663,-6.256264262537676,2.0
6.92969296929693,0.6472989449689998,-0.24401327013165278,-6.320400130215887,2.0
6.930693069306931,0.6045012386402699,-0.24413537559548712,-6.278937779638004,2.0
6.931693169316932,0.6925318796647402,-0.24425501293903398,-6.2901627376623015,2.0
6.932693269326933,0.5836106020029537,-0.2443721819638853,-6.401989296921776,2.0
6.933693369336933,0.501829784807957,-0.24448688249617198,-6.481643858883432,2.0
6.934693469346935,0.5941819057210079,-0.24459911438655638,-6.530651745693243,2.0
6.9356935693569355,0.5570210871974691,-0.24470887751022352,-6.489692441449974,2.0
6.936693669366937,0.6404882393199552,-0.24481617176687356,-6.5505466781104715,2.0
6.937693769376938,0.3520551383710395,-0.24492099708071147,-6.597814594234015,2.0
6.938693869386939,0.4322143210483925,-0.2450233534004391,-6.400326582998762,2.0
6.93969396939694,0.5526058238271808,-0.2451232406992457,-6.504180392217989,2.0
6.94069406940694,0.5524670262385489,-0.24522065897479794,-6.492674511995848,2.0
6.941694169416942,0.46269845164582674,-0.2453156082492306,-6.530738165430401,2.0
6.9426942694269425,0.8238880394461032,-0.2454080885691365,-6.534574946102852,2.0
6.943694369436944,0.40622481980928665,-0.24549810000555614,-6.546096643108395,2.0
6.944694469446945,0.682175275364466,-0.24558564265396685,-6.4190767570665415,2.0
6.945694569456946,0.5571210795923995,-0.24567071663427292,-6.506501496208301,2.0
6.946694669466947,0.4449893484460422,-0.24575332209079415,-6.685571399297686,2.0
6.947694769476947,0.5097368202295527,-0.2458334591922545,-6.672288740870332,2.0
6.948694869486949,0.4192365651836335,-0.245911128131771,-6.648721091294262,2.0
6.949694969496949,0.3555792768283071,-0.24598632912684185,-6.6590371887078845,2.0
6.950695069506951,0.5721124908491355,-0.24605906241933465,-6.655200218678509,2.0
6.9516951695169515,0.38999782862523275,-0.2461293282754741,-6.5657986337141185,2.0
6.952695269526953,0.5035129277484005,-0.24619712698582977,-6.731012982157456,2.0
6.953695369536954,0.25200786054286906,-0.24626245886530346,-6.773949122743533,2.0
6.954695469546955,0.5708547120776761,-0.24632532425311643,-6.679586848796156,2.0
6.955695569556956,0.4259927971712544,-0.2463857235127958,-6.702125563208009,2.0
6.956695669566956,0.4605762676133254,-0.24644365703216212,-6.741768323813324,2.0
6.957695769576958,0.3713418060181218,-0.24649912522331513,-6.781055419214244,2.0
6.9586958695869585,0.23316520563211435,-0.2465521285226199,-6.7444253636454015,2.0
6.95969596959696,0.1646854341266028,-0.2466026673906936,-6.644420113048856,2.0
6.960696069606961,0.5839337813345489,-0.24665074231239,-6.634400854111513,2.0
6.961696169616962,0.4646286862404032,-0.24669635379678626,-6.740005867962366,2.0
6.962696269626963,0.519445447357564,-0.24673950237716735,-6.715817286445449,2.0
6.963696369636963,0.38742795573568656,-0.2467801886110113,-6.800740204665441,2.0
6.964696469646965,0.3270060931130699,-0.24681841307997418,-6.667483323381358,2.0
6.9656965696569655,0.24924315813001335,-0.24685417638987422,-6.824798405347924,2.0
6.966696669666967,0.32648399689832086,-0.24688747917067683,-6.8927774708948055,2.0
6.967696769676968,0.2769796989299491,-0.24691832207647804,-6.648642356187725,2.0
6.968696869686969,0.29202096413860923,-0.24694670578548866,-6.668987880523215,2.0
6.96969696969697,0.3618338071231699,-0.24697263100001798,-6.654660494353236,2.0
6.97069706970697,0.23633626128844828,-0.24699609844645712,-6.525257477603475,2.0
6.971697169716972,0.13830397611041875,-0.24701710887526201,-6.403348790862672,2.0
6.9726972697269725,0.16700839975882245,-0.24703566306093644,-6.292867067622922,2.0
6.973697369736974,0.36126510244620036,-0.24705176180201516,-6.516183909986132,2.0
6.974697469746975,0.15179703826937363,-0.24706540592104567,-6.51569061597029,2.0
6.975697569756976,0.2609131351742922,-0.2470765962645708,-6.474438212216699,2.0
6.976697669766977,0.1673640715932118,-0.24708533370311084,-6.331840470969392,2.0
6.977697769776977,0.22330390718048682,-0.24709161913114533,-6.3256269124504145,2.0
6.978697869786979,0.22882266481944713,-0.24709545346709413,-6.280537285002698,2.0
6.979697969796979,0.12501684656206258,-0.24709683765329937,-6.365757293501823,2.0
6.980698069806981,0.34432040727583624,-0.24709577265600632,-6.5606924349598446,2.0
6.9816981698169815,0.2017547805617233,-0.24709225946534408,-6.621522685841413,2.0
6.982698269826983,0.110882698908426,-0.2470862990953061,-6.5969198217889335,2.0
6.983698369836984,0.20705122045330787,-0.2470778925837315,-6.596483537007308,2.0
6.984698469846985,0.10023181241398188,-0.24706704099228396,-6.546161028184023,2.0
6.985698569856986,0.11159314360162384,-0.24705374540643246,-6.449561149126708,2.0
6.986698669866986,0.21458187688846192,-0.24703800693543104,-6.448035902758464,2.0
6.987698769876988,0.10390054517005944,-0.24701982671229783,-6.457672241270625,2.0
6.9886988698869885,0.21918118186180682,-0.2469992058937947,-6.412842452124089,2.0
6.98969896989699,0.03822740847045032,-0.24697614566040618,-6.444594922880538,2.0
6.990699069906991,0.13339582351222273,-0.2469506472163183,-6.505142529576474,2.0
6.991699169916992,-0.04926782064511186,-0.24692271178939693,-6.616662019425807,2.0
6.992699269926993,0.28231602068157974,-0.2468923406311666,-6.634561314590548,2.0
6.993699369936993,0.10849917944660491,-0.24685953501678842,-6.520870913973946,2.0
6.994699469946995,0.06748037988112768,-0.2468242962450377,-6.5203894239606415,2.0
6.9956995699569955,0.17833848931483862,-0.24678662563828213,-6.537432850537684,2.0
6.996699669966997,-0.08354319754947281,-0.2467465245424589,-6.527477730569268,2.0
6.997699769976998,-0.07199352767197342,-0.24670399432705223,-6.4093364677245805,2.0
6.998699869986999,-0.06988082250522111,-0.24665903638506975,-6.318091599587344,2.0
6.999699969997,0.03242561103276119,-0.24661165213302033,-6.378054059531822,2.0
7.000700070007,0.06330671754609539,-0.24656184301088963,-6.400193898388098,2.0
7.001700170017002,-0.0395163920681445,-0.24650961048211684,-6.439275095561875,2.0
7.0027002700270025,-0.04604918821399577,-0.2464549560335712,-6.565754260355056,2.0
7.003700370037004,-0.07149159246461545,-0.24639788117552705,-6.441581078998403,2.0
7.004700470047005,-0.03184941057464498,-0.24633838744164022,-6.555199944734385,2.0
7.005700570057006,0.05168921906708137,-0.24627647638892317,-6.60018811312176,2.0
7.006700670067007,0.08670941814797112,-0.2462121495977204,-6.495894946554962,2.0
7.007700770077007,0.07960891963807122,-0.24614540867168297,-6.465542666382351,2.0
7.008700870087009,0.055296809238779776,-0.24607625523774398,-6.581801340202124,2.0
7.009700970097009,-0.1149093061254039,-0.24600469094609276,-6.513386020152907,2.0
7.010701070107011,-0.10278559125374485,-0.24593071747014902,-6.480573424683728,2.0
7.0117011701170116,0.06594970599558124,-0.24585433650653749,-6.53713501057953,2.0
7.012701270127013,-0.01147348328493547,-0.24577554977506147,-6.183700305695715,2.0
7.013701370137014,-0.06874365029166679,-0.24569435901867656,-6.317640627270229,2.0
7.014701470147015,0.025634343678115568,-0.24561076600346396,-6.148679766893536,2.0
7.015701570157016,-0.07309206009713062,-0.2455247725186045,-6.159991188087872,2.0
7.016701670167016,-0.25202133590393905,-0.24543638037635054,-6.0714122935475565,2.0
7.017701770177018,-0.20251255966679804,-0.24534559141199935,-5.998674279857296,2.0
7.0187018701870185,-0.13233235301172624,-0.24525240748386615,-5.937636550841206,2.0
7.01970197019702,-0.18304122876962003,-0.2451568304732556,-5.930491996641422,2.0
7.020702070207021,0.019289961613680406,-0.24505886228443455,-5.92205212563063,2.0
7.021702170217022,-0.4712935930414641,-0.2449585048446038,-5.8521268986946575,2.0
7.022702270227023,-0.14750105800011185,-0.24485576010387014,-5.781269642787452,2.0
7.023702370237023,-0.29032490199261046,-0.24475063003521697,-5.771261799855847,2.0
7.024702470247025,-0.16478923065942958,-0.24464311663447663,-5.887711945012256,2.0
7.0257025702570255,-0.3055685466873621,-0.2445332219203013,-6.024577179317081,2.0
7.026702670267027,-0.3257574461693742,-0.24442094793413296,-6.186926403628786,2.0
7.027702770277028,-0.07443287097823492,-0.24430629674017537,-6.204872344044358,2.0
7.028702870287029,-0.3968959497197779,-0.24418927042536334,-6.186539038119031,2.0
7.02970297029703,-0.12381871828812369,-0.24406987109933415,-6.178507773409736,2.0
7.03070307030703,-0.16286406609835707,-0.24394810089439598,-6.13464750158624,2.0
7.031703170317032,-0.42024566814970743,-0.24382396196549933,-6.107523648567987,2.0
7.0327032703270325,-0.4151542934161995,-0.24369745649020577,-6.0362849783222465,2.0
7.033703370337034,-0.20220778534673453,-0.2435685866686572,-6.135003396460754,2.0
7.034703470347035,-0.4659299183629292,-0.24343735472354558,-6.104465051957317,2.0
7.035703570357036,-0.18532214758173368,-0.2433037629000812,-6.1123294912199455,2.0
7.036703670367037,-0.31983830319517104,-0.24316781346596245,-6.166278621986639,2.0
7.037703770377037,-0.404345099000439,-0.243029508711343,-6.0641943594843735,2.0
7.038703870387039,-0.3544646581326192,-0.24288885094880086,-6.020536500082274,2.0
7.039703970397039,-0.29136688778136977,-0.24274584251330728,-6.063220411551514,2.0
7.040704070407041,-0.38688159470366706,-0.24260048576219267,-6.0379966736581645,2.0
7.0417041704170416,-0.2323803701996249,-0.24245278307511653,-5.916561521532421,2.0
7.042704270427043,-0.3587165205722409,-0.24230273685403309,-6.1242195628722635,2.0
7.043704370437044,-0.5313474356270573,-0.24215034952315975,-6.245097082165067,2.0
7.044704470447045,-0.423244827364436,-0.2419956235289436,-6.10162655810419,2.0
7.045704570457046,-0.44033902888245036,-0.24183856134002885,-6.130218722647985,2.0
7.046704670467046,-0.3691802828000891,-0.24167916544722262,-6.120423118273263,2.0
7.047704770477048,-0.48867724011344826,-0.24151743836346182,-6.176191150716544,2.0
7.0487048704870485,-0.5445789740023043,-0.24135338262378,-6.172086943150418,2.0
7.04970497049705,-0.5213075796808821,-0.2411870007852723,-6.156416642358637,2.0
7.050705070507051,-0.42589771594139525,-0.24101829542706224,-6.306155411015332,2.0
7.051705170517052,-0.5784464819538436,-0.2408472691502664,-6.357534472716541,2.0
7.052705270527053,-0.3970335573046121,-0.24067392457796108,-6.503619696592349,2.0
7.053705370537053,-0.31277842184444105,-0.2404982643551465,-6.29793039574167,2.0
7.054705470547055,-0.7530766998448013,-0.2403202911487116,-6.277309245200989,2.0
7.0557055705570555,-0.35532616301196396,-0.24014000764740032,-6.100154577345815,2.0
7.056705670567057,-0.47683313100585417,-0.23995741656177486,-5.942239655837287,2.0
7.057705770577058,-0.7505403391195324,-0.2397725206241805,-5.942132223700898,2.0
7.058705870587059,-0.6899946971805742,-0.2395853225887097,-5.761160344448079,2.0
7.05970597059706,-0.48369998867035374,-0.23939582523116704,-5.8939252968714575,2.0
7.06070607060706,-0.5579075904919607,-0.23920403134903118,-6.08842555387602,2.0
7.061706170617062,-0.5459972712303527,-0.2390099437614199,-6.108187221992335,2.0
7.0627062706270625,-0.5651423947034154,-0.23881356530905362,-6.0303107713631094,2.0
7.063706370637064,-0.7945520062143299,-0.2386148988542177,-6.013920870359763,2.0
7.064706470647065,-0.5365701769276201,-0.23841394728072587,-6.038438514653844,2.0
7.065706570657066,-0.710584980156513,-0.23821071349388293,-5.872031000394626,2.0
7.066706670667067,-0.5470551760060198,-0.2380052004204483,-5.686995431560339,2.0
7.067706770677067,-0.7217212096029348,-0.23779741100859647,-5.794652872958559,2.0
7.068706870687069,-0.4944211738873608,-0.23758734822788077,-5.671431270128517,2.0
7.069706970697069,-0.7495157776331277,-0.2373750150691957,-5.738094829891668,2.0
7.070707070707071,-0.6336950487692964,-0.23716041454473713,-5.785884773853763,2.0
7.0717071707170716,-0.41253331255106557,-0.23694354968796533,-5.657127431977192,2.0
7.072707270727073,-0.5875511832915281,-0.23672442355356554,-5.602279760635413,2.0
7.073707370737074,-0.6006481613155192,-0.23650303921741053,-5.652017195290193,2.0
7.074707470747075,-0.8382021617598822,-0.23627939977651918,-5.71464634361633,2.0
7.075707570757076,-0.6887412114218753,-0.2360535083490203,-5.525735968714575,2.0
7.076707670767076,-0.6050851512668246,-0.23582536807411122,-5.497491791775731,2.0
7.077707770777078,-0.7007208361114676,-0.2355949821120188,-5.586010757205739,2.0
7.0787078707870785,-0.8870775649903482,-0.23536235364395997,-5.754675732644628,2.0
7.07970797079708,-0.6958760376034353,-0.23512748587210158,-5.785031793783141,2.0
7.080708070807081,-0.7753706805397246,-0.2348903820195205,-5.766721572843555,2.0
7.081708170817082,-0.49999780595172827,-0.2346510453301625,-5.828593688032236,2.0
7.082708270827083,-0.6745236583456398,-0.23440947906880366,-5.793248541678496,2.0
7.083708370837083,-0.8299271598818977,-0.2341656865210075,-5.769522391698317,2.0
7.084708470847085,-0.75045944350915,-0.23391967099308458,-5.694300846903625,2.0
7.0857085708570855,-0.7450479856622652,-0.23367143581205338,-5.67221083169415,2.0
7.086708670867087,-0.6659786095656834,-0.2334209843255964,-5.702901239040156,2.0
7.087708770877088,-0.5761708080926626,-0.23316831990202025,-5.684954020928333,2.0
7.088708870887089,-0.6996225138222971,-0.23291344593021351,-5.788354699886458,2.0
7.08970897089709,-0.9909533953791734,-0.2326563658196057,-6.0860357872163515,2.0
7.09070907090709,-0.7267652089356812,-0.23239708300012404,-5.9404287794004365,2.0
7.091709170917092,-0.6465617623135183,-0.2321356009221514,-5.960909926271942,2.0
7.0927092709270925,-0.7622697299232959,-0.2318719230564858,-6.230696222975569,2.0
7.093709370937094,-0.7513886173893114,-0.23160605289429523,-6.17757329041133,2.0
7.094709470947095,-0.8065431130057233,-0.23133799394707663,-6.002004819400052,2.0
7.095709570957096,-0.6164735135865368,-0.23106774974661215,-5.9312459009731135,2.0
7.096709670967097,-0.6322217925017256,-0.23079532384492712,-6.035910273311519,2.0
7.097709770977097,-0.7599899835553409,-0.2305207198142453,-5.990669406429639,2.0
7.098709870987099,-0.7942630779578925,-0.23024394124694555,-6.07139718586166,2.0
7.099709970997099,-0.7900299743470472,-0.22996499175552015,-6.132167719566141,2.0
7.100710071007101,-0.8659607584560816,-0.22968387497252835,-6.042755658108071,2.0
7.101710171017102,-0.6943707808185662,-0.22940059455055406,-6.0257023343799325,2.0
7.102710271027103,-0.8887648514994276,-0.22911515416216047,-6.174544730739625,2.0
7.103710371037104,-0.661215963737978,-0.2288275574998476,-6.181043577920434,2.0
7.104710471047105,-0.6977290793311444,-0.22853780827600445,-6.22629135216549,2.0
7.105710571057106,-0.8876933437996444,-0.2282459102228683,-6.27290069293858,2.0
7.106710671067106,-0.9523443191626357,-0.22795186709247628,-6.334248345275366,2.0
7.107710771077108,-0.5161211110688343,-0.22765568265662223,-6.247084776403949,2.0
7.1087108710871085,-0.77263291131652,-0.2273573607068109,-6.138593924440798,2.0
7.10971097109711,-0.9596348445978075,-0.227056905054212,-6.083530007817449,2.0
7.110711071107111,-0.8881420248578316,-0.22675431952961644,-5.950274157595222,2.0
7.111711171117112,-0.8932492678385708,-0.226449607983387,-6.033852741468164,2.0
7.112711271127113,-0.8003388740864396,-0.22614277428541665,-6.105903089978778,2.0
7.113711371137113,-0.8774149705603345,-0.22583382232507876,-6.091713680014492,2.0
7.114711471147115,-0.907964258522294,-0.22552275601118277,-6.267729719444697,2.0
7.1157115711571155,-0.9465770984208228,-0.22520957927192717,-6.2724773189573915,2.0
7.116711671167117,-0.9597599316918992,-0.22489429605485226,-6.229717374247216,2.0
7.117711771177118,-0.825354346604317,-0.22457691032679533,-6.1211346212345035,2.0
7.118711871187119,-0.9777774824124827,-0.22425742607383978,-6.181488380097568,2.0
7.11971197119712,-0.8939766470144271,-0.22393584730127244,-6.231701198027853,2.0
7.12071207120712,-0.9197108336636591,-0.22361217803353292,-6.0728990624330095,2.0
7.121712171217122,-0.8218988089692848,-0.22328642231416732,-5.989687454976119,2.0
7.1227122712271225,-0.8317075888336768,-0.22295858420578052,-5.998319777990233,2.0
7.123712371237124,-1.0503660669972938,-0.22262866778998808,-6.053533075568932,2.0
7.124712471247125,-0.9051474238629404,-0.22229667716736834,-6.068001515726178,2.0
7.125712571257126,-1.1529850453617403,-0.22196261645741366,-5.989443569429731,2.0
7.126712671267127,-1.1140894052020287,-0.22162648979848354,-6.138072563105716,2.0
7.127712771277127,-0.8546193105424723,-0.2212883013477545,-6.192339079735195,2.0
7.128712871287129,-0.9797069995031905,-0.2209480552811707,-6.2511733264017515,2.0
7.129712971297129,-0.9246519551971832,-0.22060575579339822,-6.358425205728446,2.0
7.130713071307131,-0.7943376851600898,-0.2202614070977729,-6.3389533090405585,2.0
7.131713171317132,-0.9722701909100532,-0.2199150134262524,-6.531312542700565,2.0
7.132713271327133,-0.9236436080853393,-0.21956657902936622,-6.510739129741523,2.0
7.133713371337134,-1.0472044247551342,-0.2192161081761679,-6.489446788369003,2.0
7.134713471347135,-1.0783718094149983,-0.21886360515418266,-6.551975803277935,2.0
7.135713571357136,-0.9783738893749422,-0.2185090742693594,-6.528443029215054,2.0
7.136713671367136,-1.0103613291623001,-0.21815251984602005,-6.3754504815219155,2.0
7.137713771377138,-0.9408414152712781,-0.21779394622680934,-6.193723177870745,2.0
7.1387138713871385,-0.7939932864541116,-0.21743335777264466,-6.317933541430184,2.0
7.13971397139714,-1.0921638512437426,-0.21707075886266503,-6.456266051891787,2.0
7.140714071407141,-0.9918528230283139,-0.21670615389418188,-6.701729686756514,2.0
7.141714171417142,-1.0080727976400745,-0.21633954728262586,-6.654033856349994,2.0
7.142714271427143,-0.8258137394131531,-0.21597094346149778,-6.662016789270341,2.0
7.143714371437143,-1.083846374787486,-0.21560034688231652,-6.698148159913169,2.0
7.144714471447145,-0.8707655852506727,-0.21522776201456806,-6.788710081608598,2.0
7.1457145714571455,-0.9955379623245767,-0.21485319334565384,-6.8630575549450406,2.0
7.146714671467147,-0.9191254905567869,-0.21447664538083883,-6.882558118001708,2.0
7.147714771477148,-1.0945544610499067,-0.21409812264320174,-6.896441586546603,2.0
7.148714871487149,-1.0480243487260956,-0.21371762967357844,-6.749559350945032,2.0
7.14971497149715,-0.7604383378318735,-0.213335171030516,-6.792967401099979,2.0
7.15071507150715,-0.7166168066763468,-0.2129507512902154,-6.713853765022184,2.0
7.151715171517152,-0.9629445544213296,-0.21256437504648132,-6.719457977046476,2.0
7.1527152715271525,-0.8890072585868931,-0.21217604691066966,-6.684264276230427,2.0
7.153715371537154,-1.1591974164485128,-0.21178577151163366,-6.520850166551577,2.0
7.154715471547155,-0.9304139552654855,-0.2113935534956735,-6.617107000703396,2.0
7.155715571557156,-0.9331337451752072,-0.2109993975264788,-6.695693376871569,2.0
7.156715671567157,-1.1406603218678346,-0.21060330828508117,-6.605230601499983,2.0
7.157715771577157,-1.101748718583057,-0.210205290469796,-6.500742968992954,2.0
7.158715871587159,-0.980386060994601,-0.2098053487961716,-6.533443435034229,2.0
7.1597159715971594,-1.0432656480248392,-0.2094034879969349,-6.565240323476077,2.0
7.160716071607161,-1.0589043224846169,-0.20899971282193708,-6.496600663451493,2.0
7.161716171617162,-0.8832652463016841,-0.2085940280381021,-6.488989606691094,2.0
7.162716271627163,-0.9862219699789228,-0.20818643842936785,-6.3871164658520785,2.0
7.163716371637164,-0.8164022392352653,-0.2077769487966378,-6.2274874679766885,2.0
7.164716471647165,-0.8864023748372569,-0.20736556395772185,-6.197112296978338,2.0
7.165716571657166,-0.9484482464022713,-0.20695228874728455,-6.104802240745225,2.0
7.166716671667166,-0.9880333044754098,-0.20653712801678922,-6.178099705939806,2.0
7.167716771677168,-0.9444818259560206,-0.20612008663444356,-6.07097546080135,2.0
7.1687168716871685,-0.9268773990382159,-0.20570116948514494,-6.152688838736967,2.0
7.16971697169717,-1.1419578497427527,-0.20528038147042432,-6.097173448013809,2.0
7.170717071707171,-0.9329115432152028,-0.20485772750839332,-6.049857986484986,2.0
7.171717171717172,-1.122773238424237,-0.20443321253368574,-5.959937181870302,2.0
7.172717271727173,-0.9400775322826534,-0.20400684149740436,-5.862736060714057,2.0
7.173717371737173,-1.1974521771407476,-0.20357861936706423,-5.854159259869826,2.0
7.174717471747175,-0.9777347047916695,-0.20314855112653735,-5.922677328090863,2.0
7.1757175717571755,-0.8972746556112478,-0.20271664177599652,-6.02886097124458,2.0
7.176717671767177,-0.9531743697590837,-0.20228289633185892,-5.861590895508893,2.0
7.177717771777178,-1.139998738787752,-0.20184731982673165,-5.815257277843603,2.0
7.178717871787179,-1.123730341330028,-0.20140991730935262,-5.87103261243623,2.0
7.17971797179718,-0.9395713389043956,-0.20097069384453614,-5.890923254348667,2.0
7.18071807180718,-0.9626305787235657,-0.20052965451311539,-5.969988677957563,2.0
7.181718171817182,-0.9659591835177644,-0.2000868044118861,-5.999566012160055,2.0
7.1827182718271825,-1.0981854793695975,-0.19964214865354946,-5.792822138403064,2.0
7.183718371837184,-0.8727671163031347,-0.1991956923666545,-5.8144136631866,2.0
7.184718471847185,-0.9402852638476528,-0.19874744069554368,-5.8249651600977,2.0
7.185718571857186,-0.9492891875594923,-0.19829739880029001,-5.832225584981014,2.0
7.186718671867187,-0.9123714275366078,-0.19784557185664634,-5.864616305491232,2.0
7.187718771877187,-0.9323355735206476,-0.19739196505598278,-5.918192604545743,2.0
7.188718871887189,-0.9935354808936745,-0.19693658360523109,-5.914015346851769,2.0
7.1897189718971894,-0.9067248020860831,-0.19647943272682658,-5.887782315728195,2.0
7.190719071907191,-0.8515044423806071,-0.19602051765864978,-5.8541425502327264,2.0
7.191719171917192,-0.9463775016571276,-0.19555984365397042,-5.877117274377365,2.0
7.192719271927193,-0.9546848695104704,-0.1950974159813841,-5.88532139991492,2.0
7.193719371937194,-0.9833842737413054,-0.1946332399247609,-5.97482881084384,2.0
7.194719471947195,-0.9657435655818537,-0.19416732078318114,-6.031741516138272,2.0
7.195719571957196,-1.0860337565538165,-0.19369966387087983,-5.974862184307252,2.0
7.196719671967196,-0.8678200291188266,-0.1932302745171867,-6.094927917094765,2.0
7.197719771977198,-1.1329221578940882,-0.19275915806646757,-6.36101482353679,2.0
7.1987198719871985,-1.0232568901496877,-0.19228631987806744,-6.236846821714797,2.0
7.1997199719972,-0.9425629156277522,-0.19181176532624591,-6.4298121292244295,2.0
7.200720072007201,-0.7548252316222297,-0.19133549980012535,-6.476449404051062,2.0
7.201720172017202,-0.8527360870646814,-0.1908575287036254,-6.455326059206289,2.0
7.202720272027203,-0.9095127289930726,-0.1903778574554066,-6.503534490130924,2.0
7.203720372037203,-0.9049130490100126,-0.18989649148881013,-6.4645879410048215,2.0
7.204720472047205,-0.9232293580761772,-0.1894134362517977,-6.630517904087094,2.0
7.2057205720572055,-0.847578941962432,-0.18892869720689234,-6.4513538063438025,2.0
7.206720672067207,-1.0541977523178658,-0.1884422798311175,-6.405642181719601,2.0
7.207720772077208,-0.9398613251496247,-0.18795418961593924,-6.353292324455611,2.0
7.208720872087209,-0.903326041322961,-0.18746443206720273,-6.210102774445166,2.0
7.20972097209721,-0.8579478670309536,-0.18697301270507427,-6.197527234730746,2.0
7.21072107210721,-1.0993338479550883,-0.18647993706398028,-6.103181778860604,2.0
7.211721172117212,-0.9138590629543107,-0.1859852106925464,-6.003795089906805,2.0
7.2127212721272125,-0.739336098870598,-0.18548883915353748,-6.08046389452824,2.0
7.213721372137214,-0.9458298691586909,-0.18499082802379557,-6.219265083456065,2.0
7.214721472147215,-1.02515647252511,-0.18449118289418173,-6.253104488076469,2.0
7.215721572157216,-0.9598926580620654,-0.18398990936951137,-6.170333456931162,2.0
7.216721672167217,-1.054740828802065,-0.18348701306849574,-6.015521761196908,2.0
7.217721772177217,-0.7783872403460022,-0.18298249962367963,-5.7331386249934475,2.0
7.218721872187219,-0.9072973435891117,-0.18247637468138037,-5.756535818254934,2.0
7.2197219721972195,-0.8578609056058967,-0.18196864390162634,-5.829578967462473,2.0
7.220722072207221,-0.9166712026891641,-0.18145931295809473,-5.8015364676703225,2.0
7.221722172217222,-0.8554032674508222,-0.18094838753805204,-5.82643020067308,2.0
7.222722272227223,-0.9552875013049714,-0.18043587334228917,-5.8500303236140745,2.0
7.223722372237224,-0.7878201627690944,-0.17992177608506169,-5.693004594107271,2.0
7.224722472247225,-0.8078354246945774,-0.17940610149402691,-5.737577213666576,2.0
7.225722572257226,-0.6576220062515141,-0.1788888553101823,-5.776345477824062,2.0
7.226722672267226,-0.8577791965706562,-0.17837004328780295,-5.802354475451989,2.0
7.227722772277228,-0.9855015150589097,-0.17784967119437867,-5.739665765242108,2.0
7.2287228722872285,-1.0192712030945625,-0.17732774481055447,-5.734364029126468,2.0
7.22972297229723,-0.7818672167441508,-0.17680426993006176,-5.697496001901436,2.0
7.230723072307231,-0.7602298653888603,-0.17627925235966374,-5.81214553517502,2.0
7.231723172317232,-0.8585535449618568,-0.17575269791908602,-5.803591108306216,2.0
7.232723272327233,-0.8545786487125105,-0.17522461244095733,-5.803818806706207,2.0
7.233723372337233,-0.8279049579056607,-0.1746950017707451,-5.729656702680039,2.0
7.234723472347235,-0.8337860635855069,-0.1741638717666924,-5.733850124322557,2.0
7.2357235723572355,-0.6688808828477482,-0.17363122829975777,-5.897898609291032,2.0
7.236723672367237,-0.847554756267381,-0.17309707725354512,-5.746288646632228,2.0
7.237723772377238,-0.7734203088467008,-0.17256142452424864,-5.863643805353809,2.0
7.238723872387239,-0.7102712247278635,-0.1720242760205833,-5.758177978107002,2.0
7.23972397239724,-0.8396595886659342,-0.17148563766372374,-5.714825435372864,2.0
7.24072407240724,-0.5112668388115266,-0.17094551538724018,-5.757658907988827,2.0
7.241724172417242,-0.7038963121387973,-0.17040391513703426,-5.801430971407387,2.0
7.2427242724272425,-0.6578905099066418,-0.1698608428712778,-5.649656978050738,2.0
7.243724372437244,-0.7580228496142893,-0.16931630456034272,-5.553655345059631,2.0
7.244724472447245,-0.8179408509577727,-0.1687703061867449,-5.4725271851879524,2.0
7.245724572457246,-0.6693139314692866,-0.1682228537450739,-5.35129852747842,2.0
7.246724672467247,-0.6387649724123824,-0.16767395324193138,-5.454234459458263,2.0
7.247724772477247,-0.5815833312770273,-0.16712361069586623,-5.37604296446683,2.0
7.248724872487249,-0.7464170959418082,-0.1665718321373105,-5.295577875111655,2.0
7.2497249724972495,-0.8228011669405015,-0.16601862360851433,-5.272216987016642,2.0
7.250725072507251,-0.7853500606946414,-0.16546399116348115,-5.395487527836969,2.0
7.251725172517252,-0.788506817320814,-0.16490794086790533,-5.315754305679352,2.0
7.252725272527253,-0.6618839081806873,-0.16435047879910356,-5.345435633099482,2.0
7.253725372537254,-0.7021546074518853,-0.1637916110459527,-5.634741718260749,2.0
7.254725472547255,-0.6876771270989991,-0.1632313437088234,-5.936798361648904,2.0
7.255725572557256,-0.8115907269750939,-0.16266968289951816,-5.815191298488646,2.0
7.256725672567256,-0.7863447072305197,-0.16210663474120007,-5.8528667498560685,2.0
7.257725772577258,-0.7498567314822019,-0.16154220536833316,-5.842525582351892,2.0
7.2587258725872585,-0.5998394801936635,-0.1609764009266164,-5.909146295447212,2.0
7.25972597259726,-0.668275896040647,-0.16040922757291515,-6.023485687761058,2.0
7.260726072607261,-0.6256588674878559,-0.1598406914751984,-5.860464410957252,2.0
7.261726172617262,-0.5648666539670849,-0.1592707988124718,-5.853734034816595,2.0
7.262726272627263,-0.37436697496553495,-0.1586995557747151,-5.825093419092045,2.0
7.263726372637263,-0.656647363946559,-0.15812696856281017,-5.919250796612218,2.0
7.264726472647265,-0.7045255516411533,-0.15755304338848108,-6.128539307253834,2.0
7.2657265726572655,-0.6179035719841678,-0.15697778647422778,-6.1439709390688515,2.0
7.266726672667267,-0.4991336670034762,-0.1564012040532542,-6.157659551424548,2.0
7.267726772677268,-0.5093770963921205,-0.1558233023694109,-6.14727631015244,2.0
7.268726872687269,-0.6895889432770457,-0.15524408767712186,-5.936571978911156,2.0
7.26972697269727,-0.4552535391070798,-0.15466356624132171,-5.891546046764539,2.0
7.27072707270727,-0.48129649987540346,-0.15408174433738858,-5.88572221546017,2.0
7.271727172717272,-0.571385782624326,-0.15349862825107716,-5.8928471617732425,2.0
7.2727272727272725,-0.3911004627681437,-0.15291422427845544,-5.91222781487112,2.0
7.273727372737274,-0.4357453926697009,-0.15232853872583138,-5.955683148709496,2.0
7.274727472747275,-0.677578663037518,-0.15174157790969486,-6.07171164794711,2.0
7.275727572757276,-0.37970762009912307,-0.1511533481566443,-6.07312084048553,2.0
7.276727672767277,-0.58226541805537,-0.15056385580332304,-5.877228554960212,2.0
7.277727772777277,-0.6130089496909717,-0.14997310719635185,-5.729134855154763,2.0
7.278727872787279,-0.3709637998818135,-0.14938110869226146,-5.555484982690604,2.0
7.2797279727972795,-0.3456835664446255,-0.14878786665742869,-5.492841535389668,2.0
7.280728072807281,-0.4373108751038547,-0.14819338746800262,-5.571532063029328,2.0
7.281728172817282,-0.751883085889177,-0.14759767750984618,-5.560997351788529,2.0
7.282728272827283,-0.5159228273872591,-0.1470007431784621,-5.43239281477214,2.0
7.283728372837284,-0.36462854636531583,-0.14640259087892896,-5.499480666093536,2.0
7.284728472847285,-0.590284040918593,-0.1458032270258323,-5.542468517074298,2.0
7.285728572857286,-0.4577227932390331,-0.1452026580432008,-5.508366532504942,2.0
7.286728672867286,-0.23701937549514207,-0.14460089036443224,-5.407209187243551,2.0
7.287728772877288,-0.5449683316441344,-0.1439979304322318,-5.3521487739685085,2.0
7.2887288728872885,-0.42972102266819223,-0.14339378469854389,-5.557879878759604,2.0
7.28972897289729,-0.3606830038121166,-0.1427884596244813,-5.4861128368326355,2.0
7.290729072907291,-0.3689060337198575,-0.1421819616802601,-5.6036914858781195,2.0
7.291729172917292,-0.17165152123388053,-0.14157429734513038,-5.64552601998564,2.0
7.292729272927293,-0.3472727947992783,-0.14096547310731206,-5.833253590641827,2.0
7.293729372937293,-0.23809524540835553,-0.1403554954639202,-6.0375207220899085,2.0
7.294729472947295,-0.491899564108776,-0.139744370920903,-6.159617904181537,2.0
7.2957295729572955,-0.17101411585103232,-0.13913210599297315,-6.225689865330321,2.0
7.296729672967297,-0.32453881246955046,-0.13851870720353657,-6.143081269827061,2.0
7.297729772977298,-0.49385871236762346,-0.13790418108462688,-6.194883876656898,2.0
7.298729872987299,-0.3762227803950843,-0.13728853417683562,-6.313093539775693,2.0
7.2997299729973,-0.3524826355915809,-0.1366717730292479,-6.234693593349158,2.0
7.3007300730073,-0.2807917307288958,-0.13605390419936697,-6.18492907017943,2.0
7.301730173017302,-0.266285787106866,-0.13543493425305195,-6.301979671576664,2.0
7.3027302730273025,-0.30936884978417106,-0.134814869764449,-6.508113414471492,2.0
7.303730373037304,-0.2604890578509689,-0.13419371731591923,-6.660600702611831,2.0
7.304730473047305,-0.39036027378731225,-0.13357148349797304,-6.4999148766431105,2.0
7.305730573057306,-0.11655841648600149,-0.13294817490920083,-6.398372133731402,2.0
7.306730673067307,-0.3054876394431025,-0.13232379815620432,-6.436988015764147,2.0
7.307730773077307,-0.1746793070296765,-0.13169835985352796,-6.394188576444286,2.0
7.308730873087309,-0.2164903861411018,-0.1310718666235895,-6.134364254871629,2.0
7.3097309730973095,-0.27701425116694056,-0.13044432509661466,-6.2357561486371695,2.0
7.310731073107311,-0.14342015265249683,-0.1298157419105606,-6.403473393830487,2.0
7.311731173117312,-0.2974134178135488,-0.12918612371105698,-6.445409289670055,2.0
7.312731273127313,-0.22058663478270535,-0.12855547715132912,-6.571190103665337,2.0
7.313731373137314,-0.3684692062914421,-0.1279238088921328,-6.711696602117967,2.0
7.314731473147315,-0.07111929722031644,-0.12729112560168354,-6.746780598956676,2.0
7.315731573157316,-0.10117936047884603,-0.12665743395559062,-6.64611870686203,2.0
7.316731673167316,-0.319241499396536,-0.12602274063678423,-6.5450495478220105,2.0
7.317731773177318,-0.011931954530349481,-0.12538705233544575,-6.600488568155031,2.0
7.3187318731873185,-0.020598562695284345,-0.12475037574894494,-6.491541533451275,2.0
7.31973197319732,0.041150290550028834,-0.12411271758176343,-6.324840812326363,2.0
7.320732073207321,-0.07261235532894347,-0.12347408454542923,-6.0838057941050785,2.0
7.321732173217322,0.0742230367976618,-0.12283448335844575,-6.007749372982225,2.0
7.322732273227323,-0.05868360870862204,-0.12219392074622544,-6.0073295472102295,2.0
7.323732373237323,-0.011378457362829317,-0.12155240344101673,-6.047455968152383,2.0
7.324732473247325,0.0010111029518738435,-0.12090993818183395,-5.958435942716206,2.0
7.3257325732573255,0.0770539683724484,-0.12026653171439423,-5.814425545769183,2.0
7.326732673267327,-0.09818711683434109,-0.11962219079104071,-5.958924236870582,2.0
7.327732773277328,0.1485922765874506,-0.11897692217067675,-5.924435497933457,2.0
7.328732873287329,-0.1311866228460665,-0.11833073261869481,-5.883605213649968,2.0
7.32973297329733,-0.1354319570918002,-0.11768362890691038,-5.920029323238355,2.0
7.33073307330733,0.061594924997272295,-0.11703561781348508,-5.98970533639216,2.0
7.331733173317332,0.025677860039700524,-0.11638670612286355,-6.03698584299528,2.0
7.3327332733273325,-0.05856009788653837,-0.11573690062570292,-5.902243808233831,2.0
7.333733373337334,0.0612917102033111,-0.11508620811879935,-5.90670138511591,2.0
7.334733473347335,0.14513478412039255,-0.11443463540502133,-5.808806317969169,2.0
7.335733573357336,0.02743792910107671,-0.11378218929323809,-5.835836925888161,2.0
7.336733673367337,0.1375532480383348,-0.11312887659825355,-5.803476325413818,2.0
7.337733773377337,0.0043518913343340015,-0.11247470414072917,-5.805236153389036,2.0
7.338733873387339,-0.19753156544218242,-0.11181967874712048,-5.76709869668516,2.0
7.3397339733973395,0.14468680691265978,-0.11116380724960635,-5.74234014322667,2.0
7.340734073407341,0.09223029984769383,-0.11050709648601548,-5.717938746861623,2.0
7.341734173417342,0.08325924901684013,-0.1098495532997592,-5.646496664646082,2.0
7.342734273427343,0.15155488087086041,-0.10919118453976001,-5.708495302445333,2.0
7.343734373437344,0.1226939956391771,-0.10853199706038508,-5.763705555377479,2.0
7.344734473447345,0.10880239164479762,-0.10787199772136827,-5.810805585758029,2.0
7.345734573457346,0.1442720682728365,-0.10721119338775009,-5.843699524370677,2.0
7.346734673467346,0.22192743996170933,-0.10654959092979949,-5.810997291661797,2.0
7.347734773477348,-0.04525623696167069,-0.10588719722294751,-5.87695051565839,2.0
7.3487348734873486,0.3392292238001056,-0.10522401914771622,-5.9058234358393245,2.0
7.34973497349735,0.07486311399479292,-0.10456006358964848,-5.953319398017361,2.0
7.350735073507351,0.07436819458788513,-0.10389533743923783,-6.07247633038302,2.0
7.351735173517352,0.22115254752143942,-0.10322984759185734,-6.226028599101225,2.0
7.352735273527353,0.3392317512903761,-0.10256360094769237,-6.204067123837833,2.0
7.353735373537353,0.2959210510420895,-0.1018966044116666,-6.244111052461048,2.0
7.354735473547355,0.400565424691433,-0.10122886489337087,-6.466822447848485,2.0
7.3557355735573555,0.2616380212506416,-0.10056038930699954,-6.453209017516689,2.0
7.356735673567357,0.08552484704792004,-0.09989118457127281,-6.443579518809836,2.0
7.357735773577358,0.14913875473652421,-0.09922125760936995,-6.2817070328199,2.0
7.358735873587359,0.3094573643067443,-0.09855061534885744,-6.294214227871768,2.0
7.35973597359736,0.3105913749028648,-0.09787926472162158,-6.394106035769879,2.0
7.36073607360736,0.255157757132148,-0.09720721266379438,-6.430459834060958,2.0
7.361736173617362,0.3593105532033465,-0.09653446611568225,-6.39684625041544,2.0
7.3627362736273625,0.10145491729676889,-0.09586103202170239,-6.353977327525338,2.0
7.363736373637364,0.21327874103986982,-0.09518691733030485,-6.414668420006041,2.0
7.364736473647365,0.3820058053692376,-0.09451212899390571,-6.403208331998595,2.0
7.365736573657366,0.2511923042991081,-0.09383667396881522,-6.440451269562299,2.0
7.366736673667367,0.25123663858298095,-0.09316055921517022,-6.411562421617169,2.0
7.367736773677367,0.2743051434095766,-0.09248379169685995,-6.439950914675461,2.0
7.368736873687369,0.26112257771265357,-0.09180637838145465,-6.540615550050326,2.0
7.3697369736973695,0.40803394237979523,-0.0911283262401421,-6.3937834587376905,2.0
7.370737073707371,0.3182667380999129,-0.09044964224764919,-6.508232059807899,2.0
7.371737173717372,0.5831183903826431,-0.08977033338217541,-6.583664190300832,2.0
7.372737273727373,0.32474000597130187,-0.08909040662532078,-6.568890933984716,2.0
7.373737373737374,0.3542311098476191,-0.088409868962019,-6.485476587971809,2.0
7.374737473747375,0.14497209655406526,-0.08772872738045857,-6.497080581124379,2.0
7.375737573757376,0.23472111942515606,-0.08704698887202299,-6.3955234664701734,2.0
7.376737673767376,0.21566874029958527,-0.08636466043121166,-6.402271349100828,2.0
7.377737773777378,0.5221207121908829,-0.08568174905557321,-6.50726867368026,2.0
7.3787378737873786,0.326382639223778,-0.08499826174563427,-6.556501586082291,2.0
7.37973797379738,0.4232628234552395,-0.08431420550482799,-6.397165004906703,2.0
7.380738073807381,0.5956637153794341,-0.08362958733942734,-6.584704956681711,2.0
7.381738173817382,0.346922905428524,-0.08294441425846616,-6.549313152164572,2.0
7.382738273827383,0.5311308337573839,-0.0822586932736794,-6.659966698629187,2.0
7.383738373837383,0.2850261888929757,-0.08157243139942391,-6.693422965786268,2.0
7.384738473847385,0.4095944963120579,-0.08088563565261185,-6.8115419796185055,2.0
7.3857385738573855,0.6030350270010211,-0.08019831305263948,-6.923666433229854,2.0
7.386738673867387,0.5223267531857074,-0.07951047062131558,-6.968603490422599,2.0
7.387738773877388,0.5124393445356614,-0.07882211538279495,-7.016169905020323,2.0
7.388738873887389,0.44765360714962293,-0.07813325436349931,-6.969146204687043,2.0
7.38973897389739,0.5356589240759172,-0.07744389459205764,-6.871435916861874,2.0
7.39073907390739,0.4801731960610691,-0.07675404309922769,-6.911941633027479,2.0
7.391739173917392,0.4326736868174418,-0.07606370691782585,-6.816483387118031,2.0
7.3927392739273925,0.48869165440752804,-0.07537289308266325,-6.829945475053501,2.0
7.393739373937394,0.6827029124992359,-0.07468160863046762,-6.80850767865251,2.0
7.394739473947395,0.5130752026250197,-0.07398986059981673,-6.828954337001964,2.0
7.395739573957396,0.586302618832023,-0.0732976560310663,-6.888333752977011,2.0
7.396739673967397,0.6715584849685231,-0.07260500196628264,-6.921566278510266,2.0
7.397739773977397,0.5017467683872447,-0.07191190544916819,-6.870549828485834,2.0
7.398739873987399,0.6289156773328453,-0.0712183735249905,-6.919109606074169,2.0
7.3997399739973995,0.6714976789812149,-0.07052441324051863,-6.780081304517712,2.0
7.400740074007401,0.540687745541271,-0.06983003164394491,-6.825991644242122,2.0
7.401740174017402,0.4284427080572656,-0.06913523578481862,-6.813160983727866,2.0
7.402740274027403,0.5685275449343292,-0.06844003271397378,-6.82389698916395,2.0
7.403740374037404,0.7038851121051274,-0.06774442948346206,-6.695825999445543,2.0
7.404740474047405,0.5221130507530058,-0.06704843314647764,-6.645531391485074,2.0
7.405740574057406,0.7880992304021832,-0.06635205075729007,-6.789913478611663,2.0
7.406740674067406,0.6552773130933666,-0.06565528937117301,-6.772240105266842,2.0
7.407740774077408,0.551624645441928,-0.06495815604433405,-7.027289072209555,2.0
7.408740874087409,0.7860500979991658,-0.06426065783384441,-6.6767259761370985,2.0
7.40974097409741,0.44495957647568407,-0.06356280179756771,-6.785290240427445,2.0
7.410741074107411,0.7662866749731216,-0.06286459499409382,-6.75563731544126,2.0
7.411741174117412,0.6189822997490237,-0.062166044482659964,-6.6966495442832885,2.0
7.412741274127413,0.832163266370948,-0.061467157323091395,-6.837171316130476,2.0
7.413741374137413,0.8291757679938255,-0.06076794057572262,-6.96869498632195,2.0
7.414741474147415,0.5173466673827036,-0.060068401301331224,-6.992650529640864,2.0
7.4157415741574155,0.7595925282874804,-0.059368546561066826,-6.915133686352141,2.0
7.416741674167417,0.7108226405665261,-0.058668383416380226,-6.858359033486067,2.0
7.417741774177418,0.5840475588965489,-0.05796791892895724,-6.913407204264842,2.0
7.418741874187419,0.8736361562369506,-0.057267160160639985,-6.964540089481473,2.0
7.41974197419742,0.5812750185935239,-0.05656611417336781,-6.8973165285234606,2.0
7.42074207420742,0.7341936877482983,-0.055864788029098666,-6.798263153421852,2.0
7.421742174217422,0.7875038490155228,-0.05516318878974303,-6.744152709248792,2.0
7.4227422742274225,0.8438113720816237,-0.05446132351709315,-6.822375649906028,2.0
7.423742374237424,0.7980580244107176,-0.05375919927275235,-6.820901141599894,2.0
7.424742474247425,0.6973261633953358,-0.053056823118069044,-6.842179962377589,2.0
7.425742574257426,0.7683123695267392,-0.05235420211405819,-6.915035512160809,2.0
7.426742674267427,0.9148932140748682,-0.051651343321342504,-6.695659888814665,2.0
7.427742774277427,0.6926495374963808,-0.05094825380007401,-6.919120986392835,2.0
7.428742874287429,0.7471978339533244,-0.0502449406098681,-7.00602143107686,2.0
7.4297429742974295,0.7924059404765189,-0.04954141080973312,-7.054244484908404,2.0
7.430743074307431,0.8938436514280681,-0.0488376714580006,-7.121475080546387,2.0
7.431743174317432,0.9215586601507035,-0.0481337296122556,-7.03200207471927,2.0
7.432743274327433,0.6290804304578235,-0.047429592329266246,-6.887863095197429,2.0
7.433743374337434,0.6940421859036962,-0.04672526666491734,-6.687870069082272,2.0
7.434743474347435,0.9235747590933601,-0.04602075967413601,-6.803091433119445,2.0
7.435743574357436,0.8133249808475246,-0.04531607841082536,-6.7212553613391295,2.0
7.436743674367436,0.885520694849621,-0.044611229927794205,-6.83950419660347,2.0
7.437743774377438,0.8871939203199799,-0.04390622127668756,-6.872980696681236,2.0
7.438743874387439,0.782926391543189,-0.0432010595079173,-7.00278294757965,2.0
7.43974397439744,0.8568768936794877,-0.042495751670591934,-7.08323695306346,2.0
7.440744074407441,0.7637363511754044,-0.0417903048124505,-6.97491145270137,2.0
7.441744174417442,0.8051765066197668,-0.04108472597978844,-6.957861167467296,2.0
7.442744274427443,0.9107944268859515,-0.0403790222173916,-7.0660182819948005,2.0
7.443744374437443,0.7017085279367852,-0.03967320056846618,-6.974647674152485,2.0
7.444744474447445,0.9511391544345886,-0.0389672680745696,-6.882054676070408,2.0
7.4457445744574455,0.8174815738577373,-0.03826123177554137,-6.781394885340737,2.0
7.446744674467447,0.9570537615044661,-0.037555098709433195,-6.628932178338535,2.0
7.447744774477448,0.9772148949103773,-0.03684887591244318,-6.652572169254497,2.0
7.448744874487449,0.8458371033317861,-0.03614257041884199,-6.555029456787146,2.0
7.44974497449745,1.001977908424696,-0.03543618926090723,-6.7713883238719665,2.0
7.45074507450745,0.7479053802776565,-0.03472973946885362,-6.835374228816659,2.0
7.451745174517452,0.9588342929093223,-0.03402322807076419,-6.889935169767175,2.0
7.4527452745274525,0.9453402352696594,-0.0333166620925216,-6.908887723551982,2.0
7.453745374537454,1.0058786712495127,-0.032610048557738414,-7.060625777348,2.0
7.454745474547455,0.8844207989597355,-0.03190339448769253,-6.9812014877015915,2.0
7.455745574557456,0.9744192834804982,-0.03119670690124973,-6.779225228775778,2.0
7.456745674567457,0.9962274022581974,-0.03048999281480623,-6.718271848796444,2.0
7.457745774577457,1.0234914937006294,-0.02978325924221137,-6.694496232501695,2.0
7.458745874587459,0.9907880693950779,-0.029076513194703165,-6.544804265553946,2.0
7.4597459745974595,1.1185668543524967,-0.028369761680839007,-6.55680108690161,2.0
7.460746074607461,0.8482317734372403,-0.027663011706426526,-6.687776038255099,2.0
7.461746174617462,0.9722291854623453,-0.026956270274459238,-6.590841766686807,2.0
7.462746274627463,1.0170633909710962,-0.02624954438503953,-6.435554653977545,2.0
7.463746374637464,0.8834644075819754,-0.02554284103532157,-6.363157275645129,2.0
7.464746474647465,0.8826467886925076,-0.024836167219434376,-6.289433583565471,2.0
7.465746574657466,0.8097329760785259,-0.024129529928417777,-6.257337664965661,2.0
7.466746674667466,0.8911149187592698,-0.02342293615015347,-6.215373900262542,2.0
7.467746774677468,1.1258656246640677,-0.022716392869296304,-6.178556305608963,2.0
7.468746874687469,1.106799119191725,-0.022009907067210333,-6.047909570719488,2.0
7.46974697469747,1.0675151606223876,-0.021303485721892165,-6.091104752936442,2.0
7.470747074707471,0.8885996727917912,-0.02059713580791433,-6.107813477343479,2.0
7.471747174717472,0.8933040822284176,-0.019890864296348766,-6.1456208667271115,2.0
7.472747274727473,0.9788523808873474,-0.019184678154703122,-6.279297562641352,2.0
7.473747374737473,0.9164188111086006,-0.018478584346852324,-6.040242254754385,2.0
7.474747474747475,0.7967675467478368,-0.017772589832971062,-5.799295561891939,2.0
7.4757475747574755,1.0141166855658272,-0.017066701569466266,-5.922925323636038,2.0
7.476747674767477,0.9777035514252922,-0.016360926508908868,-5.820742912327425,2.0
7.477747774777478,0.7459376757938885,-0.015655271599969663,-5.82346946092234,2.0
7.478747874787479,1.0519835558365838,-0.014949743787347201,-5.874113916772052,2.0
7.47974797479748,0.8257349422528016,-0.014244350011703768,-5.839840946725704,2.0
7.48074807480748,1.15028350798613,-0.013539097209597388,-5.86690131659536,2.0
7.481748174817482,0.8850398888710826,-0.012833992313414772,-6.025830615575055,2.0
7.4827482748274825,0.9378653740192935,-0.012129042251304251,-6.00139055315476,2.0
7.483748374837484,1.0513488339846035,-0.011424253947108035,-5.915865972752596,2.0
7.484748474847485,0.8996265152242428,-0.010719634320298516,-5.983717786033506,2.0
7.485748574857486,1.0858777096334014,-0.010015190285906651,-5.955361025190589,2.0
7.486748674867487,1.1875312298094391,-0.009310928754458412,-6.040106850206153,2.0
7.487748774877487,0.9707828210555751,-0.008606856631907307,-6.095476856829201,2.0
7.488748874887489,1.042797789525543,-0.00790298081956777,-6.227656568760219,2.0
7.4897489748974895,1.073825010959778,-0.007199308214048633,-6.3833916555187535,2.0
7.490749074907491,1.0222664170027407,-0.006495845707185869,-6.250044964122697,2.0
7.491749174917492,1.177515725353619,-0.005792600185980176,-6.26472378030325,2.0
7.492749274927493,0.8983774341651777,-0.005089578532521924,-6.451421019191628,2.0
7.493749374937494,0.992004782541904,-0.004386787623936046,-6.493071001574123,2.0
7.494749474947495,0.9727081245035386,-0.0036842343323071356,-6.46459510655993,2.0
7.495749574957496,0.9481437463375001,-0.0029819255246173325,-6.4122431466076755,2.0
7.4967496749674964,1.1961458146436008,-0.002279868062679519,-6.388493979861302,2.0
7.497749774977498,0.9979752387910836,-0.001578068803070601,-6.38605394406248,2.0
7.498749874987499,0.89536263136455,-0.0008765345970696194,-6.476937825080878,2.0
7.4997499749975,0.9574158611262177,-0.00017527229058325136,-6.526299139447173,2.0
7.500750075007501,0.9794704157412143,0.0005257112759087783,-6.6120893744878515,-2.0
7.501750175017502,0.9129335570341364,0.0012264092674280354,-6.6857522180166145,-2.0
7.502750275027503,0.8836036714747548,0.001926814854558943,-6.570167686121067,-2.0
7.503750375037503,1.0154305671773236,0.0026269212135150277,-6.607676227495571,-2.0
7.504750475047505,1.2245038556140122,0.0033267215262050786,-6.589208249961806,-2.0
7.5057505750575055,1.0665019938821976,0.004026208980294477,-6.500126027110821,-2.0
7.506750675067507,1.0256868480036354,0.00472537676927911,-6.522472068960202,-2.0
7.507750775077508,0.8123735327015624,0.0054242180925394064,-6.609376513612114,-2.0
7.508750875087509,0.8615450104851055,0.006122726155414077,-6.571155553495586,-2.0
7.50975097509751,0.9368917853195244,0.00682089416926111,-6.5340582955697135,-2.0
7.51075107510751,0.9608373613757608,0.007518715351523434,-6.556230622655318,-2.0
7.511751175117512,1.0506142742232534,0.008216182925793679,-6.4763724321593275,-2.0
7.5127512751275125,0.988797352104674,0.008913290121878888,-6.455842176840971,-2.0
7.513751375137514,0.8916216987613628,0.0096100301758659,-6.255619529015952,-2.0
7.514751475147515,0.7351826813826408,0.010306396330182712,-6.156661634148516,-2.0
7.515751575157516,0.9465135098277212,0.01100238183366763,-6.116147580448324,-2.0
7.516751675167517,0.9751130005175775,0.011697979941630484,-6.400692347162131,-2.0
7.517751775177517,1.0502002496221543,0.012393183915917627,-6.39975717163338,-2.0
7.518751875187519,0.9744099296855926,0.013087987024976105,-6.51570988802576,-2.0
7.5197519751975195,1.0267731768416017,0.013782382543917749,-6.545533829344935,-2.0
7.520752075207521,1.016387862611613,0.014476363754583898,-6.36561278846173,-2.0
7.521752175217522,1.0295554599941708,0.01516992394560616,-6.366726865098794,-2.0
7.522752275227523,1.1867412450252495,0.015863056412474912,-6.44168137938896,-2.0
7.523752375237524,1.1481385536257338,0.01655575445759987,-6.307626771863431,-2.0
7.524752475247525,1.0098251581029845,0.017248011390375226,-6.454106367377465,-2.0
7.525752575257526,1.0384663747991758,0.017939820527239254,-6.539245724430846,-2.0
7.5267526752675264,0.9912720690237304,0.018631175191745602,-6.605287507401184,-2.0
7.527752775277528,0.9647976126930338,0.019322068714619466,-6.6146366459850405,-2.0
7.528752875287529,0.973534566178846,0.020012494433821672,-6.512938054839792,-2.0
7.52975297529753,0.940904036737541,0.020702445694615695,-6.549332276597639,-2.0
7.530753075307531,0.9139084621006254,0.021391915849627536,-6.379531799291277,-2.0
7.531753175317532,1.054886196969584,0.022080898258909437,-6.256412348905205,-2.0
7.532753275327533,1.0132862129125169,0.022769386290002747,-6.489853489668545,-2.0
7.533753375337533,0.8653268516938486,0.023457373318000588,-6.3758369824972725,-2.0
7.534753475347535,1.028207827784473,0.0241448527256113,-6.353690363577307,-2.0
7.5357535753575355,1.0150810628895965,0.024831817903217104,-6.409786855156027,-2.0
7.536753675367537,0.9430679434749752,0.02551826224894503,-6.37730552414621,-2.0
7.537753775377538,0.9984761835819783,0.02620417916871839,-6.40265335095683,-2.0
7.538753875387539,0.9868365940209586,0.026889562076327565,-6.31925838476856,-2.0
7.53975397539754,0.8853144653501369,0.02757440439348821,-6.493716214111451,-2.0
7.54075407540754,0.9432482832033974,0.02825869954990407,-6.391076494896364,-2.0
7.541754175417542,0.98770384684191,0.028942440983329664,-6.511183252790483,-2.0
7.5427542754275425,0.8232130754711551,0.029625622139628195,-6.7097941996522295,-2.0
7.543754375437544,0.9986299856673582,0.030308236472841855,-6.616869401095643,-2.0
7.544754475447545,0.8737151422812579,0.030990277445242454,-6.55434624915527,-2.0
7.545754575457546,1.0452943841082174,0.03167173852740157,-6.611391313679185,-2.0
7.546754675467547,0.9372627063250942,0.03235261319824795,-6.635791063960622,-2.0
7.547754775477547,0.7830735968295415,0.03303289494512962,-6.769961116343315,-2.0
7.548754875487549,0.6389844165490178,0.033712577263875824,-6.8802295991609626,-2.0
7.5497549754975495,0.8959490554363053,0.034391653658854215,-6.930790865769637,-2.0
7.550755075507551,0.9691799397182786,0.03507011764304028,-6.85659847232064,-2.0
7.551755175517552,0.8225910794895861,0.03574796273806744,-6.898953121343027,-2.0
7.552755275527553,0.9929988416489188,0.036425182474296186,-6.862626894571412,-2.0
7.553755375537554,0.9743411193583229,0.03710177039087091,-6.908762709796093,-2.0
7.554755475547555,1.0208197848962148,0.03777772003578196,-6.8920048964155285,-2.0
7.555755575557556,0.9187202132881515,0.03845302496592212,-6.901715840353951,-2.0
7.5567556755675565,0.9097316865772351,0.03912767874715466,-6.800617985371277,-2.0
7.557755775577558,0.9290396130135004,0.03980167495436655,-6.665035431926309,-2.0
7.558755875587559,0.8865911554082665,0.04047500717152934,-6.68378817275152,-2.0
7.55975597559756,0.8311287932319029,0.041147668991762865,-6.632630692582326,-2.0
7.560756075607561,0.8704004789957603,0.04181965401739209,-6.626424337039643,-2.0
7.561756175617562,0.8365378265376643,0.04249095586000829,-6.570684117013297,-2.0
7.562756275627563,1.0667689918643644,0.04316156814052489,-6.440348919585562,-2.0
7.563756375637563,0.9238390793621112,0.04383148448924452,-6.5114787395135485,-2.0
7.564756475647565,1.0245598317384181,0.044500698545911585,-6.510067494467549,-2.0
7.5657565756575655,0.8109504874181324,0.045169203959772225,-6.546145767156027,-2.0
7.566756675667567,1.032359758031732,0.04583699438963726,-6.598004925066732,-2.0
7.567756775677568,0.8010158280631214,0.04650406350393823,-6.443652814295496,-2.0
7.568756875687569,0.9435115038669338,0.04717040498078768,-6.280363863453616,-2.0
7.56975697569757,0.6852118506940189,0.04783601250803428,-6.284573525341653,-2.0
7.57075707570757,0.7904673770776188,0.04850087978332897,-6.184571449442871,-2.0
7.571757175717572,0.7273098666348017,0.04916500051417669,-6.262480048342441,-2.0
7.5727572757275725,0.7338785038787661,0.04982836841799483,-6.469450233704755,-2.0
7.573757375737574,0.7926157720583965,0.05049097722217909,-6.355168389211327,-2.0
7.574757475747575,0.733666334383897,0.05115282066415099,-6.33118348095785,-2.0
7.575757575757576,0.6525036193782535,0.051813892491424304,-6.475439889512187,-2.0
7.576757675767577,0.8413007026430674,0.0524741864616592,-6.668344393433983,-2.0
7.577757775777577,0.6818249053267951,0.0531336963427208,-6.5532586603789795,-2.0
7.578757875787579,0.6539857792221659,0.05379241591273751,-6.52340150204192,-2.0
7.5797579757975795,0.6608250860531717,0.054450338960154956,-6.412671108941598,-2.0
7.580758075807581,0.7139798703291846,0.055107459283801626,-6.530484890570692,-2.0
7.581758175817582,0.7830265084220297,0.055763770692935595,-6.5449099243582785,-2.0
7.582758275827583,0.8628617053136334,0.05641926700731,-6.581850483893575,-2.0
7.583758375837584,0.6676350614027514,0.05707394205722644,-6.536822744007672,-2.0
7.584758475847585,0.8274462103400686,0.05772778968359315,-6.473618681490577,-2.0
7.585758575857586,0.7499507331831677,0.05838080373797904,-6.532274069052431,-2.0
7.5867586758675865,0.7179254066632942,0.05903297808267397,-6.695790357118965,-2.0
7.587758775877588,0.6681041918085789,0.05968430659074609,-6.665718561940224,-2.0
7.588758875887589,0.7670146219416781,0.06033478314609145,-6.707649931492771,-2.0
7.58975897589759,0.5606217808887528,0.06098440164349783,-6.690021304555171,-2.0
7.590759075907591,0.645667030637583,0.06163315598869712,-6.670368008328372,-2.0
7.591759175917592,0.7608233304696427,0.06228104009842276,-6.505417509678316,-2.0
7.592759275927593,0.8157607454765701,0.06292804790046201,-6.6828428544617084,-2.0
7.593759375937593,0.7653164125217198,0.06357417333371909,-6.70307795087051,-2.0
7.594759475947595,0.4790424021153335,0.06421941034826407,-6.600070095098743,-2.0
7.5957595759575955,0.5264061536327151,0.06486375290538918,-6.529031964938757,-2.0
7.596759675967597,0.7975927876689323,0.06550719497766777,-6.46865975486773,-2.0
7.597759775977598,0.6392571310686312,0.06614973054900669,-6.42129585979881,-2.0
7.598759875987599,0.6259869278113788,0.06679135361470272,-6.319110239411159,-2.0
7.5997599759976,0.3782203869699043,0.06743205818149396,-6.301290762670689,-2.0
7.6007600760076,0.61748161921392,0.06807183826762186,-6.301530132990049,-2.0
7.601760176017602,0.4174390942469217,0.06871068790287942,-6.35180750088629,-2.0
7.6027602760276025,0.4214682577485409,0.06934860112866643,-6.17696609062757,-2.0
7.603760376037604,0.49995275215705554,0.06998557199804745,-6.269492252080863,-2.0
7.604760476047605,0.32374942174713356,0.07062159457580325,-6.400075202288699,-2.0
7.605760576057606,0.5390208322647132,0.07125666293848638,-6.375272302185969,-2.0
7.606760676067607,0.580990558468288,0.07189077117447149,-6.236900653570105,-2.0
7.607760776077607,0.6000253862477842,0.07252391338401647,-6.471255864371752,-2.0
7.608760876087609,0.46770135808728286,0.07315608367930965,-6.429043976149173,-2.0
7.6097609760976095,0.5175176985227123,0.07378727618452406,-6.539693326685356,-2.0
7.610761076107611,0.480002206656501,0.07441748503587448,-6.474541830976012,-2.0
7.611761176117612,0.42354376048983783,0.07504670438166788,-6.559901365149848,-2.0
7.612761276127613,0.5575402173335468,0.07567492838235729,-6.553607121351049,-2.0
7.613761376137614,0.5657364609656859,0.07630215121059476,-6.471488952688361,-2.0
7.614761476147615,0.4611623852298135,0.076928367051285,-6.30143604523435,-2.0
7.615761576157616,0.5531111203312762,0.07755357010163524,-6.298466135629152,-2.0
7.6167616761676165,0.32814379399811733,0.07817775457121132,-6.398557470213408,-2.0
7.617761776177618,0.5142157631948734,0.07880091468199087,-6.236326254705681,-2.0
7.618761876187619,0.5157548359097737,0.0794230446684093,-6.227226385412911,-2.0
7.61976197619762,0.41431334839870193,0.08004413877741891,-6.310184737390289,-2.0
7.620762076207621,0.4153428458627467,0.08066419126853738,-6.4718267595899235,-2.0
7.621762176217622,0.4758232860196382,0.08128319641390115,-6.5259602010474955,-2.0
7.622762276227623,0.303563616638944,0.08190114849831416,-6.7111641591943245,-2.0
7.623762376237623,0.525947354875631,0.08251804181930306,-6.676181415573872,-2.0
7.624762476247625,0.4282305579984036,0.08313387068716926,-6.637215316402806,-2.0
7.6257625762576255,0.30088917706106255,0.08374862942503399,-6.690150067149857,-2.0
7.626762676267627,0.4048125703110155,0.08436231236889621,-6.833391695386364,-2.0
7.627762776277628,0.33099374475447013,0.0849749138676804,-6.867421936381419,-2.0
7.628762876287629,0.5239376941344063,0.08558642828328852,-6.739268242054644,-2.0
7.62976297629763,0.4024276684974659,0.08619684999064807,-6.68417086023067,-2.0
7.63076307630763,0.5186540731888234,0.08680617337776597,-6.574252890532889,-2.0
7.631763176317632,0.5060907785548725,0.08741439284577983,-6.655885904271805,-2.0
7.6327632763276325,0.33037668684311616,0.08802150280900166,-6.744604866942367,-2.0
7.633763376337634,0.48092875456223383,0.08862749769497513,-6.890027461883829,-2.0
7.634763476347635,0.2778235338160619,0.089232371944522,-6.842838405786281,-2.0
7.635763576357636,0.12032591359351491,0.08983612001179304,-6.882606770977677,-2.0
7.636763676367637,0.3000762008388089,0.09043873636431456,-6.7543351260677955,-2.0
7.637763776377637,0.3005974588701401,0.09104021548304456,-6.8381465010505,-2.0
7.638763876387639,0.2570165560068579,0.09164055186241586,-6.770608315920015,-2.0
7.6397639763976395,0.3732864904664158,0.09223974001038601,-6.875407314497274,-2.0
7.640764076407641,0.32284462837057976,0.09283777444848977,-7.042694991586124,-2.0
7.641764176417642,0.2729913677940621,0.09343464971188516,-6.9580166604224365,-2.0
7.642764276427643,0.24662935839210579,0.09403036034940353,-7.0032594838967475,-2.0
7.643764376437644,0.10294858416622976,0.0946249009235947,-6.9327940409672015,-2.0
7.644764476447645,0.16090501430787574,0.09521826601078298,-6.590732297002551,-2.0
7.645764576457646,0.11746313571142655,0.0958104502011057,-6.41638587769917,-2.0
7.6467646764676465,0.008268383137409963,0.0964014480985688,-6.497805679868593,-2.0
7.647764776477648,0.2400326807616763,0.09699125432109153,-6.51794837794723,-2.0
7.648764876487649,0.01272296156191774,0.09757986350055466,-6.583397483996665,-2.0
7.64976497649765,0.13681905049029017,0.09816727028284893,-6.475650077616717,-2.0
7.650765076507651,0.35123404423955396,0.09875346932791912,-6.469738471574235,-2.0
7.651765176517652,0.25111966466820135,0.09933845530981864,-6.428736314543961,-2.0
7.652765276527653,0.08242196342251805,0.09992222291674736,-6.444089725260179,-2.0
7.653765376537653,0.1246495736309131,0.10050476685110603,-6.340785328519454,-2.0
7.654765476547655,0.2979195903861723,0.10108608182953947,-6.398951707574965,-2.0
7.6557655765576555,0.07631171568409695,0.10166616258298425,-6.22836643091177,-2.0
7.656765676567657,0.15060236874925,0.10224500385671498,-6.148964696076696,-2.0
7.657765776577658,0.18210837581016512,0.10282260041039072,-6.2048986708080625,-2.0
7.658765876587659,-0.07650944175241384,0.1033989470181017,-6.180491839819981,-2.0
7.65976597659766,0.15323712589989918,0.10397403846841284,-6.168169536200644,-2.0
7.66076607660766,0.1572880322919153,0.10454786956441289,-6.138308645804765,-2.0
7.661766176617662,0.13344289691099742,0.10512043512376071,-6.056277956911005,-2.0
7.6627662766276625,-0.08758150157990328,0.10569172997872484,-6.097182870634304,-2.0
7.663766376637664,0.053380262768944475,0.10626174897623554,-6.175865226938148,-2.0
7.664766476647665,-0.013562317130365167,0.10683048697792671,-6.103920215083922,-2.0
7.665766576657666,-0.023890735317441417,0.10739793886018215,-6.2671042716641985,-2.0
7.666766676667667,-0.20644319744371797,0.10796409951417787,-6.230555693929327,-2.0
7.667766776677667,-0.081752276566627,0.10852896384593005,-6.359049186586384,-2.0
7.668766876687669,-0.09059183237237661,0.10909252677634028,-6.285066450347847,-2.0
7.6697669766976695,-0.17416799034299824,0.10965478324123404,-6.220784113585291,-2.0
7.670767076707671,-0.0077517281143697145,0.11021572819141139,-6.0560050310265625,-2.0
7.671767176717672,-0.13811313846100126,0.1107753565926878,-6.060132192050052,-2.0
7.672767276727673,-0.0761113412761188,0.11133366342593934,-6.094272816432913,-2.0
7.673767376737674,-0.17527100765241083,0.11189064368714385,-6.163431154069411,-2.0
7.674767476747675,-0.1581239773227303,0.11244629238742822,-6.27809024986648,-2.0
7.675767576757676,0.0257056034756699,0.1130006045531093,-6.2349227770831686,-2.0
7.6767676767676765,-0.1144233924543808,0.11355357522573782,-6.32187856967165,-2.0
7.677767776777678,-0.25959970630928403,0.11410519946214116,-6.384003208260989,-2.0
7.678767876787679,0.019303763502624735,0.11465547233446662,-6.314805576272536,-2.0
7.67976797679768,-0.16613569027717304,0.11520438893022443,-6.292705962367056,-2.0
7.680768076807681,-0.22428112545451226,0.11575194435232722,-6.475330558847053,-2.0
7.681768176817682,-0.08239153748726602,0.11629813371913945,-6.303455520803064,-2.0
7.682768276827683,-0.2560443562899384,0.11684295216451067,-6.1938767538371415,-2.0
7.683768376837683,-0.16863757521063139,0.11738639483782438,-6.05193436906604,-2.0
7.684768476847685,-0.028753074288384667,0.11792845690403694,-6.076055867227143,-2.0
7.6857685768576856,-0.23655547244417674,0.11846913354371987,-6.171705911860823,-2.0
7.686768676867687,-0.10456984246134518,0.11900841995310174,-6.272901018953714,-2.0
7.687768776877688,-0.3181522832159731,0.11954631134410662,-6.399406698092117,-2.0
7.688768876887689,-0.3359315846728331,0.12008280294440216,-6.399079916363612,-2.0
7.68976897689769,-0.08435921108611047,0.12061788999743164,-6.326810588923961,-2.0
7.69076907690769,-0.22079167590652093,0.12115156776246175,-6.253408926645584,-2.0
7.691769176917692,-0.24140863668265902,0.1216838315146202,-6.362013221261155,-2.0
7.6927692769276925,-0.21206248171210046,0.12221467654493676,-6.256764857673758,-2.0
7.693769376937694,-0.22803499152487974,0.12274409816038409,-6.385783635789998,-2.0
7.694769476947695,-0.36832677295773075,0.12327209168391495,-6.342838090164989,-2.0
7.695769576957696,-0.4449916491809718,0.12379865245450884,-6.307146959700319,-2.0
7.696769676967697,-0.3795582723751507,0.12432377582720322,-6.427371432797384,-2.0
7.697769776977697,-0.20851789160407538,0.1248474571731391,-6.358269152357897,-2.0
7.698769876987699,-0.16848506738887928,0.12536969187960073,-6.426212663371037,-2.0
7.6997699769976995,-0.39032706591385186,0.12589047535004913,-6.323023927288963,-2.0
7.700770077007701,-0.10963410209918995,0.12640980300416732,-6.460485186575979,-2.0
7.701770177017702,-0.29851103595772344,0.12692767027789637,-6.4153549193208,-2.0
7.702770277027703,-0.4947585632828375,0.12744407262347499,-6.380671282651609,-2.0
7.703770377037704,-0.36553052599675656,0.12795900550947592,-6.477509665147979,-2.0
7.704770477047705,-0.42065252850680335,0.12847246442084786,-6.410344508801962,-2.0
7.705770577057706,-0.36620201406857167,0.1289844448589513,-6.4210550280964185,-2.0
7.7067706770677065,-0.206197883512666,0.12949494234159686,-6.40566547208795,-2.0
7.707770777077708,-0.37068620218299364,0.13000395240308363,-6.3021141126890345,-2.0
7.708770877087709,-0.5067469905466322,0.13051147059423637,-6.121789656798936,-2.0
7.70977097709771,-0.326251065140775,0.13101749248244382,-6.055650211836732,-2.0
7.710771077107711,-0.26887697267675614,0.13152201365169347,-6.140700673064906,-2.0
7.711771177117712,-0.4400084526086385,0.13202502970261248,-5.956519781899811,-2.0
7.712771277127713,-0.4368056240267643,0.13252653625250208,-5.953086074874793,-2.0
7.713771377137713,-0.41654347751735443,0.1330265289353748,-6.0688968122630556,-2.0
7.714771477147715,-0.45262515798896896,0.1335250034019914,-6.015488602249761,-2.0
7.7157715771577156,-0.6360409468472021,0.1340219553198969,-5.9182359951622505,-2.0
7.716771677167717,-0.5962510685402752,0.1345173803734577,-5.8772184834432375,-2.0
7.717771777177718,-0.539487299947857,0.13501127426389445,-5.9066240657776605,-2.0
7.718771877187719,-0.4900883715903891,0.1355036327093245,-5.971420645861095,-2.0
7.71977197719772,-0.4989471808086832,0.13599445144478925,-6.1940238791897135,-2.0
7.72077207720772,-0.4589040041922013,0.13648372622229635,-6.063000024760631,-2.0
7.721772177217722,-0.4779433358604197,0.13697145281085163,-6.047570699221933,-2.0
7.7227722772277225,-0.4528768285404689,0.13745762699649522,-6.14857909407609,-2.0
7.723772377237724,-0.6534186158407141,0.13794224458233695,-6.031315940043683,-2.0
7.724772477247725,-0.484213453134233,0.13842530138858816,-6.000114328020627,-2.0
7.725772577257726,-0.5463809302852779,0.1389067932526026,-6.198304284678567,-2.0
7.726772677267727,-0.5970682478403607,0.13938671602890298,-6.217046062553641,-2.0
7.727772777277727,-0.5539837877217116,0.1398650655892213,-6.215120827829979,-2.0
7.728772877287729,-0.4863552454060189,0.14034183782252999,-6.1898108616295975,-2.0
7.7297729772977295,-0.6027158073776435,0.14081702863507642,-6.233382273967422,-2.0
7.730773077307731,-0.7481589730227992,0.14129063395041724,-6.225324571928322,-2.0
7.731773177317732,-0.6887250242086107,0.14176264970944874,-6.34330568602291,-2.0
7.732773277327733,-0.5248244883171425,0.14223307187044648,-6.231336871934101,-2.0
7.733773377337734,-0.5203565946174246,0.14270189640909078,-6.154288570428386,-2.0
7.734773477347735,-0.6158109177345813,0.14316911931850518,-6.150918211822456,-2.0
7.735773577357736,-0.5560119755268236,0.143634736609287,-6.197970510441224,-2.0
7.7367736773677365,-0.6991344539724462,0.14409874430954023,-6.304950547244008,-2.0
7.737773777377738,-0.7395013242490525,0.14456113846490765,-6.394572111571087,-2.0
7.738773877387739,-0.8406646334654589,0.14502191513860332,-6.330054648625566,-2.0
7.73977397739774,-0.6629271111278324,0.1454810704114451,-6.326419773606273,-2.0
7.740774077407741,-0.7529906460518748,0.14593860038188392,-6.374708111979064,-2.0
7.741774177417742,-0.5853095002943336,0.14639450116603908,-6.485912208768737,-2.0
7.742774277427743,-0.6194275205620642,0.14684876889772722,-6.523700553436139,-2.0
7.743774377437743,-0.7228502770150144,0.1473013997284943,-6.465996079601635,-2.0
7.744774477447745,-0.4414660150788743,0.1477523898276463,-6.507396867405152,-2.0
7.745774577457746,-0.5990627790470028,0.14820173538228062,-6.361159070873353,-2.0
7.746774677467747,-0.4911933156588442,0.14864943259731678,-6.396046874822963,-2.0
7.747774777477748,-0.6888104997401387,0.14909547769552503,-6.200859047486715,-2.0
7.748774877487749,-0.5601015028218261,0.14953986691755963,-6.266908226754821,-2.0
7.74977497749775,-0.783072349823807,0.1499825965219872,-6.225433427496517,-2.0
7.75077507750775,-0.7573332233909884,0.1504236627853168,-6.1393954645230675,-2.0
7.751775177517752,-0.5756770457363696,0.15086306200202962,-6.113286599037511,-2.0
7.7527752775277525,-0.6000603322141648,0.15130079048460904,-6.20810269531793,-2.0
7.753775377537754,-0.725742278675843,0.1517368445635697,-6.216035570789584,-2.0
7.754775477547755,-0.7635399970960381,0.15217122058748533,-6.125759521782421,-2.0
7.755775577557756,-0.6364054057279345,0.15260391492302028,-6.065810941935357,-2.0
7.756775677567757,-0.8276102125294893,0.15303492395495655,-6.109829851484925,-2.0
7.757775777577757,-0.713860122964233,0.1534642440862227,-5.988766979533885,-2.0
7.758775877587759,-0.6807744016675327,0.15389187173792224,-6.083752617583376,-2.0
7.7597759775977595,-0.6831886071980491,0.15431780334936201,-5.979752975867609,-2.0
7.760776077607761,-0.9727455847132013,0.1547420353780805,-6.076605736949027,-2.0
7.761776177617762,-0.7731117184888782,0.1551645642998732,-5.9684200049495395,-2.0
7.762776277627763,-0.6857113280563536,0.15558538660882576,-6.002046861992458,-2.0
7.763776377637764,-0.8774076014701626,0.15600449881733444,-5.937106065872731,-2.0
7.764776477647765,-0.8522882544846203,0.1564218974561387,-5.917925569117515,-2.0
7.765776577657766,-0.6080344756204717,0.156837579074346,-5.996040839894455,-2.0
7.7667766776677665,-0.7974017817075538,0.1572515402394589,-6.099153184027904,-2.0
7.767776777677768,-0.595975367397978,0.15766377753740224,-6.154043117678885,-2.0
7.768776877687769,-0.5392151287794128,0.15807428757254738,-5.98345540161471,-2.0
7.76977697769777,-0.6663046708260284,0.15848306696774364,-6.044968789096053,-2.0
7.770777077707771,-0.6353730618866466,0.15889011236433753,-6.036435754239203,-2.0
7.771777177717772,-0.6989392141090895,0.15929542042220418,-5.989838141743414,-2.0
7.772777277727773,-0.6628773740268633,0.15969898781977035,-6.059494196333614,-2.0
7.773777377737773,-0.8796427433566552,0.16010081125404052,-5.996244136874587,-2.0
7.774777477747775,-0.6685083588295666,0.16050088744062288,-5.856221690601115,-2.0
7.775777577757776,-0.8145685837811706,0.16089921311375166,-5.8471226274585035,-2.0
7.776777677767777,-0.8622969034337079,0.16129578502631753,-5.798999489222869,-2.0
7.777777777777778,-0.7396855013390129,0.16169059994988572,-5.835249851048559,-2.0
7.778777877787779,-0.9035060358003574,0.1620836546747255,-5.697715912786649,-2.0
7.77977797779778,-0.8432647292043458,0.16247494600983234,-5.5923986083131885,-2.0
7.78077807780778,-0.8917388240168418,0.16286447078295246,-5.541430061925441,-2.0
7.781778177817782,-0.9404071996885489,0.16325222584060683,-5.675153943932658,-2.0
7.7827782778277825,-0.7675350944038426,0.16363820804811482,-5.563833645082605,-2.0
7.783778377837784,-0.8620567635021003,0.1640224142896181,-5.71180187357656,-2.0
7.784778477847785,-1.0567077361653179,0.16440484146810264,-5.823109233759735,-2.0
7.785778577857786,-0.9455762773271086,0.1647854865054238,-5.887179949902831,-2.0
7.786778677867787,-0.8542924989203226,0.16516434634232824,-5.7513749422907114,-2.0
7.787778777877787,-0.8510661053402387,0.16554141793847676,-5.704631101299428,-2.0
7.788778877887789,-0.9748336096105763,0.16591669827246686,-5.388886845143798,-2.0
7.7897789778977895,-0.8866193424137907,0.16629018434185514,-5.297048528007778,-2.0
7.790779077907791,-0.8540345459064843,0.16666187316318,-5.352307516011928,-2.0
7.791779177917792,-0.9083801970222651,0.1670317617719818,-5.3132436967710985,-2.0
7.792779277927793,-1.0099166779114106,0.16739984722282722,-5.5032613934578904,-2.0
7.793779377937794,-1.0373067582641151,0.1677661265893291,-5.455640577385012,-2.0
7.794779477947795,-1.0225622919655188,0.16813059696416877,-5.552889959288983,-2.0
7.795779577957796,-1.0159120811204885,0.16849325545911503,-5.634133151808434,-2.0
7.7967796779677965,-0.9330209865218977,0.16885409920504937,-5.6121884367871395,-2.0
7.797779777977798,-0.9569325882972953,0.16921312535198305,-5.558931653004447,-2.0
7.798779877987799,-0.8948401568204429,0.1695703310690775,-5.694484317992125,-2.0
7.7997799779978,-0.884200293002342,0.16992571354466912,-5.5469510642170405,-2.0
7.800780078007801,-0.9876688491614933,0.17027926998628357,-5.560372663138437,-2.0
7.801780178017802,-1.0565675086799386,0.17063099762066014,-5.584142146727947,-2.0
7.802780278027803,-0.9418559594218479,0.1709808936937698,-5.451877800650582,-2.0
7.8037803780378034,-0.8536303607631399,0.17132895547083504,-5.393897985515194,-2.0
7.804780478047805,-0.8224406354940134,0.1716751802363496,-5.329820473807705,-2.0
7.805780578057806,-1.0228072020241714,0.17201956529409573,-5.189266238054338,-2.0
7.806780678067807,-0.8689807683663261,0.17236210796716783,-5.195055175424746,-2.0
7.807780778077808,-0.8980962330000792,0.1727028055979853,-5.161868074212974,-2.0
7.808780878087809,-1.063712351328892,0.17304165554831558,-5.000722663946655,-2.0
7.80978097809781,-0.8370756474182953,0.17337865519929083,-5.048853957250835,-2.0
7.81078107810781,-1.06968937071734,0.17371380195142638,-5.031456102856843,-2.0
7.811781178117812,-1.1310618487244655,0.17404709322463902,-4.99492228141021,-2.0
7.8127812781278125,-1.1818134694996663,0.17437852645826293,-4.806208907180591,-2.0
7.813781378137814,-1.0358743592027697,0.17470809911107182,-4.811674698851816,-2.0
7.814781478147815,-0.9988345422354405,0.17503580866129043,-4.798566196478093,-2.0
7.815781578157816,-0.9619700689412498,0.1753616526066163,-4.764417174983572,-2.0
7.816781678167817,-0.8575261283849476,0.17568562846423494,-4.84982937442506,-2.0
7.817781778177817,-0.8652965388557214,0.1760077337708368,-4.802625055047427,-2.0
7.818781878187819,-0.9761131867501182,0.17632796608263382,-4.7872769679891025,-2.0
7.8197819781978195,-0.9031332458829034,0.17664632297537622,-4.832076480526074,-2.0
7.820782078207821,-0.9957336515776989,0.1769628020443687,-4.933257486277237,-2.0
7.821782178217822,-1.0489318442960853,0.17727740090448507,-4.95350304238925,-2.0
7.822782278227823,-1.005337982063645,0.17759011719018644,-5.086737084677632,-2.0
7.823782378237824,-1.1703106890388049,0.17790094855553518,-5.160206147379252,-2.0
7.824782478247825,-0.9699160190475591,0.178209892674211,-5.260234220103889,-2.0
7.825782578257826,-0.8994603214513514,0.17851694723952452,-5.309979370650045,-2.0
7.8267826782678265,-0.856084800323401,0.17882210996443598,-5.327093986106106,-2.0
7.827782778277828,-1.0538908572371275,0.17912537858156638,-5.340396714634376,-2.0
7.828782878287829,-1.1804888797444943,0.1794267508432128,-4.987090930051729,-2.0
7.82978297829783,-0.9894151046578522,0.17972622452136455,-5.0325460816292775,-2.0
7.830783078307831,-0.9547399804417457,0.18002379740771596,-5.094582522275601,-2.0
7.831783178317832,-0.9033256514472202,0.18031946731368073,-5.041344129468303,-2.0
7.832783278327833,-1.0158137362944901,0.1806132320704046,-5.0800304023618095,-2.0
7.8337833783378334,-1.0215437544359542,0.18090508952878206,-5.1250490787178835,-2.0
7.834783478347835,-0.9435250625869268,0.18119503755946642,-5.11337285093528,-2.0
7.835783578357836,-0.8484233989191919,0.18148307405288397,-5.245218634375235,-2.0
7.836783678367837,-1.07614944602004,0.18176919691924798,-5.084591250680282,-2.0
7.837783778377838,-0.950463423319774,0.18205340408857076,-5.162993184336619,-2.0
7.838783878387839,-0.9138285205829749,0.18233569351067624,-5.116339103700251,-2.0
7.83978397839784,-1.0016024963241734,0.1826160631552124,-5.161980162640441,-2.0
7.84078407840784,-0.9402468006796031,0.18289451101166346,-5.240074590046271,-2.0
7.841784178417842,-0.8808516261990222,0.18317103508936233,-5.1580180459784515,-2.0
7.8427842784278425,-0.9951471906704186,0.18344563341750064,-5.150891742944584,-2.0
7.843784378437844,-1.1916052006629503,0.18371830404514394,-5.19979936776507,-2.0
7.844784478447845,-1.0243242333154088,0.1839890450412385,-5.268083887287656,-2.0
7.845784578457846,-1.0049210073932031,0.18425785449462614,-5.404552433360262,-2.0
7.846784678467847,-0.9078223068274117,0.18452473051405363,-5.327769419058252,-2.0
7.847784778477847,-0.9681430581210237,0.18478967122818352,-5.2471229343648345,-2.0
7.848784878487849,-0.9128318086076803,0.18505267478560536,-5.328173990748291,-2.0
7.8497849784978495,-1.081727342063054,0.18531373935484438,-5.255960160944078,-2.0
7.850785078507851,-0.9240471766322067,0.18557286312437507,-5.186147750339527,-2.0
7.851785178517852,-1.0876547896058237,0.1858300443026269,-5.111016938693664,-2.0
7.852785278527853,-1.0879823182446247,0.18608528111799724,-5.059760881878081,-2.0
7.853785378537854,-1.2438693347383158,0.18633857181885974,-4.903714418569624,-2.0
7.854785478547855,-1.0220549893570379,0.18658991467357414,-4.8733606051768845,-2.0
7.855785578557856,-0.7897849192987197,0.1868393079704942,-4.8143860474007845,-2.0
7.8567856785678565,-0.9905564668242789,0.18708675001797806,-4.93826281073353,-2.0
7.857785778577858,-0.9909979688805808,0.18733223914439767,-5.050032179637923,-2.0
7.858785878587859,-1.234076321513204,0.18757577369814438,-4.9747742327112885,-2.0
7.85978597859786,-0.9602005233189356,0.18781735204764016,-4.924672604674619,-2.0
7.860786078607861,-0.8186149852404094,0.18805697258134463,-4.902331572325732,-2.0
7.861786178617862,-0.9846261005883599,0.1882946337077634,-4.799446055106538,-2.0
7.862786278627863,-0.8392950031691688,0.18853033385545429,-4.973255438298782,-2.0
7.8637863786378635,-0.898381444582215,0.18876407147303792,-4.950157304439003,-2.0
7.864786478647865,-0.8748299515937279,0.1889958450292025,-4.990138754426471,-2.0
7.865786578657866,-0.8124691933296445,0.18922565301271105,-4.806798205768167,-2.0
7.866786678667867,-0.7379768659998296,0.18945349393240993,-4.646131154908008,-2.0
7.867786778677868,-1.0244712191587377,0.18967936631723456,-4.706504167811917,-2.0
7.868786878687869,-0.8867580173451229,0.1899032687162163,-4.66499503165577,-2.0
7.86978697869787,-0.8488026476447199,0.19012519969848743,-4.747062141480374,-2.0
7.87078707870787,-0.8971915033043115,0.1903451578532903,-4.835910444148148,-2.0
7.871787178717872,-1.0991355056169152,0.19056314178998032,-4.887020763955716,-2.0
7.8727872787278725,-0.8406495000914082,0.19077915013803254,-4.951281092922089,-2.0
7.873787378737874,-0.9827010495992052,0.19099318154704817,-4.946915766114429,-2.0
7.874787478747875,-1.0495199094401573,0.19120523468675887,-4.971673923198912,-2.0
7.875787578757876,-0.8588936227013404,0.19141530824703257,-5.174649723125715,-2.0
7.876787678767877,-1.0896014097021065,0.1916234009378768,-5.415091037272,-2.0
7.877787778777877,-1.0571760711539668,0.1918295114894465,-5.53205083275893,-2.0
7.878787878787879,-0.8119115567387996,0.19203363865204562,-5.6719749529419055,-2.0
7.8797879787978795,-0.7906003124283252,0.1922357811961319,-5.714555912895336,-2.0
7.880788078807881,-0.9681755651221714,0.1924359379123235,-5.7175080408417545,-2.0
7.881788178817882,-0.9011146875492443,0.19263410761139907,-5.6148261493569365,-2.0
7.882788278827883,-0.9733805713673916,0.1928302891243045,-5.526332452009177,-2.0
7.883788378837884,-0.7893491344534922,0.19302448130215527,-5.482844955214404,-2.0
7.884788478847885,-0.8058475313675486,0.19321668301623993,-5.490174213265992,-2.0
7.885788578857886,-0.9400534746874237,0.19340689315802248,-5.633009206509534,-2.0
7.8867886788678865,-0.8918202223447463,0.19359511063914656,-5.635980754453391,-2.0
7.887788778877888,-0.9526665033891661,0.19378133439143816,-5.381922867409834,-2.0
7.888788878887889,-0.8364597789793193,0.19396556336690612,-5.327817363851455,-2.0
7.88978897889789,-0.824444785632599,0.19414779653774694,-5.450827156551964,-2.0
7.890789078907891,-0.7911675695207293,0.19432803289634548,-5.667357887918818,-2.0
7.891789178917892,-0.8650985542548293,0.1945062714552775,-5.631888352955404,-2.0
7.892789278927893,-0.8033773909940805,0.19468251124731023,-5.767602546832548,-2.0
7.8937893789378935,-0.9513969394354617,0.1948567513254054,-5.771487924982012,-2.0
7.894789478947895,-0.8528959079720674,0.19502899076272046,-5.803975820289783,-2.0
7.895789578957896,-0.8835619477446194,0.1951992286526077,-5.839928492975628,-2.0
7.896789678967897,-0.9518488273656357,0.1953674641086175,-5.7547614894782315,-2.0
7.897789778977898,-0.6471335229082794,0.19553369626449799,-5.49707627584805,-2.0
7.898789878987899,-0.7298709270468056,0.19569792427419563,-5.425117028515396,-2.0
7.8997899789979,-0.740756939526841,0.19586014731185492,-5.521142828234396,-2.0
7.9007900790079,-0.8262240200420308,0.19602036457182026,-5.5075889129623,-2.0
7.901790179017902,-0.9743965157136842,0.19617857526863416,-5.494353480705372,-2.0
7.9027902790279025,-0.811781886692752,0.1963347786370371,-5.418485592578773,-2.0
7.903790379037904,-0.8021636777115522,0.19648897393196801,-5.405012453170046,-2.0
7.904790479047905,-0.8499210591810977,0.1966411604285629,-5.361569813854145,-2.0
7.905790579057906,-0.7874644706740878,0.19679133742215416,-5.313026725316778,-2.0
7.906790679067907,-0.6080516721884123,0.19693950422826875,-5.166576440946068,-2.0
7.907790779077907,-0.7199634867187528,0.19708566018262855,-5.085499631826796,-2.0
7.908790879087909,-0.8756952457545825,0.1972298046411473,-5.058344369601147,-2.0
7.9097909790979095,-0.7353615746273124,0.19737193697992922,-5.0435622225191725,-2.0
7.910791079107911,-0.7631673320876445,0.19751205659526774,-4.856334530209475,-2.0
7.911791179117912,-0.8150575503478847,0.19765016290364293,-4.969693586056568,-2.0
7.912791279127913,-0.751600969184519,0.1977862553417195,-5.046042573788793,-2.0
7.913791379137914,-0.8224645396526556,0.1979203333663434,-5.250684539374558,-2.0
7.914791479147915,-0.5349057226953733,0.19805239645454098,-5.391149450650416,-2.0
7.915791579157916,-0.7389234565281263,0.1981824441035139,-5.435691963613704,-2.0
7.9167916791679165,-0.6521843700521026,0.19831047583063766,-5.400255564019187,-2.0
7.917791779177918,-0.58827835762436,0.1984364911734576,-5.431867623885336,-2.0
7.918791879187919,-0.9575396171010833,0.19856048968968576,-5.506074113054246,-2.0
7.91979197919792,-0.6980075398654357,0.19868247095719674,-5.511048918421434,-2.0
7.920792079207921,-0.6501742044726703,0.1988024345740243,-5.664067709706959,-2.0
7.921792179217922,-0.7420852465923107,0.1989203801583572,-5.620616260390609,-2.0
7.922792279227923,-0.5187838787928127,0.19903630734853422,-5.678086011229784,-2.0
7.9237923792379235,-0.7775294610390184,0.1991502158030406,-5.653437022204173,-2.0
7.924792479247925,-0.46302596534190077,0.19926210520050364,-5.6244699066316,-2.0
7.925792579257926,-0.568175911614233,0.1993719752396862,-5.610999288703505,-2.0
7.926792679267927,-0.5432083823394073,0.1994798256394831,-5.586819441154863,-2.0
7.927792779277928,-0.7332375808355571,0.1995856561389155,-5.676033572382888,-2.0
7.928792879287929,-0.615446370104162,0.1996894664971254,-5.73934713596255,-2.0
7.92979297929793,-0.7074237408184469,0.19979125649336946,-5.741345228508807,-2.0
7.93079307930793,-0.796349252023332,0.19989102592701374,-5.824592997267105,-2.0
7.931793179317932,-0.4468473583354323,0.1999887746175283,-5.915936033344355,-2.0
7.9327932793279325,-0.560114742295143,0.20008450240447898,-5.726873935324914,-2.0
7.933793379337934,-0.458604842797517,0.2001782091475227,-5.674722818233434,-2.0
7.934793479347935,-0.47337457103876074,0.20026989472640042,-5.6997046754575,-2.0
7.935793579357936,-0.638422735031015,0.20035955904092984,-5.753262704281213,-2.0
7.936793679367937,-0.43115228772302683,0.20044720201099847,-5.678738878851046,-2.0
7.937793779377937,-0.6073841000547096,0.2005328235765569,-5.700960650027414,-2.0
7.938793879387939,-0.5046043054041769,0.2006164236976112,-5.567709851478061,-2.0
7.9397939793979395,-0.44032052543204575,0.20069800235421453,-5.656499926453825,-2.0
7.940794079407941,-0.5303659615778133,0.2007775595464604,-5.6360886492742255,-2.0
7.941794179417942,-0.43602319375566945,0.20085509529447407,-5.776020164361917,-2.0
7.942794279427943,-0.6283251776687909,0.20093060963840448,-5.766288724181898,-2.0
7.943794379437944,-0.5913341825972667,0.2010041026384154,-5.8191253322035426,-2.0
7.944794479447945,-0.46920651389357826,0.20107557437467807,-5.9747025113858605,-2.0
7.945794579457946,-0.43591268462940896,0.20114502494736083,-5.813037835978205,-2.0
7.9467946794679465,-0.36886668854973276,0.20121245447662112,-5.692605974864786,-2.0
7.947794779477948,-0.41146323152125913,0.2012778631025961,-5.604146144135205,-2.0
7.948794879487949,-0.690742973180215,0.20134125098539324,-5.57145558277442,-2.0
7.94979497949795,-0.6889462897251282,0.2014026183050806,-5.552147256722797,-2.0
7.950795079507951,-0.3844394183209244,0.20146196526167717,-5.577782809395534,-2.0
7.951795179517952,-0.5060035379029025,0.20151929207514319,-5.61075039114751,-2.0
7.952795279527953,-0.46147071380501625,0.20157459898536928,-5.60473759995326,-2.0
7.9537953795379535,-0.3356012884372184,0.20162788625216702,-5.426267900269138,-2.0
7.954795479547955,-0.3660854083421047,0.20167915415525756,-5.311286068834855,-2.0
7.955795579557956,-0.39593943834346385,0.20172840299426137,-5.120812988458528,-2.0
7.956795679567957,-0.3415515642460483,0.2017756330886874,-5.260411864476492,-2.0
7.957795779577958,-0.4544679966218268,0.20182084477792128,-5.274025118607573,-2.0
7.958795879587959,-0.3214665902675122,0.20186403842121506,-5.284354826517609,-2.0
7.95979597959796,-0.4306211567626861,0.2019052143976746,-5.125684664976398,-2.0
7.96079607960796,-0.5157941937599462,0.20194437310624874,-5.0587969096749115,-2.0
7.961796179617962,-0.4747197196621971,0.20198151496571692,-5.015619908436441,-2.0
7.9627962796279625,-0.2640487915995861,0.20201664041467726,-5.042917520465166,-2.0
7.963796379637964,-0.2798266935409308,0.20204974991153432,-4.897880601093789,-2.0
7.964796479647965,-0.24473537084013097,0.2020808439344866,-4.927418366826843,-2.0
7.965796579657966,-0.30715761302830863,0.20210992298151373,-4.755698806563017,-2.0
7.966796679667967,-0.24245735922169193,0.202136987570364,-4.63782772943009,-2.0
7.967796779677967,-0.19577036883166088,0.2021620382385407,-4.748659801550667,-2.0
7.968796879687969,-0.3778065906283083,0.2021850755432898,-4.802487510317666,-2.0
7.9697969796979695,-0.27026480393186053,0.20220610006158565,-4.6805451623923275,-2.0
7.970797079707971,-0.32087870738707713,0.2022251123901178,-4.779691987562453,-2.0
7.971797179717972,-0.2172899125019457,0.2022421131452772,-4.737042593825684,-2.0
7.972797279727973,-0.4564794870478991,0.20225710296314214,-4.624914778937351,-2.0
7.973797379737974,-0.33648346769584675,0.20227008249946404,-4.651454503184735,-2.0
7.974797479747975,-0.29858919380524884,0.20228105242965305,-4.538140076686456,-2.0
7.975797579757976,-0.3624678388682924,0.20229001344876377,-4.565171688297101,-2.0
7.9767976797679765,-0.33176949058148086,0.20229696627148017,-4.6533726056104925,-2.0
7.977797779777978,-0.3541743546242185,0.20230191163210076,-4.708302076573105,-2.0
7.978797879787979,-0.13127155494739645,0.2023048502845236,-4.775812817505286,-2.0
7.97979797979798,-0.22853571620275545,0.20230578300223084,-4.751112247332478,-2.0
7.980798079807981,-0.14554157908496776,0.20230471057827326,-4.741968486178087,-2.0
7.981798179817982,-0.17894256887093143,0.2023016338252545,-4.596255677503654,-2.0
7.982798279827983,-0.28873158661809106,0.20229655357531565,-4.6172109172571325,-2.0
7.9837983798379835,-0.12838434321085734,0.20228947068011832,-4.524612675692579,-2.0
7.984798479847985,-0.07896967260310922,0.20228038601082918,-4.424055702646844,-2.0
7.985798579857986,-0.09679509579187218,0.2022693004581033,-4.358647831693582,-2.0
7.986798679867987,-0.2723652413791814,0.20225621493206727,-4.496867708490509,-2.0
7.987798779877988,-0.07567232506916884,0.2022411303623027,-4.507702384625182,-2.0
7.988798879887989,-0.20354170326469734,0.2022240476978292,-4.564020868966952,-2.0
7.98979897989799,-0.22314143279067,0.20220496790708695,-4.626279704754529,-2.0
7.99079907990799,-0.060345584617121736,0.20218389197791958,-4.747866774137996,-2.0
7.991799179917992,-0.17346935790114668,0.20216082091755663,-4.766707330725694,-2.0
7.9927992799279926,-0.24371667310576223,0.20213575575259563,-4.784071428088685,-2.0
7.993799379937994,0.05786677356594033,0.20210869752898428,-4.767611369541884,-2.0
7.994799479947995,0.11101748217859136,0.20207964731200234,-4.708390003023585,-2.0
7.995799579957996,0.17546577578221453,0.20204860618624354,-4.826316167129902,-2.0
7.996799679967997,0.09396118778009135,0.20201557525559674,-4.860741242145117,-2.0
7.997799779977997,-0.12764256313275693,0.20198055564322737,-4.962646667426354,-2.0
7.998799879987999,0.07193915241832902,0.20194354849155888,-4.81577231825046,-2.0
7.9997999799979995,0.014703607072212537,0.20190455496225343,-4.834827728697299,-2.0
8.000800080008,-0.08270479295320604,0.20186357623619267,-4.726426454569141,-2.0
8.001800180018002,-0.014223882447102754,0.20182061351345856,-4.764982415791528,-2.0
8.002800280028003,0.00968334640464966,0.20177566801331365,-4.7583116644761425,-2.0
8.003800380038005,0.0390828262255321,0.2017287409741813,-4.775685208308477,-2.0
8.004800480048004,-0.015426568722944664,0.201679833653626,-4.679720105034653,-2.0
8.005800580058006,0.19571874725217195,0.2016289473283327,-4.648075244075212,-2.0
8.006800680068007,0.10041988403883133,0.20157608329408713,-4.526291751946619,-2.0
8.007800780078007,0.2529366689616873,0.20152124286575512,-4.409267804199817,-2.0
8.008800880088009,0.2760045769756409,0.20146442737726156,-4.326705559161759,-2.0
8.00980098009801,0.022875941233720734,0.20140563818157015,-4.37400854750161,-2.0
8.010801080108012,-0.1373011820191508,0.20134487665066195,-4.449478272189229,-2.0
8.011801180118011,-0.044426144466011994,0.20128214417551457,-4.282168078392695,-2.0
8.012801280128013,0.2560534694483384,0.20121744216608015,-4.322491043864455,-2.0
8.013801380138014,0.15807471620547855,0.2011507720512644,-4.367633766869218,-2.0
8.014801480148014,0.06562772897873648,0.2010821352789049,-4.412055799499971,-2.0
8.015801580158016,0.13545104857536377,0.20101153331574845,-4.180249330258377,-2.0
8.016801680168017,0.0604358266723148,0.20093896764742972,-4.1372212121907275,-2.0
8.017801780178019,0.05426721619336805,0.2008644397784488,-4.073894926660519,-2.0
8.018801880188018,0.23135413642716218,0.2007879512321487,-4.119013619802588,-2.0
8.01980198019802,0.12665628618297778,0.20070950355069214,-4.178776448309959,-2.0
8.020802080208021,0.18021774997829612,0.20062909829503986,-4.1724401241728835,-2.0
8.021802180218021,0.327385773225868,0.20054673704492704,-4.1798138612913425,-2.0
8.022802280228023,0.16942022222769584,0.20046242139883957,-4.145575345632298,-2.0
8.023802380238024,0.2449297196535387,0.20037615297399183,-4.165553102186881,-2.0
8.024802480248026,0.21464085210144074,0.2002879334063026,-4.265120135369803,-2.0
8.025802580258025,0.25299886508418895,0.2001977643503712,-4.349160160346833,-2.0
8.026802680268027,0.22779871685753855,0.20010564747945367,-4.3448196833065165,-2.0
8.027802780278028,0.3081470150267032,0.20001158448543932,-4.197799267907968,-2.0
8.028802880288028,0.19321959970775146,0.19991557707882585,-4.330750594254347,-2.0
8.02980298029803,0.46112048145297085,0.19981762698869485,-4.419716234297332,-2.0
8.030803080308031,0.18159770265500252,0.19971773596268805,-4.369522515785245,-2.0
8.031803180318033,0.3462118427065932,0.19961590576698196,-4.305613952940012,-2.0
8.032803280328032,0.2903833312362342,0.19951213818626307,-4.227946654409324,-2.0
8.033803380338034,0.2888259184069803,0.1994064350237024,-4.315881437972499,-2.0
8.034803480348035,0.358347802542062,0.19929879810093112,-4.259528749032447,-2.0
8.035803580358035,0.30169721111340597,0.19918922925801455,-4.467692762544756,-2.0
8.036803680368036,0.3077904265774046,0.19907773035342607,-4.423855299032937,-2.0
8.037803780378038,0.21779104461200707,0.19896430326402245,-4.634898403937175,-2.0
8.03880388038804,0.43893577822779317,0.19884894988501728,-4.708272151319565,-2.0
8.03980398039804,0.2002438892286189,0.19873167212995474,-4.555398286841587,-2.0
8.04080408040804,0.26778055923466937,0.19861247193068318,-4.447551481932111,-2.0
8.041804180418042,0.4705358056252991,0.19849135123732947,-4.449724422760775,-2.0
8.042804280428042,0.3420898591337142,0.19836831201827168,-4.577570955512644,-2.0
8.043804380438043,0.1971598181770871,0.1982433562601119,-4.5950981242552835,-2.0
8.044804480448045,0.3305582516067971,0.1981164859676506,-4.777599912521972,-2.0
8.045804580458046,0.48102170753107243,0.19798770316385797,-4.836789021178835,-2.0
8.046804680468046,0.5349789110873691,0.19785700988984817,-4.954271759860385,-2.0
8.047804780478048,0.6492353962791283,0.19772440820484977,-4.866011538878742,-2.0
8.04880488048805,0.36337173193799127,0.19758990018618033,-4.798205654820764,-2.0
8.04980498049805,0.46691902115685907,0.19745348792921713,-4.87624831973762,-2.0
8.05080508050805,0.47529876874683086,0.19731517354737,-4.866799852144612,-2.0
8.051805180518052,0.535679419341296,0.19717495917205197,-4.806501567914327,-2.0
8.052805280528053,0.31217795293709305,0.1970328469526524,-4.869319625979276,-2.0
8.053805380538053,0.5711831780384198,0.1968888390565082,-4.806793870204154,-2.0
8.054805480548055,0.48132883681506117,0.1967429376688735,-4.874554445267659,-2.0
8.055805580558056,0.4723509667093736,0.19659514499289366,-4.929580116326914,-2.0
8.056805680568058,0.5213933463140858,0.1964454632495737,-4.794499877058196,-2.0
8.057805780578057,0.5258504619342873,0.19629389467775113,-4.842245839789389,-2.0
8.058805880588059,0.4110189956080651,0.1961404415340647,-4.781604180174254,-2.0
8.05980598059806,0.5180645257197916,0.19598510609292655,-4.885410918828455,-2.0
8.06080608060806,0.642951077946968,0.1958278906464922,-4.950263286104318,-2.0
8.061806180618062,0.5222002562008172,0.19566879750462968,-4.961045537872658,-2.0
8.062806280628063,0.6160652398421572,0.1955078289948911,-4.992939997232106,-2.0
8.063806380638065,0.42385814911131536,0.1953449874624814,-4.966103755827787,-2.0
8.064806480648064,0.7580711863367591,0.195180275270229,-5.127236343375063,-2.0
8.065806580658066,0.5691593348459763,0.19501369479855377,-5.222056024873472,-2.0
8.066806680668067,0.42212208608213386,0.194845248445438,-5.203285625583117,-2.0
8.067806780678067,0.6237731040911616,0.1946749386263954,-5.133429490188117,-2.0
8.068806880688069,0.7738126356357046,0.1945027677744389,-5.047271021757309,-2.0
8.06980698069807,0.6987467487216302,0.19432873834005085,-5.048380057929648,-2.0
8.070807080708072,0.7028916103429362,0.19415285279115138,-5.2035533191959225,-2.0
8.071807180718071,0.7458718646716682,0.19397511361306724,-5.139288850908037,-2.0
8.072807280728073,0.5110537772907014,0.1937955233084989,-5.042883776304421,-2.0
8.073807380738074,0.7619021194296696,0.19361408439749025,-5.007416244207002,-2.0
8.074807480748074,0.6474870155169055,0.19343079941739688,-4.988575043709755,-2.0
8.075807580758076,0.6948408087108815,0.19324567092285205,-4.981008422197095,-2.0
8.076807680768077,0.5191877033622072,0.19305870148573653,-5.036199478336279,-2.0
8.077807780778079,0.660821524182546,0.19286989369514546,-5.166121406483355,-2.0
8.078807880788078,0.9871442897733367,0.19267925015735612,-5.221571552778385,-2.0
8.07980798079808,0.7405946387854779,0.19248677349579374,-5.00675795140224,-2.0
8.080808080808081,0.6525024544933972,0.19229246635100053,-4.962060197903711,-2.0
8.081808180818081,0.7515067507711861,0.1920963313806026,-4.944861225912088,-2.0
8.082808280828083,0.6247671333720773,0.1918983712592746,-4.928689229813798,-2.0
8.083808380838084,0.9467181801029063,0.19169858867870893,-4.775949283136117,-2.0
8.084808480848086,0.7371953023704184,0.19149698634758147,-4.704209467849277,-2.0
8.085808580858085,0.6873087660776964,0.19129356699151737,-4.722797036952895,-2.0
8.086808680868087,0.614572946098407,0.1910883333530569,-4.7575099079578775,-2.0
8.087808780878088,0.792006090727529,0.1908812881916233,-4.782379596417015,-2.0
8.088808880888088,0.6578107205220037,0.19067243428348787,-4.87682066472502,-2.0
8.08980898089809,0.8114904660244899,0.19046177442173393,-4.8183173465995495,-2.0
8.090809080908091,0.8504510987844626,0.190249311416225,-4.851427901159685,-2.0
8.091809180918093,0.9462585226300141,0.19003504809356947,-4.846837900362457,-2.0
8.092809280928092,0.7793718335188642,0.18981898729708516,-4.81966262605383,-2.0
8.093809380938094,0.7498107847404981,0.18960113188676428,-4.872096980830291,-2.0
8.094809480948095,0.8598370407022884,0.18938148473924019,-4.807353243258074,-2.0
8.095809580958095,0.7510300171053703,0.18916004874775108,-4.829743006480717,-2.0
8.096809680968097,0.7423506572092009,0.1889368268221035,-4.973117456080788,-2.0
8.097809780978098,0.7672789440667288,0.1887118218886389,-4.934434943325376,-2.0
8.0988098809881,0.8525352456017876,0.18848503689019747,-4.886276583564374,-2.0
8.0998099809981,0.6332490467007983,0.18825647478608185,-5.108745625918485,-2.0
8.1008100810081,0.6968237859263817,0.18802613855202066,-4.999481196558431,-2.0
8.101810181018102,0.9610797895030717,0.1877940311801344,-4.980645217475893,-2.0
8.102810281028102,0.8483016575866856,0.18756015567889822,-5.049398621615132,-2.0
8.103810381038103,0.7673442107159623,0.1873245150731041,-5.142393188982651,-2.0
8.104810481048105,0.8725317101626463,0.18708711240382658,-5.119141211755552,-2.0
8.105810581058106,0.8024234930243026,0.1868479507283856,-5.194819158889168,-2.0
8.106810681068106,0.8134785139611469,0.1866070331203089,-5.212721587393368,-2.0
8.107810781078108,0.7253010087447519,0.1863643626692948,-5.528731287085339,-2.0
8.10881088108811,0.8919753417053122,0.1861199424811772,-5.424188414280048,-2.0
8.10981098109811,0.7059648268828875,0.18587377567788585,-5.469226810209044,-2.0
8.11081108110811,0.7389634088629324,0.1856258653974114,-5.473603839106664,-2.0
8.111811181118112,0.8093909870288194,0.18537621479376468,-5.290403301963785,-2.0
8.112811281128113,0.7013369312132576,0.18512482703694264,-5.142209363966166,-2.0
8.113811381138113,0.8790589234494964,0.18487170531288846,-5.064689520218156,-2.0
8.114811481148115,0.900321114712714,0.18461685282345283,-5.2070088275037065,-2.0
8.115811581158116,0.851112213372767,0.1843602727863587,-5.0429491177528165,-2.0
8.116811681168118,1.1739019712135785,0.18410196843516008,-5.032457616346042,-2.0
8.117811781178117,0.9415448292652764,0.1838419430192063,-4.869370937275246,-2.0
8.118811881188119,0.9441252576598685,0.1835801998036001,-4.782502385918546,-2.0
8.11981198119812,1.134557786765824,0.1833167420691631,-4.674969404552546,-2.0
8.12081208120812,0.8737974790502808,0.18305157311239406,-4.6544419451255115,-2.0
8.121812181218122,0.9908782748146426,0.18278469624542976,-4.55048045563728,-2.0
8.122812281228123,0.8799493545722815,0.18251611479600888,-4.490288546434388,-2.0
8.123812381238125,0.9156018832423501,0.18224583210742937,-4.2877184123491885,-2.0
8.124812481248124,1.0893495410691054,0.1819738515385119,-4.479296801148766,-2.0
8.125812581258126,0.9890707853067602,0.18170017646355754,-4.303875790400052,-2.0
8.126812681268127,0.9912633615181736,0.18142481027231036,-4.357182942457053,-2.0
8.127812781278127,0.8261692744157385,0.18114775636991787,-4.422160638501428,-2.0
8.128812881288129,0.9125927503198986,0.1808690181768881,-4.349138928982987,-2.0
8.12981298129813,1.0516570121534796,0.18058859912905378,-4.149859352187485,-2.0
8.130813081308132,0.7659255816124559,0.18030650267752854,-4.025115990535764,-2.0
8.131813181318131,0.7898692293822428,0.18002273228866952,-4.184084420684623,-2.0
8.132813281328133,0.9995614936624353,0.17973729144403383,-3.943444816954935,-2.0
8.133813381338134,0.9555369574144196,0.17945018364034046,-3.950740102586561,-2.0
8.134813481348134,1.0267287397135545,0.1791614123894296,-3.961452369988655,-2.0
8.135813581358136,1.1414435670255403,0.17887098121821887,-3.912790345879347,-2.0
8.136813681368137,0.9863756529168104,0.17857889366866658,-3.9431123733404037,-2.0
8.137813781378139,0.8801625960961168,0.17828515329772682,-3.9897806747863216,-2.0
8.138813881388138,0.8181723297291555,0.17798976367731145,-4.093827959931882,-2.0
8.13981398139814,1.0309792601243168,0.1776927283942452,-3.920915793077604,-2.0
8.140814081408141,0.9118685504627609,0.17739405105022696,-3.898941190144274,-2.0
8.141814181418141,0.992251773570708,0.17709373526178832,-3.7287334824065086,-2.0
8.142814281428143,0.9278006222482086,0.17679178466024836,-3.5398286889211548,-2.0
8.143814381438144,1.0450021657723965,0.1764882028916765,-3.508348068858636,-2.0
8.144814481448146,0.9597410179326334,0.17618299361684625,-3.4380309344891873,-2.0
8.145814581458145,1.0359335130355474,0.1758761605111968,-3.4119410087624824,-2.0
8.146814681468147,1.0573295715188324,0.17556770726478663,-3.3376164775896657,-2.0
8.147814781478148,1.0882965999601717,0.17525763758225435,-3.509981139859911,-2.0
8.148814881488148,0.8480148629007915,0.1749459551827762,-3.7852387974231627,-2.0
8.14981498149815,1.0578555759000872,0.17463266380002,-3.956669373224413,-2.0
8.150815081508151,1.0664704345342666,0.17431776718210582,-3.850503235578449,-2.0
8.151815181518153,0.9603926480276583,0.1740012690915623,-3.7757449960510217,-2.0
8.152815281528152,0.9425703059954545,0.1736831733052833,-3.7118860446227724,-2.0
8.153815381538154,1.0410214038083305,0.17336348361448287,-3.7041328946310403,-2.0
8.154815481548155,0.8613132620274229,0.17304220382465496,-3.7366479812315827,-2.0
8.155815581558155,0.8988903950948608,0.17271933775552956,-3.7676257931618053,-2.0
8.156815681568157,1.0139566242375302,0.1723948892410261,-3.9354515577948463,-2.0
8.157815781578158,1.1314987602274826,0.17206886212921343,-4.0914199668277655,-2.0
8.15881588158816,1.1355577355952176,0.17174126028226452,-3.8929726927315293,-2.0
8.15981598159816,0.9808434527526716,0.17141208757641324,-3.7051142624007123,-2.0
8.16081608160816,1.080394883537124,0.17108134790190782,-3.664196109572135,-2.0
8.161816181618162,1.0372389816364942,0.17074904516296968,-3.6343382683611143,-2.0
8.162816281628162,1.2955987726084541,0.17041518327774907,-3.7527384692324866,-2.0
8.163816381638163,0.7358894649798385,0.17007976617827747,-3.6365777411963727,-2.0
8.164816481648165,1.121161690773817,0.16974279781042645,-3.6325774639190644,-2.0
8.165816581658166,0.8544403043661635,0.16940428213386247,-3.7426176811108216,-2.0
8.166816681668166,0.9869682204182963,0.16906422312200045,-3.6474460740789185,-2.0
8.167816781678168,0.9944544440603232,0.16872262476196015,-3.5912731373038995,-2.0
8.16881688168817,1.1342322884546099,0.1683794910545208,-3.558155534698562,-2.0
8.16981698169817,1.2362626782564607,0.1680348260140771,-3.5099170420315136,-2.0
8.17081708170817,1.1042067722215367,0.16768863366859246,-3.511674161413616,-2.0
8.171817181718172,1.032219781378613,0.16734091805955292,-3.499587041164742,-2.0
8.172817281728173,1.0807517159737028,0.1669916832419254,-3.2667185872363937,-2.0
8.173817381738173,0.8585414006296324,0.1666409332841086,-3.257747467032692,-2.0
8.174817481748175,1.0944753393638085,0.16628867226788732,-3.3283362109753867,-2.0
8.175817581758176,0.8843884279199614,0.1659349042883896,-3.177687022398535,-2.0
8.176817681768178,0.959393374845433,0.16557963345403864,-3.154056611398026,-2.0
8.177817781778177,0.993733260618884,0.16522286388650695,-3.1478897749188213,-2.0
8.178817881788179,1.2533018687922888,0.16486459972066886,-3.023232895644261,-2.0
8.17981798179818,0.9847162721225725,0.16450484510455826,-2.8180291864476086,-2.0
8.18081808180818,1.0126510910956845,0.16414360419931878,-2.821045714832334,-2.0
8.181818181818182,1.1447258460495338,0.16378088117915685,-2.8741424001470834,-2.0
8.182818281828183,1.025868107976119,0.1634166802312985,-2.901815736998409,-2.0
8.183818381838185,0.8772048242447924,0.16305100555594054,-2.831625048322412,-2.0
8.184818481848184,1.0342727926858288,0.16268386136620339,-2.654426465077374,-2.0
8.185818581858186,1.0482731858030727,0.1623152518880834,-2.675500899373022,-2.0
8.186818681868187,0.8954593979033404,0.16194518136040958,-2.6187809367989487,-2.0
8.187818781878187,0.9360438541782126,0.16157365403479296,-2.6613468542219274,-2.0
8.188818881888189,0.9649685471637163,0.1612006741755788,-2.6724224011545337,-2.0
8.18981898189819,1.0648473629607167,0.16082624605980347,-2.73797662727015,-2.0
8.190819081908192,1.0167687793631328,0.1604503739771424,-2.649882250598668,-2.0
8.191819181918191,0.8337026678598465,0.1600730622298663,-2.824125608074546,-2.0
8.192819281928193,0.9534541075404707,0.15969431513278884,-2.6734363475146825,-2.0
8.193819381938194,1.13169098034606,0.1593141370132245,-2.6894300853825506,-2.0
8.194819481948194,1.0682156011061807,0.15893253221093673,-2.7111643288774774,-2.0
8.195819581958196,1.1016201933523253,0.15854950507808976,-2.7569377027697053,-2.0
8.196819681968197,1.0127014044994918,0.15816505997920444,-2.900158576884154,-2.0
8.197819781978199,0.8537877627226411,0.15777920129110523,-2.82199338511578,-2.0
8.198819881988198,0.8820734259823476,0.15739193340287638,-2.921551297924414,-2.0
8.1998199819982,0.9887320341492414,0.15700326071580825,-2.843974912704059,-2.0
8.200820082008201,0.9271563329577537,0.1566131876433548,-2.752481416025968,-2.0
8.201820182018201,1.0022020306784654,0.15622171861108086,-2.7346197648629023,-2.0
8.202820282028203,0.8817276188216108,0.15582885805661323,-2.6095959323127964,-2.0
8.203820382038204,1.096259580970589,0.15543461042959586,-2.5569374021225486,-2.0
8.204820482048206,0.9872670885085167,0.1550389801916362,-2.7250742718073546,-2.0
8.205820582058205,0.8823055085468107,0.15464197181626052,-2.645420548558202,-2.0
8.206820682068207,1.0150340472313113,0.15424358978885958,-2.679830001799561,-2.0
8.207820782078208,0.9073975378540107,0.1538438386066456,-2.7474850740361387,-2.0
8.208820882088208,0.838296567980833,0.15344272277859852,-2.816923121986366,-2.0
8.20982098209821,1.004953957296671,0.15304024682541667,-2.8735587428019915,-2.0
8.210821082108211,0.9636029306229836,0.15263641527947114,-3.0392071863249726,-2.0
8.211821182118213,1.0290395535236045,0.15223123268475147,-3.010567988721155,-2.0
8.212821282128212,1.0126100058508118,0.15182470359682043,-2.8932327378009477,-2.0
8.213821382138214,0.961171381923128,0.1514168325827591,-2.924487330060032,-2.0
8.214821482148215,0.8397277900829802,0.15100762422112138,-2.9765177215606258,-2.0
8.215821582158215,0.889585091217604,0.15059708310188374,-3.0229360702859407,-2.0
8.216821682168217,0.9455902177895745,0.15018521382639086,-3.170203122864826,-2.0
8.217821782178218,0.7751940573379877,0.1497720210073115,-3.172717083430875,-2.0
8.21882188218822,1.0137649939763547,0.14935750926858343,-3.141128917284838,-2.0
8.21982198219822,0.8643742245397084,0.148941683245367,-3.171567508109911,-2.0
8.22082208220822,0.9697531220820718,0.14852454758398995,-3.326897107657049,-2.0
8.221822182218222,0.9427508589301257,0.14810610694190118,-3.298611821234319,-2.0
8.222822282228224,0.8878330015600371,0.14768636598761908,-3.4521762586680738,-2.0
8.223822382238223,1.0065618736470106,0.1472653294006807,-3.482252118304458,-2.0
8.224822482248225,1.0145425444749505,0.1468430018715885,-3.3220551682473656,-2.0
8.225822582258226,0.8736213244844714,0.14641938810176294,-3.236687184757132,-2.0
8.226822682268226,0.9069088668163107,0.14599449280349167,-3.2598096940690406,-2.0
8.227822782278228,0.9107203748855026,0.14556832069987422,-3.3890010681807983,-2.0
8.22882288228823,0.7467668725322999,0.14514087652477514,-3.2603343780718577,-2.0
8.22982298229823,0.9308905577754022,0.14471216502277215,-2.9934031152826583,-2.0
8.23082308230823,0.7638495914693474,0.1442821909491033,-3.0309415771101382,-2.0
8.231823182318232,0.729517498447699,0.14385095906961476,-3.0549886461300124,-2.0
8.232823282328233,0.8328585950871085,0.14341847416071318,-3.1243288284832413,-2.0
8.233823382338233,0.9047814896693248,0.14298474100931202,-3.1842053237329444,-2.0
8.234823482348235,0.8548633996407379,0.1425497644127773,-3.2125096805476367,-2.0
8.235823582358236,0.7256279919432546,0.14211354917887978,-3.0175418857773546,-2.0
8.236823682368238,0.7412518085336509,0.14167610012574255,-2.9660240750373372,-2.0
8.237823782378237,0.7989609420011565,0.1412374220817875,-2.893354008029633,-2.0
8.238823882388239,0.9193130191083196,0.1407975198856826,-2.805794826336294,-2.0
8.23982398239824,0.8833740084843066,0.14035639838629382,-2.8582178896176984,-2.0
8.24082408240824,0.7696372842482166,0.1399140624426306,-2.8628033064030753,-2.0
8.241824182418242,0.7621465732664057,0.1394705169237912,-2.7631677241654486,-2.0
8.242824282428243,0.7154224924564241,0.13902576670891426,-2.725188119437138,-2.0
8.243824382438245,0.6681638918232038,0.138579816687126,-2.537409373861404,-2.0
8.244824482448244,0.6710385575346132,0.1381326717574859,-2.4070630401728295,-2.0
8.245824582458246,0.7053472702943601,0.1376843368289335,-2.5152848569443456,-2.0
8.246824682468247,0.8874773806808404,0.13723481682023972,-2.4777813200846657,-2.0
8.247824782478247,0.6390945522300459,0.1367841166599522,-2.453494601603043,-2.0
8.248824882488249,0.643122092074211,0.13633224128633922,-2.6165441798439972,-2.0
8.24982498249825,0.7465665365328262,0.13587919564734172,-2.576370915486266,-2.0
8.250825082508252,0.6107153136951805,0.1354249847005193,-2.4536585960274047,-2.0
8.251825182518251,0.6399461482804865,0.1349696134129957,-2.4461034311835483,-2.0
8.252825282528253,0.7270163088160523,0.13451308676140464,-2.5358337397288824,-2.0
8.253825382538254,0.7386266268400741,0.13405540973184193,-2.6386517881117975,-2.0
8.254825482548254,0.592299080381138,0.1335965873198073,-2.7521020398981153,-2.0
8.255825582558256,0.47455651434459695,0.13313662453015115,-2.7772611317683205,-2.0
8.256825682568257,0.6563468782530912,0.13267552637702548,-2.92836906553796,-2.0
8.257825782578259,0.5053911162749005,0.13221329788382724,-2.9517435223290853,-2.0
8.258825882588258,0.5513555645859881,0.131749944083145,-3.034531961831053,-2.0
8.25982598259826,0.6877902421632962,0.13128547001670424,-2.9871845461934186,-2.0
8.260826082608261,0.5839673554352287,0.13081988073531836,-3.0699142513982043,-2.0
8.261826182618261,0.6541587638962375,0.1303531812988306,-3.105453191816682,-2.0
8.262826282628263,0.569036215943471,0.12988537677605994,-3.161945216091532,-2.0
8.263826382638264,0.7052331517992515,0.12941647224475164,-3.2200884169051083,-2.0
8.264826482648266,0.5810677475916318,0.12894647279152022,-3.2215205764903576,-2.0
8.265826582658265,0.7878683176994264,0.12847538351179538,-3.324506925820117,-2.0
8.266826682668267,0.5050405881196856,0.12800320950976712,-3.2738593718679625,-2.0
8.267826782678268,0.7512317611045825,0.12752995589833627,-3.2803075807091933,-2.0
8.268826882688268,0.5234868342609112,0.12705562779905552,-3.283477730756429,-2.0
8.26982698269827,0.5328874872485168,0.1265802303420754,-3.236250572290358,-2.0
8.270827082708271,0.40429523681671087,0.1261037686660946,-3.196702421647807,-2.0
8.271827182718273,0.5763925251338577,0.12562624791829993,-3.207061629303339,-2.0
8.272827282728272,0.3158175386582055,0.12514767325431714,-3.2144313521615127,-2.0
8.273827382738274,0.45769186090297603,0.12466804983815,-3.0237267449213414,-2.0
8.274827482748275,0.4236244696231391,0.12418738284213347,-3.12140671154599,-2.0
8.275827582758275,0.5189473125724317,0.1237056774468736,-3.240713236928803,-2.0
8.276827682768277,0.5128665146475946,0.12322293884119281,-3.4133927172303844,-2.0
8.277827782778278,0.5106532045986019,0.12273917222208025,-3.380354142165249,-2.0
8.27882788278828,0.5007736150795911,0.12225438279463088,-3.3503827611872254,-2.0
8.27982798279828,0.6044986792632402,0.12176857577199632,-3.1850721326046867,-2.0
8.28082808280828,0.5427067885904986,0.12128175637532308,-3.069832592837891,-2.0
8.281828182818282,0.518094140506902,0.12079392983370554,-3.102051760919448,-2.0
8.282828282828284,0.4272959352406871,0.12030510138412441,-3.1463251801201357,-2.0
8.283828382838283,0.3843171836723522,0.11981527627139694,-3.2746577781813464,-2.0
8.284828482848285,0.4123073771548409,0.11932445974811591,-3.2553471559534266,-2.0
8.285828582858286,0.26071574284151466,0.11883265707459952,-3.0364119026802,-2.0
8.286828682868286,0.49756258783403445,0.11833987351883586,-3.0061835753497492,-2.0
8.287828782878288,0.399398417036273,0.11784611435642248,-3.0836645515358274,-2.0
8.28882888288829,0.48140638698328825,0.11735138487051856,-3.095989343745597,-2.0
8.28982898289829,0.21303400457218527,0.11685569035178305,-3.111799723589124,-2.0
8.29082908290829,0.4573634938477629,0.11635903609832463,-3.1023342947444466,-2.0
8.291829182918292,0.39168711062428596,0.11586142741564019,-2.9132388652853405,-2.0
8.292829282928293,0.36734754839127093,0.11536286961656438,-2.9000004969088446,-2.0
8.293829382938293,0.44085585485968304,0.11486336802121393,-2.791420635496598,-2.0
8.294829482948295,0.2594716277732011,0.114362927956927,-2.7933211925127424,-2.0
8.295829582958296,0.3629342089878843,0.1138615547582126,-2.781257393485406,-2.0
8.296829682968298,0.2858421942220333,0.11335925376669367,-2.660289704440092,-2.0
8.297829782978297,0.16628124167844519,0.11285603033105132,-2.644010385842186,-2.0
8.298829882988299,0.1242804098786198,0.11235188980696562,-2.591841728458527,-2.0
8.2998299829983,0.18185854501231774,0.11184683755706432,-2.621681833865391,-2.0
8.3008300830083,0.23985128423411625,0.11134087895086682,-2.4791775640033826,-2.0
8.301830183018302,0.47114041407390483,0.1108340193647231,-2.549450899876389,-2.0
8.302830283028303,0.2827314694773656,0.11032626418176303,-2.5377057432680585,-2.0
8.303830383038305,0.21633997793721427,0.1098176187918388,-2.6653350458489573,-2.0
8.304830483048304,0.22413799393657577,0.10930808859146915,-2.6100065990192824,-2.0
8.305830583058306,0.2835982182483609,0.1087976789837797,-2.6052145570682725,-2.0
8.306830683068307,0.3073222558683275,0.10828639537845136,-2.6765911937507916,-2.0
8.307830783078307,0.4362636748764638,0.1077742431916639,-2.666785176043122,-2.0
8.308830883088309,0.15813051422435762,0.10726122784603485,-2.603116427653256,-2.0
8.30983098309831,0.1294199948499996,0.10674735477056813,-2.661935696985833,-2.0
8.310831083108312,0.25424752642327325,0.10623262940059718,-2.7450194907958068,-2.0
8.311831183118311,0.42188681971419917,0.10571705717772627,-2.7631299636544444,-2.0
8.312831283128313,0.38640101706005514,0.1052006435497735,-2.7974715436648836,-2.0
8.313831383138314,0.12357532538395902,0.10468339397071888,-2.9163523890753695,-2.0
8.314831483148314,0.234426914097846,0.10416531390064507,-2.827584908382688,-2.0
8.315831583158316,-0.08558261332701617,0.10364640880567776,-2.8070345132637495,-2.0
8.316831683168317,0.26583905534213437,0.10312668415793383,-2.798245435765091,-2.0
8.317831783178319,0.11107362076779856,0.10260614543546423,-2.7528373304715283,-2.0
8.318831883188318,0.2335989742617928,0.10208479812219481,-2.816201590809685,-2.0
8.31983198319832,0.041998558036558026,0.1015626477078691,-2.8246160728989014,-2.0
8.320832083208321,0.26744443484414837,0.10103969968799636,-2.855184029555549,-2.0
8.321832183218321,0.007294992720570312,0.10051595956379177,-2.841624186926887,-2.0
8.322832283228323,0.24851195505101442,0.09999143284211667,-2.965007313448755,-2.0
8.323832383238324,0.03362643347022215,0.09946612503542672,-3.1191455761607716,-2.0
8.324832483248326,0.08595494863137193,0.09894004166171398,-3.14139975856369,-2.0
8.325832583258325,0.1604214891573582,0.0984131882444481,-3.026441273772155,-2.0
8.326832683268327,-0.10747948230250443,0.09788557031251852,-2.998447078797037,-2.0
8.327832783278328,0.02712451918715659,0.09735719340018237,-2.9099974636437156,-2.0
8.328832883288328,-0.049797130791088585,0.09682806304700439,-3.029905237031235,-2.0
8.32983298329833,-0.0017918605809665589,0.09629818479779721,-3.143970578450181,-2.0
8.330833083308331,0.0026157717984722564,0.09576756420256878,-3.0917538130570446,-2.0
8.331833183318333,0.013122620249124795,0.0952362068164648,-3.191201899349221,-2.0
8.332833283328332,0.0999359783570012,0.09470411819970931,-3.213687702145591,-2.0
8.333833383338334,0.04498043579769012,0.09417130391754686,-3.126347212397039,-2.0
8.334833483348335,-0.0651868502243527,0.0936377695401907,-3.0798629002689886,-2.0
8.335833583358335,-0.1523787775508891,0.09310352064276038,-2.982089351141323,-2.0
8.336833683368337,-0.03488323156270058,0.09256856280522438,-3.0642258713965322,-2.0
8.337833783378338,-0.05695927589840287,0.09203290161234774,-3.229780595316467,-2.0
8.33883388338834,0.053021950068377274,0.09149654265363112,-3.2128933939353956,-2.0
8.33983398339834,-0.20646163166664255,0.09095949152325368,-3.364791821601785,-2.0
8.34083408340834,0.019923554564840823,0.09042175382001444,-3.2779306654474993,-2.0
8.341834183418342,0.029173896460964938,0.08988333514728031,-3.4080828984393,-2.0
8.342834283428344,-0.04219883974118354,0.0893442411129223,-3.4973954159160012,-2.0
8.343834383438343,-0.10186213645835267,0.08880447732926411,-3.288774174996773,-2.0
8.344834483448345,-0.023385733381401305,0.0882640494130173,-3.5253485336050616,-2.0
8.345834583458347,0.03598892174007054,0.08772296298523254,-3.5145208282727793,-2.0
8.346834683468346,-0.12787239220837804,0.08718122367123622,-3.4731385950981832,-2.0
8.347834783478348,-0.1341107240709445,0.08663883710057264,-3.6473878661716963,-2.0
8.34883488348835,-0.16679578664578282,0.08609580890695229,-3.3670552788006605,-2.0
8.34983498349835,-0.15592252132059667,0.08555214472818763,-3.4238317737184447,-2.0
8.35083508350835,-0.2840130701573016,0.08500785020614156,-3.352178824843753,-2.0
8.351835183518352,-0.09919549898591556,0.08446293098666321,-3.329855160925866,-2.0
8.352835283528353,-0.1527000170465822,0.08391739271953608,-3.469683166455331,-2.0
8.353835383538353,-0.2930513681389604,0.08337124105842017,-3.5341013321441603,-2.0
8.354835483548355,-0.009291787376258132,0.0828244816607885,-3.527728977260106,-2.0
8.355835583558356,-0.2791711842909991,0.08227712018787806,-3.6728500680988767,-2.0
8.356835683568358,-0.17867907817399944,0.08172916230462482,-3.763708133856132,-2.0
8.357835783578357,-0.18180953898172308,0.08118061367961225,-3.8401927733244072,-2.0
8.358835883588359,-0.40865800696117904,0.08063147998500693,-3.9840641403242936,-2.0
8.35983598359836,-0.2700192679962054,0.08008176689650646,-4.03898927136209,-2.0
8.36083608360836,-0.05255510427384821,0.0795314800932818,-3.9887328555908477,-2.0
8.361836183618362,-0.276788028094839,0.07898062525791344,-4.159447588643288,-2.0
8.362836283628363,-0.21097700480347842,0.07842920807634231,-4.1327727846700295,-2.0
8.363836383638365,-0.37663444048307004,0.07787723423780477,-4.172697795181536,-2.0
8.364836483648364,-0.20281825195878583,0.07732470943478105,-4.154549575981842,-2.0
8.365836583658366,-0.2826253250696917,0.0767716393629307,-4.050258198715372,-2.0
8.366836683668367,-0.2798836767331576,0.07621802972104055,-4.143964318706359,-2.0
8.367836783678367,-0.15923977971410092,0.07566388621096687,-4.268074454301889,-2.0
8.368836883688369,-0.22934329213160062,0.0751092145375715,-4.316019050901539,-2.0
8.36983698369837,-0.23781181410888422,0.07455402040867282,-4.2713778768345625,-2.0
8.370837083708372,-0.13856246724184923,0.07399830953498047,-4.091884908118928,-2.0
8.371837183718371,-0.3037250146846381,0.07344208763004396,-4.0691621060461935,-2.0
8.372837283728373,-0.4974013521184228,0.07288536041018794,-3.8877192307869066,-2.0
8.373837383738374,-0.4548071657365678,0.07232813359446007,-3.882523245696385,-2.0
8.374837483748374,-0.3102977749785949,0.07177041290457332,-3.8708854145095866,-2.0
8.375837583758376,-0.3115469623101033,0.07121220406484258,-3.915295617237294,-2.0
8.376837683768377,-0.18845868787101167,0.0706535128021324,-3.8212237159592997,-2.0
8.377837783778379,-0.3228530356293962,0.07009434484579813,-3.8405621279330995,-2.0
8.378837883788378,-0.4702757189612491,0.06953470592762806,-3.737049791133851,-2.0
8.37983798379838,-0.18308392459851944,0.06897460178178184,-3.8874689452594455,-2.0
8.380838083808381,-0.39037741487516836,0.0684140381447379,-4.053488085354263,-2.0
8.381838183818381,-0.5278250809703351,0.06785302075523547,-4.080140848711427,-2.0
8.382838283828383,-0.4549067487848251,0.06729155535421129,-4.037570724538916,-2.0
8.383838383838384,-0.4218823470368115,0.06672964768474741,-4.200770017869176,-2.0
8.384838483848386,-0.47221770142843805,0.06616730349201229,-4.291555170856151,-2.0
8.385838583858385,-0.43718535078847204,0.06560452852320288,-4.149852056388278,-2.0
8.386838683868387,-0.20777437715279823,0.06504132852748314,-4.098500438792114,-2.0
8.387838783878388,-0.5184403440781451,0.06447770925593141,-4.069297533866023,-2.0
8.388838883888388,-0.5310456912243955,0.06391367646148252,-3.9358172901648274,-2.0
8.38983898389839,-0.4456582498604701,0.06334923589886436,-3.8213946065161473,-2.0
8.390839083908391,-0.40036137511340153,0.06278439332454602,-3.881246594981233,-2.0
8.391839183918393,-0.35323920376033346,0.06221915449667911,-3.9011030868229586,-2.0
8.392839283928392,-0.6477857045605803,0.06165352517503778,-3.8201614576932266,-2.0
8.393839383938394,-0.49115697173365275,0.061087511120960156,-3.727559616357768,-2.0
8.394839483948395,-0.5387284722088967,0.060521118097295816,-3.7323529768764434,-2.0
8.395839583958395,-0.4393168515520921,0.05995435186834484,-3.886631189133781,-2.0
8.396839683968397,-0.5348047947454913,0.05938721819979696,-3.9192848439824512,-2.0
8.397839783978398,-0.517295528234586,0.05881972285867899,-4.022213952589587,-2.0
8.3988398839884,-0.705861240394084,0.05825187161329637,-4.007562527501065,-2.0
8.3998399839984,-0.7833785412399411,0.05768367023317316,-4.008078695633539,-2.0
8.4008400840084,-0.5847629466279495,0.05711512448899354,-4.037076303809651,-2.0
8.401840184018402,-0.46453078904821177,0.056546240152549374,-3.9544490323267674,-2.0
8.402840284028404,-0.6958280557043872,0.05597702299667871,-3.9858336251407693,-2.0
8.403840384038403,-0.6187535661882683,0.05540747879520816,-3.966612844736494,-2.0
8.404840484048405,-0.5342691011093623,0.054837613322894004,-4.03831215082685,-2.0
8.405840584058407,-0.5464368385701114,0.05426743235537037,-4.2887122737328855,-2.0
8.406840684068406,-0.8085304097840625,0.05369694166908584,-4.3703543908336,-2.0
8.407840784078408,-0.6982334228135479,0.053126147041245964,-4.301987410148785,-2.0
8.40884088408841,-0.5847052938835,0.05255505424976073,-4.277419639746867,-2.0
8.40984098409841,-0.6577341486186667,0.05198366907318325,-4.451028381435853,-2.0
8.41084108410841,-0.6583607227755395,0.05141199729065227,-4.525074865183865,-2.0
8.411841184118412,-0.7020396556791255,0.05084004468183326,-4.6507711580552975,-2.0
8.412841284128413,-0.6525031651925903,0.05026781702686681,-4.5787681252408,-2.0
8.413841384138413,-0.8425935462161157,0.0496953201063054,-4.6944845054420865,-2.0
8.414841484148415,-0.7422716815835461,0.04912255970105585,-4.822986038071851,-2.0
8.415841584158416,-0.7136521639094994,0.04854954159232771,-4.728214184503587,-2.0
8.416841684168418,-0.7177711746737504,0.04797627156156891,-4.756726872302665,-2.0
8.417841784178417,-0.772639718085251,0.0474027553904146,-4.723424640179468,-2.0
8.418841884188419,-0.7271660636467998,0.04682899886062215,-4.64295710949545,-2.0
8.41984198419842,-0.8144163973676556,0.04625500775402286,-4.746059710142682,-2.0
8.42084208420842,-0.6464102885240904,0.04568078785245818,-4.806977779099768,-2.0
8.421842184218422,-0.7871255774266336,0.04510634493772232,-4.87782930949427,-2.0
8.422842284228423,-0.8476770422956135,0.044531684791510893,-4.914488417614048,-2.0
8.423842384238425,-0.7824919876881451,0.0439568131953565,-4.899914603388069,-2.0
8.424842484248424,-0.7166480634471667,0.043381735930577967,-4.873909184442355,-2.0
8.425842584258426,-0.7427549714911899,0.0428064587782154,-4.716757094241312,-2.0
8.426842684268427,-0.7889339985670285,0.04223098751898205,-4.818075293399729,-2.0
8.427842784278427,-0.85704798750935,0.0416553279332007,-4.719466626963658,-2.0
8.428842884288429,-0.9381507973899996,0.04107948580074654,-4.598638241497741,-2.0
8.42984298429843,-0.6647445682013375,0.04050346690099585,-4.728083033786833,-2.0
8.430843084308432,-0.7505741156288994,0.03992727701276188,-4.73906406076947,-2.0
8.431843184318431,-0.7290238375829108,0.039350921914244254,-4.626323944197238,-2.0
8.432843284328433,-0.7794859579039705,0.038774407382964816,-4.423602581533169,-2.0
8.433843384338434,-0.8630065207737844,0.03819773919571649,-4.526216165131042,-2.0
8.434843484348434,-0.9430711308186691,0.037620923128506324,-4.471978279628388,-2.0
8.435843584358436,-0.9113089114787946,0.037043964956492106,-4.462577916247187,-2.0
8.436843684368437,-0.5270319794437184,0.03646687045393449,-4.330789908713974,-2.0
8.437843784378439,-0.8770536148317908,0.035889645394132454,-4.38107379306534,-2.0
8.438843884388438,-0.8366636621575608,0.03531229554937285,-4.339293326705518,-2.0
8.43984398439844,-0.8674047411445034,0.03473482669086655,-4.346480889485806,-2.0
8.440844084408441,-0.9069257009419822,0.034157244588697476,-4.337944626190352,-2.0
8.441844184418441,-0.783710116409416,0.03357955501176592,-4.274109353012598,-2.0
8.442844284428443,-0.8647637655999331,0.03300176372772531,-4.176023363969337,-2.0
8.443844384438444,-0.8567970449443456,0.03242387650293467,-4.012169832143977,-2.0
8.444844484448446,-0.8050358594796186,0.0318458991023942,-4.0615512738456365,-2.0
8.445844584458445,-1.0156512868692213,0.031267837289695205,-4.186515329534493,-2.0
8.446844684468447,-0.9320472125069814,0.030689696826956322,-4.219554844541436,-2.0
8.447844784478448,-0.8410587810082147,0.03011148347477296,-4.30510443070357,-2.0
8.448844884488448,-0.8834915281181667,0.029533202992160765,-4.231087280360996,-2.0
8.44984498449845,-0.8268155150524481,0.02895486113649268,-4.281332654084619,-2.0
8.450845084508451,-1.130160943579082,0.028376463663451656,-4.195589045006412,-2.0
8.451845184518453,-0.9282595374525195,0.02779801632696653,-4.2090152849092615,-2.0
8.452845284528452,-0.8798480702009267,0.027219524879162144,-4.134025456967668,-2.0
8.453845384538454,-0.7386613251444303,0.026640995070295943,-4.199812364491375,-2.0
8.454845484548455,-0.9466738355559339,0.026062432648707626,-4.290912387277941,-2.0
8.455845584558455,-0.8668434325854784,0.025483843360762874,-4.4548003489829515,-2.0
8.456845684568457,-0.8551312427145874,0.0249052329507914,-4.369326958765319,-2.0
8.457845784578458,-0.9129997819158585,0.024326607161036698,-4.442053963445194,-2.0
8.45884588458846,-0.9685156721260937,0.023747971731598625,-4.274444578001833,-2.0
8.45984598459846,-1.134513321339579,0.023169332400377413,-4.331010048116979,-2.0
8.46084608460846,-0.9808585890663989,0.022590694903013776,-4.260819724944648,-2.0
8.461846184618462,-1.0871169647178884,0.022012064972838176,-4.193648678083789,-2.0
8.462846284628464,-0.9088066717592248,0.02143344834081429,-4.213359600087318,-2.0
8.463846384638464,-0.876079508067797,0.020854850735480563,-4.302840947669037,-2.0
8.464846484648465,-0.7920842849324121,0.020276277882893743,-4.30439252810658,-2.0
8.465846584658467,-0.9110770475345102,0.01969773550657836,-4.23195660471342,-2.0
8.466846684668466,-0.9342969970787801,0.01911922932746775,-4.265283289764549,-2.0
8.467846784678468,-1.106421797574681,0.01854076506384514,-4.24944109576108,-2.0
8.46884688468847,-0.8722282815999316,0.017962348431293282,-4.19163746813724,-2.0
8.46984698469847,-0.9659748645450269,0.017383985142638208,-4.152839299100461,-2.0
8.47084708470847,-0.9284204559254955,0.016805680907891127,-4.2814809475911595,-2.0
8.471847184718472,-1.155075604729783,0.016227441434192323,-4.341966149257187,-2.0
8.472847284728473,-0.9648108326597906,0.015649272425761602,-4.292222576841246,-2.0
8.473847384738473,-0.9451590805110087,0.015071179583836428,-4.328185910494335,-2.0
8.474847484748475,-1.0919302838713976,0.014493168606619857,-4.311248943892102,-2.0
8.475847584758476,-1.029339801665138,0.01391524518922401,-4.257187148022028,-2.0
8.476847684768478,-1.1519318500241569,0.013337415023617443,-4.158379044525641,-2.0
8.477847784778477,-0.9118654192844511,0.012759683798566795,-4.165411128239963,-2.0
8.478847884788479,-1.1709503541875974,0.012182057199580973,-4.1693212048859465,-2.0
8.47984798479848,-0.8358530952223431,0.011604540908862033,-4.039809468298192,-2.0
8.48084808480848,-0.8354989291422956,0.01102714060524432,-3.9786019642526314,-2.0
8.481848184818482,-0.8740048345753298,0.010449861964139514,-3.9820054116941117,-2.0
8.482848284828483,-1.0158106182485223,0.009872710657486999,-3.9990792874203964,-2.0
8.483848384838485,-1.1032549944013867,0.009295692353695127,-3.956012383815604,-2.0
8.484848484848484,-1.0837746393337684,0.008718812717586458,-3.845555687274409,-2.0
8.485848584858486,-1.214002367829496,0.008142077410341746,-3.6172980332168523,-2.0
8.486848684868487,-1.0062862657526308,0.007565492089451174,-3.6395270463056364,-2.0
8.487848784878487,-1.0211232933179482,0.006989062408653898,-3.390359363175899,-2.0
8.488848884888489,-1.0101406468917025,0.006412794017883512,-3.4038679380242858,-2.0
8.48984898489849,-0.9316451745841863,0.005836692563218809,-3.3547812325955833,-2.0
8.490849084908492,-0.9628265869465897,0.005260763686825451,-3.3475052771733456,-2.0
8.491849184918491,-1.0342935383162957,0.004685013026901625,-3.3197892904937873,-2.0
8.492849284928493,-0.9814086154951397,0.004109446217622465,-3.3695642760362823,-2.0
8.493849384938494,-1.0333768033585984,0.003534068889091676,-3.2746213460608824,-2.0
8.494849484948494,-0.9673942659625917,0.0029588866672815143,-3.324014810336288,-2.0
8.495849584958496,-0.9524042355427195,0.002383905173978697,-3.3016318631131067,-2.0
8.496849684968497,-0.8446551843888513,0.001809130026736211,-3.461972970382187,-2.0
8.497849784978499,-1.0236981554372344,0.0012345668388121932,-3.475163402754685,-2.0
8.498849884988498,-0.9439618052940013,0.0006602212191225164,-3.2922295986048917,-2.0
8.4998499849985,-1.0139825101581097,0.00008609877217915363,-3.1945042950852636,-2.0
8.500850085008501,-0.9737355582966761,-0.0004877949019545102,-3.2110087540788648,-2.0
8.501850185018501,-1.0733834613878612,-0.0010614542077238857,-3.185050503552022,-2.0
8.502850285028503,-0.8998803768374879,-0.0016348735541368222,-3.2227522374198787,-2.0
8.503850385038504,-0.9012991240278696,-0.002208047354811351,-3.2522275607293114,-2.0
8.504850485048506,-0.8846119380205429,-0.0027809700280363356,-3.1981533306641303,-2.0
8.505850585058505,-0.9677149521947385,-0.0033536359968184305,-3.347781756507886,-2.0
8.506850685068507,-1.1146513392064128,-0.003926039688943236,-3.3960597662200076,-2.0
8.507850785078508,-1.0922225976864295,-0.004498175537019538,-3.2121978117651517,-2.0
8.508850885088508,-0.9214394873050337,-0.005070037978539028,-3.389795948002675,-2.0
8.50985098509851,-1.0735522724478246,-0.005641621455929464,-3.506948923740469,-2.0
8.510851085108511,-1.1414106020186667,-0.006212920416601951,-3.4890731415447025,-2.0
8.511851185118513,-0.9440431263102789,-0.00678392931301109,-3.6171846222356474,-2.0
8.512851285128512,-0.8868013192343382,-0.007354642602701466,-3.7068119124454877,-2.0
8.513851385138514,-1.0578065567147628,-0.007925054748368283,-3.6289694229255662,-2.0
8.514851485148515,-1.1167623030475151,-0.008495160217901148,-3.5691017484612546,-2.0
8.515851585158515,-0.9365466744620708,-0.00906495348444327,-3.6440589741221054,-2.0
8.516851685168517,-0.9391309293293371,-0.009634429026444102,-3.55336211933902,-2.0
8.517851785178518,-0.8949047403402369,-0.01020358132770616,-3.57660097097952,-2.0
8.51885188518852,-1.0499011589789244,-0.010772404877444634,-3.5480194471450086,-2.0
8.51985198519852,-1.1172651423071298,-0.011340894170333371,-3.571305167759899,-2.0
8.52085208520852,-0.9311515276217974,-0.011909043706564338,-3.7318507454199334,-2.0
8.521852185218522,-0.8979057784240175,-0.012476847991894137,-3.7645999420166256,-2.0
8.522852285228524,-1.0175880614474981,-0.013044301537697499,-3.6899081336063695,-2.0
8.523852385238524,-1.0434775218629784,-0.013611398861019421,-3.7788964590521945,-2.0
8.524852485248525,-0.8851511598946549,-0.014178134484631108,-3.7344863307236515,-2.0
8.525852585258527,-0.9231120509754646,-0.014744502937076798,-3.8080045616549647,-2.0
8.526852685268526,-1.005438215352098,-0.015310498752725697,-3.7691479180557987,-2.0
8.527852785278528,-0.9790925943243687,-0.01587611647182956,-3.7464938416644618,-2.0
8.52885288528853,-1.0233942020436277,-0.016441350640568696,-3.6693402118992546,-2.0
8.52985298529853,-1.1501703401174244,-0.017006195811104907,-3.670035253235763,-2.0
8.53085308530853,-0.9946731882777071,-0.01757064654163308,-3.708287796666737,-2.0
8.531853185318532,-0.9303398817113381,-0.018134697396436566,-3.5970663553436766,-2.0
8.532853285328533,-0.8233207817375254,-0.01869834294593345,-3.504758635205059,-2.0
8.533853385338533,-1.1460497666786913,-0.019261577766727944,-3.4165644336866943,-2.0
8.534853485348535,-0.9658871908047498,-0.019824396441667388,-3.2984644790363475,-2.0
8.535853585358536,-0.9632078342329266,-0.02038679355988768,-3.327018267918697,-2.0
8.536853685368538,-0.9096002352341744,-0.020948763716865035,-3.3489706767380705,-2.0
8.537853785378537,-0.9454757627460756,-0.02151030151446955,-3.349898250463184,-2.0
8.538853885388539,-0.9054714024716619,-0.022071401561016772,-3.3967444457169,-2.0
8.53985398539854,-0.9839607159467925,-0.022632058471313464,-3.485774108674897,-2.0
8.54085408540854,-0.8906841834183877,-0.023192266866711546,-3.439041426493038,-2.0
8.541854185418542,-0.8784234260421078,-0.023752021375161966,-3.3194353371536525,-2.0
8.542854285428543,-0.7664474106416783,-0.024311316631260207,-3.4640849359137,-2.0
8.543854385438545,-0.9293238899587395,-0.02487014727629743,-3.513198783598413,-2.0
8.544854485448544,-1.0239378788933702,-0.025428507958313466,-3.6728042931298113,-2.0
8.545854585458546,-0.6963512265794365,-0.025986393332147726,-3.792158718205416,-2.0
8.546854685468547,-0.819258108309232,-0.026543798059484428,-3.812361028872569,-2.0
8.547854785478547,-0.9020625152135118,-0.027100716808905943,-3.8076097290704767,-2.0
8.548854885488549,-0.7355913766477165,-0.027657144255945953,-3.851828977664006,-2.0
8.54985498549855,-0.8980558621485714,-0.02821307508313446,-3.831402723998567,-2.0
8.550855085508552,-1.0570636017512836,-0.028768503980048283,-3.782147092987202,-2.0
8.551855185518551,-0.7064539614735253,-0.029323425643363384,-3.7309122786245847,-2.0
8.552855285528553,-0.8930268262107344,-0.02987783477690518,-3.780097534712875,-2.0
8.553855385538554,-0.8976657795625567,-0.03043172609169321,-3.7656121187795066,-2.0
8.554855485548554,-0.9503672016587362,-0.030985094305993742,-3.7652319610868954,-2.0
8.555855585558556,-0.6940510235561489,-0.03153793414537236,-3.843996134358292,-2.0
8.556855685568557,-0.8394276580460204,-0.03209024034273838,-3.897104753808815,-2.0
8.557855785578559,-0.7535239496153157,-0.032642007638394574,-3.8486686211223073,-2.0
8.558855885588558,-0.84966150927954,-0.03319323078008902,-3.7920488119797824,-2.0
8.55985598559856,-0.8535320148390437,-0.03374390452306465,-3.739353910364701,-2.0
8.560856085608561,-0.920156051061066,-0.03429402363010269,-3.6942163924807847,-2.0
8.561856185618561,-0.8220907702323877,-0.03484358287157713,-3.5305256669589102,-2.0
8.562856285628563,-0.7868917707573352,-0.0353925770255035,-3.6324138886798645,-2.0
8.563856385638564,-0.778870984490137,-0.035941000877582584,-3.656390953100084,-2.0
8.564856485648566,-0.7969239295192014,-0.03648884922125279,-3.513463693789378,-2.0
8.565856585658565,-0.8679399388547514,-0.0370361168577386,-3.5175284521673778,-2.0
8.566856685668567,-0.6524518290906401,-0.03758279859610026,-3.5801979647145057,-2.0
8.567856785678568,-0.8158246798242084,-0.03812888925327642,-3.6754237250118496,-2.0
8.568856885688568,-0.946950568111919,-0.03867438365413804,-3.618186846167663,-2.0
8.56985698569857,-0.6570274572772837,-0.03921927663153642,-3.5834701037925996,-2.0
8.570857085708571,-0.9619776648320387,-0.03976356302634628,-3.4970732291336475,-2.0
8.571857185718573,-0.8233299456506544,-0.04030723768751737,-3.516189360163718,-2.0
8.572857285728572,-0.8607194485818518,-0.040850295472122364,-3.5689241406205605,-2.0
8.573857385738574,-0.8386075255035379,-0.0413927312454057,-3.5310702553150826,-2.0
8.574857485748575,-0.833747044979559,-0.04193453988082568,-3.5677288171323784,-2.0
8.575857585758575,-0.6824682851662601,-0.04247571626010762,-3.779103878105958,-2.0
8.576857685768577,-0.6082705823604415,-0.04301625527329113,-3.732070755094336,-2.0
8.577857785778578,-0.7099632452387253,-0.04355615181877196,-3.8149020118375945,-2.0
8.57885788578858,-0.6602206936724746,-0.04409540080335598,-3.7841385902277143,-2.0
8.57985798579858,-0.7771142759801759,-0.04463399714230014,-3.869773665534598,-2.0
8.58085808580858,-0.8936736036470262,-0.045171935759366795,-3.905745826807751,-2.0
8.581858185818582,-0.6033349869902327,-0.04570921158686208,-3.8399457378917408,-2.0
8.582858285828584,-0.5820331210895379,-0.04624581956569007,-3.776802155877524,-2.0
8.583858385838584,-0.8635634874858023,-0.046781754645393296,-3.6662060426715146,-2.0
8.584858485848585,-0.8133718817095227,-0.04731701178420607,-3.5383260151448845,-2.0
8.585858585858587,-0.6773422662260224,-0.047851585949095575,-3.5262393637286538,-2.0
8.586858685868586,-0.727163656584427,-0.04838547211580812,-3.4845693274056004,-2.0
8.587858785878588,-0.7938343267503027,-0.048918665268921545,-3.298301501057266,-2.0
8.58885888588859,-0.7259281937490643,-0.049451160401882924,-3.3941006073228746,-2.0
8.58985898589859,-0.7247389712961984,-0.04998295251706188,-3.593520360754329,-2.0
8.59085908590859,-0.6762495531126951,-0.050514036625790466,-3.5174115155402585,-2.0
8.591859185918592,-0.6011636669468879,-0.0510444077484157,-3.5803982923150404,-2.0
8.592859285928593,-0.5933846541038862,-0.051574060914339845,-3.6065663833749504,-2.0
8.593859385938593,-0.6390024217926814,-0.05210299116206606,-3.684167011797844,-2.0
8.594859485948595,-0.6809912381770589,-0.05263119353924997,-3.7317171932590236,-2.0
8.595859585958596,-0.6317578697418014,-0.0531586631027366,-3.686238064008597,-2.0
8.596859685968598,-0.5120048037762372,-0.053685394918612926,-3.6923128694525134,-2.0
8.597859785978597,-0.7139596938281731,-0.05421138406224711,-3.6723298422598756,-2.0
8.598859885988599,-0.5770951732583848,-0.05473662561834012,-3.577648831206254,-2.0
8.5998599859986,-0.5858739583342504,-0.05526111468096536,-3.582215302962441,-2.0
8.6008600860086,-0.5892242324238224,-0.055784846353613506,-3.5622349354969183,-2.0
8.601860186018602,-0.5500597852323755,-0.05630781574924265,-3.5256176343948256,-2.0
8.602860286028603,-0.7165821167480534,-0.05683001799031759,-3.4965463369305976,-2.0
8.603860386038605,-0.6726081174061961,-0.057351448208855516,-3.5491737398734493,-2.0
8.604860486048604,-0.5684581869039644,-0.05787210154647048,-3.6825161295283344,-2.0
8.605860586058606,-0.6821633415825666,-0.05839197315442123,-3.599719416281881,-2.0
8.606860686068607,-0.4480466920756937,-0.05891105819365066,-3.4807086657255697,-2.0
8.607860786078607,-0.654792034870211,-0.0594293518348299,-3.411319649968799,-2.0
8.608860886088609,-0.6895901737332205,-0.05994684925840758,-3.421944588243278,-2.0
8.60986098609861,-0.47783114315286995,-0.060463545654648405,-3.4381537251331333,-2.0
8.610861086108612,-0.64761337099555,-0.06097943622367804,-3.504109385550644,-2.0
8.611861186118611,-0.5232155286349884,-0.06149451617552677,-3.664258433277258,-2.0
8.612861286128613,-0.41770949231334337,-0.06200878073017644,-3.6634843758092575,-2.0
8.613861386138614,-0.36080624027920893,-0.06252222511759926,-3.6221739790819387,-2.0
8.614861486148614,-0.3803890650250042,-0.06303484457780105,-3.7600419579494444,-2.0
8.615861586158616,-0.4857881591974106,-0.06354663436086955,-3.87707445813233,-2.0
8.616861686168617,-0.41435389698254543,-0.06405758972701237,-3.6642912561540024,-2.0
8.617861786178619,-0.47144063176877954,-0.06456770594660038,-3.599317292845557,-2.0
8.618861886188618,-0.46843533670938886,-0.06507697830021296,-3.5302518649817913,-2.0
8.61986198619862,-0.45462935445640085,-0.065585402078681,-3.659075676398791,-2.0
8.620862086208621,-0.4372537990403634,-0.06609297258312521,-3.826430056808188,-2.0
8.621862186218621,-0.2137303952347882,-0.06659968512500115,-3.77879953152561,-2.0
8.622862286228623,-0.5338729041159471,-0.06710553502614455,-3.839767247026466,-2.0
8.623862386238624,-0.3267249485551301,-0.06761051761880901,-3.887458549242282,-2.0
8.624862486248626,-0.33271262385581823,-0.06811462824570845,-3.843557900654024,-2.0
8.625862586258625,-0.3799738021540656,-0.06861786226006161,-3.842688748529645,-2.0
8.626862686268627,-0.4137006430133625,-0.06912021502563424,-3.821602730521837,-2.0
8.627862786278628,-0.30238177243575604,-0.06962168191677645,-3.899078118830754,-2.0
8.628862886288628,-0.18256583553828268,-0.07012225831846702,-3.9095512666340007,-2.0
8.62986298629863,-0.32970066656290525,-0.07062193962635781,-3.81164608369472,-2.0
8.630863086308631,-0.29206230287000384,-0.0711207212468106,-3.7445916877325334,-2.0
8.631863186318633,-0.3105082889536997,-0.07161859859693873,-3.8267643252186008,-2.0
8.632863286328632,-0.3915912557443046,-0.07211556710465072,-3.8581904943294383,-2.0
8.633863386338634,-0.2816295164896836,-0.07261162220869166,-4.01354001285725,-2.0
8.634863486348635,-0.35161213996548013,-0.07310675935867954,-3.9169336984654857,-2.0
8.635863586358635,-0.36614506480042497,-0.07360097401514896,-3.988109193055795,-2.0
8.636863686368637,-0.2745932523949997,-0.07409426164959441,-4.09661279413629,-2.0
8.637863786378638,-0.4048948027238302,-0.0745866177445064,-4.0244611946195326,-2.0
8.63886388638864,-0.05951059594888308,-0.07507803779341223,-4.111078401250681,-2.0
8.63986398639864,-0.2862087111733996,-0.07556851730091865,-3.9743896817114277,-2.0
8.64086408640864,-0.17361520849910655,-0.07605805178275243,-4.085430037969531,-2.0
8.641864186418642,-0.2529426714097383,-0.0765466367657953,-4.0508003484145085,-2.0
8.642864286428644,-0.11568503370842324,-0.07703426778813004,-3.9688523371986095,-2.0
8.643864386438644,-0.15004723137647957,-0.07752094039907462,-4.066140819472941,-2.0
8.644864486448645,-0.23763183921638092,-0.07800665015922836,-4.140743272059434,-2.0
8.645864586458647,-0.26290680108357706,-0.07849139264050385,-4.138593965151627,-2.0
8.646864686468646,-0.29201141555065163,-0.07897516342617172,-4.027012052613682,-2.0
8.647864786478648,-0.3146325328286338,-0.07945795811089987,-4.22440928248923,-2.0
8.64886488648865,-0.14127433374598697,-0.07993977230078757,-4.14034724243997,-2.0
8.64986498649865,-0.37106622279149004,-0.08042060161341064,-4.084453457479952,-2.0
8.65086508650865,-0.18719492219883838,-0.08090044167785457,-3.9563435424728364,-2.0
8.651865186518652,-0.19577266381817612,-0.08137928813475999,-4.007375088510816,-2.0
8.652865286528653,-0.2092225915687616,-0.08185713663635352,-4.190176943898097,-2.0
8.653865386538653,-0.19665828321867507,-0.08233398284649171,-4.3579526344394415,-2.0
8.654865486548655,-0.15054978211111691,-0.08280982244069923,-4.345322483072244,-2.0
8.655865586558656,-0.036180184433911716,-0.08328465110620237,-4.420577238006242,-2.0
8.656865686568658,-0.25396409006488185,-0.08375846454197292,-4.336304624935643,-2.0
8.657865786578657,0.07656996249134337,-0.08423125845876073,-4.2299047335839,-2.0
8.658865886588659,-0.10468150010828747,-0.08470302857913742,-4.218803760191642,-2.0
8.65986598659866,-0.2163369927465355,-0.08517377063752926,-4.289163287090321,-2.0
8.66086608660866,-0.06038873084245471,-0.08564348038025454,-4.2624456637233825,-2.0
8.661866186618662,-0.02337096360117849,-0.08611215356556656,-4.149000464218637,-2.0
8.662866286628663,0.007324352954013243,-0.08657978596368317,-4.259036002266128,-2.0
8.663866386638665,-0.02838082842161242,-0.08704637335683048,-4.210009124458574,-2.0
8.664866486648664,0.006343185055324302,-0.08751191153927441,-4.243651125027861,-2.0
8.665866586658666,-0.07499172090213957,-0.08797639631736347,-4.339449707135093,-2.0
8.666866686668667,-0.0448979558107374,-0.08843982350956069,-4.3678711732392435,-2.0
8.667866786678667,0.1580338407319055,-0.0889021889464802,-4.518598658549491,-2.0
8.668866886688669,-0.11293409751042072,-0.08936348847092902,-4.595469793381163,-2.0
8.66986698669867,0.14789375181338377,-0.08982371793793584,-4.74399089807589,-2.0
8.670867086708672,-0.07141093337930104,-0.09028287321479374,-4.744445001804219,-2.0
8.671867186718671,0.060254096659321625,-0.09074095018109087,-4.8057136784418155,-2.0
8.672867286728673,0.09544351466351664,-0.09119794472875212,-4.937824649562286,-2.0
8.673867386738674,-0.007357016991596063,-0.09165385276207025,-4.806434844481817,-2.0
8.674867486748674,0.11953263821943483,-0.09210867019774144,-4.866687354397709,-2.0
8.675867586758676,0.11831017973878594,-0.09256239296490608,-4.91282072495512,-2.0
8.676867686768677,0.10510807004696092,-0.09301501700517684,-4.96748174497726,-2.0
8.677867786778679,-0.03922243331600281,-0.09346653827268007,-4.960538333718847,-2.0
8.678867886788678,0.21530747700923042,-0.09391695273408586,-5.0392560374513655,-2.0
8.67986798679868,0.07497348515723382,-0.0943662563686484,-4.97008195079337,-2.0
8.680868086808681,0.11357492681267975,-0.09481444516823644,-5.023633210489644,-2.0
8.681868186818681,0.20382115389085498,-0.09526151513736786,-4.870226559857471,-2.0
8.682868286828683,0.10755919976613981,-0.09570746229324872,-4.935928402581761,-2.0
8.683868386838684,0.2922268379931743,-0.09615228266580318,-5.09568273769498,-2.0
8.684868486848686,0.09600807308066424,-0.09659597229770873,-5.109490782002138,-2.0
8.685868586858685,0.1853173141259946,-0.09703852724443035,-5.259019160657421,-2.0
8.686868686868687,0.07725146172687691,-0.09747994357425731,-5.273388339865665,-2.0
8.687868786878688,0.33456030472945353,-0.09792021736833334,-5.4214438081488545,-2.0
8.688868886888688,0.15704484568451516,-0.09835934472069002,-5.495150032568112,-2.0
8.68986898689869,0.21049975881223545,-0.0987973217382849,-5.576022406135592,-2.0
8.690869086908691,0.17829077045552916,-0.09923414454103051,-5.654979460141572,-2.0
8.691869186918693,0.08101239947581262,-0.09966980926182857,-5.632777926510357,-2.0
8.692869286928692,0.31987695963913493,-0.10010431204660303,-5.668538233854978,-2.0
8.693869386938694,0.12479071890445187,-0.1005376490543362,-5.56544485458303,-2.0
8.694869486948695,0.25651240024700994,-0.10096981645709752,-5.408896065258729,-2.0
8.695869586958695,0.4020757917605816,-0.10140081044007626,-5.499205053466706,-2.0
8.696869686968697,0.2624116114635256,-0.1018306272016185,-5.557988266768019,-2.0
8.697869786978698,0.23538966926172772,-0.10225926295325527,-5.659424055466397,-2.0
8.6988698869887,0.12604769621754142,-0.10268671391973501,-5.563902371273784,-2.0
8.6998699869987,0.4502983572527073,-0.10311297633905799,-5.6304679320913955,-2.0
8.7008700870087,0.2641109284337938,-0.10353804646250854,-5.44479746359803,-2.0
8.701870187018702,0.04927454682798821,-0.10396192055468303,-5.3427203688786875,-2.0
8.702870287028704,0.22281392942564943,-0.10438459489352457,-5.455127276548108,-2.0
8.703870387038704,0.36333814649042884,-0.10480606577035453,-5.421940565589242,-2.0
8.704870487048705,0.310903419798534,-0.10522632948990478,-5.575260572275307,-2.0
8.705870587058707,0.4447685782951618,-0.10564538237034476,-5.527057349788158,-2.0
8.706870687068706,0.4847879475874765,-0.1060632207433169,-5.504767383422411,-2.0
8.707870787078708,0.3470245132067654,-0.10647984095396743,-5.4691928152773155,-2.0
8.70887088708871,0.3686464858160908,-0.10689523936097359,-5.566848205053875,-2.0
8.70987098709871,0.2721734207902094,-0.10730941233657694,-5.4785079859843995,-2.0
8.71087108710871,0.3308167123879433,-0.10772235626661421,-5.502953385918454,-2.0
8.711871187118712,0.37266624985828334,-0.10813406755054825,-5.488676617283499,-2.0
8.712871287128714,0.4416834787536622,-0.10854454260149408,-5.417127428953783,-2.0
8.713871387138713,0.5573294152836461,-0.10895377784625367,-5.482733999666658,-2.0
8.714871487148715,0.30779737616029346,-0.10936176972534514,-5.4247600708648465,-2.0
8.715871587158716,0.6066635463076981,-0.10976851469302933,-5.407022999855664,-2.0
8.716871687168718,0.532449520789642,-0.11017400921734206,-5.35762781070932,-2.0
8.717871787178717,0.4160177090258542,-0.11057824978012377,-5.343663881284301,-2.0
8.718871887188719,0.5378558197628944,-0.11098123287704949,-5.251443783535663,-2.0
8.71987198719872,0.3366200429783853,-0.11138295501765409,-5.310789242979215,-2.0
8.72087208720872,0.4410964499031479,-0.11178341272536557,-5.279605044508994,-2.0
8.721872187218722,0.5049760184556118,-0.11218260253753361,-5.275495303482315,-2.0
8.722872287228723,0.4805792094603059,-0.11258052100545454,-5.332532845308966,-2.0
8.723872387238725,0.6611894201158359,-0.11297716469440482,-5.317313370970261,-2.0
8.724872487248724,0.4348375418640287,-0.1133725301836648,-5.196624743192524,-2.0
8.725872587258726,0.47958651799877156,-0.11376661406655281,-5.208634832494927,-2.0
8.726872687268727,0.6328681769386431,-0.11415941295044654,-5.175281333509112,-2.0
8.727872787278727,0.4591062184761918,-0.11455092345681595,-5.272740484055526,-2.0
8.728872887288729,0.4971169989983041,-0.11494114222125078,-5.208674649242963,-2.0
8.72987298729873,0.558711706581445,-0.11533006589348438,-5.349400436300724,-2.0
8.730873087308732,0.5488254265303112,-0.11571769113742628,-5.3394544211647705,-2.0
8.731873187318731,0.6017070621361899,-0.11610401463118483,-5.279448577319634,-2.0
8.732873287328733,0.49975107108800243,-0.11648903306709997,-5.244511834912969,-2.0
8.733873387338734,0.5906035362414982,-0.1168727431517641,-5.172159654766214,-2.0
8.734873487348734,0.5943176228050019,-0.1172551416060534,-4.953558026582389,-2.0
8.735873587358736,0.672400827068788,-0.11763622516515462,-4.96881952943848,-2.0
8.736873687368737,0.5984926574367408,-0.1180159905785877,-4.807953172924289,-2.0
8.737873787378739,0.4444946827010289,-0.11839443461023723,-4.814068637393924,-2.0
8.738873887388738,0.5310480955065731,-0.11877155403837415,-4.678793697858311,-2.0
8.73987398739874,0.7934348037940038,-0.11914734565568695,-4.681399124434704,-2.0
8.740874087408741,0.7484434045373995,-0.11952180626930375,-4.557229793902596,-2.0
8.741874187418741,0.5008071312108081,-0.11989493270081793,-4.64976974415531,-2.0
8.742874287428743,0.6959197896957737,-0.12026672178631846,-4.656239918177507,-2.0
8.743874387438744,0.617314895414827,-0.12063717037640925,-4.649353755464046,-2.0
8.744874487448746,0.8002537514555288,-0.12100627533623977,-4.711103325889931,-2.0
8.745874587458745,0.6114704883342656,-0.12137403354552605,-4.708133144512296,-2.0
8.746874687468747,0.573338398349605,-0.12174044189858026,-4.7140320909992575,-2.0
8.747874787478748,0.8842223173681026,-0.12210549730433211,-4.634212601494798,-2.0
8.748874887488748,0.7738536093102043,-0.12246919668635356,-4.611412553471712,-2.0
8.74987498749875,0.8491161015406549,-0.12283153698288747,-4.49625953202555,-2.0
8.750875087508751,0.8642779480547008,-0.12319251514686633,-4.357129037050804,-2.0
8.751875187518753,0.6706508465951206,-0.12355212814594181,-4.434506728000241,-2.0
8.752875287528752,0.8251679641419615,-0.12391037296250433,-4.453661663910578,-2.0
8.753875387538754,0.6679212380920192,-0.12426724659371191,-4.377008964497416,-2.0
8.754875487548755,0.8057993938675453,-0.12462274605151034,-4.54184959799429,-2.0
8.755875587558755,0.6879766677156985,-0.12497686836265674,-4.476870298970332,-2.0
8.756875687568757,0.7267896215733689,-0.1253296105687471,-4.372211135857272,-2.0
8.757875787578758,0.7505272322355842,-0.12568096972623427,-4.4047526807095485,-2.0
8.75887588758876,0.7124888349695001,-0.12603094290645583,-4.258918484509039,-2.0
8.75987598759876,0.8054652747579335,-0.12637952719565307,-4.201890991770744,-2.0
8.76087608760876,0.6728008316875086,-0.12672671969499857,-4.101166104866162,-2.0
8.761876187618762,0.7128051507652842,-0.12707251752061513,-4.0858928513071495,-2.0
8.762876287628764,0.7267817260659153,-0.12741691780359882,-4.198836570804132,-2.0
8.763876387638764,0.9024767952196117,-0.12775991769004305,-4.241830066707383,-2.0
8.764876487648765,0.7946926074290774,-0.1281015143410613,-4.312505520259171,-2.0
8.765876587658767,0.8327335727586465,-0.12844170493280585,-4.213263890105426,-2.0
8.766876687668766,0.912962804140153,-0.12878048665649208,-4.175538855104588,-2.0
8.767876787678768,0.6896303529366028,-0.12911785671842188,-4.058678718656262,-2.0
8.76887688768877,1.004147044977849,-0.1294538123400025,-4.109060471632128,-2.0
8.76987698769877,0.96356564141739,-0.1297883507577681,-4.149040482210736,-2.0
8.77087708770877,0.6870217700648085,-0.13012146922340292,-4.203048711936046,-2.0
8.771877187718772,0.6759782043463126,-0.13045316500376267,-4.099679892653928,-2.0
8.772877287728774,0.8228513004876282,-0.13078343538089257,-4.1563028198690395,-2.0
8.773877387738773,0.7861176207269631,-0.13111227765205005,-4.182756559312732,-2.0
8.774877487748775,0.8990953932413414,-0.1314396891297274,-4.017778902996613,-2.0
8.775877587758776,0.9890159790922177,-0.13176566714166926,-3.997639296292947,-2.0
8.776877687768778,1.0257191066680582,-0.1320902090308933,-3.781634505052493,-2.0
8.777877787778777,1.1224313302610778,-0.13241331215571223,-3.7096030094908814,-2.0
8.778877887788779,0.8558527631873877,-0.1327349738897538,-3.833857994214992,-2.0
8.77987798779878,0.9773148744962699,-0.1330551916219776,-3.755859053085058,-2.0
8.78087808780878,0.7738709516640117,-0.1333739627566987,-3.678431989754659,-2.0
8.781878187818782,0.7730541812884183,-0.13369128471360486,-3.612120437210174,-2.0
8.782878287828783,0.7640025774659938,-0.1340071549277772,-3.6761389651967145,-2.0
8.783878387838785,0.9983144893811323,-0.1343215708497078,-3.605514548580777,-2.0
8.784878487848784,0.9159389969365941,-0.13463452994532055,-3.5322006589265946,-2.0
8.785878587858786,0.8195218607709043,-0.13494602969599045,-3.5922067305390573,-2.0
8.786878687868787,0.7671445039118174,-0.13525606759855935,-3.6698382021142972,-2.0
8.787878787878787,1.1005759500093732,-0.13556464116535763,-3.7596441994381493,-2.0
8.788878887888789,0.9071552314273184,-0.13587174792422255,-3.771823121212746,-2.0
8.78987898789879,0.8882430523561388,-0.136177385418514,-3.8060380842121493,-2.0
8.790879087908792,0.9788988790869125,-0.1364815512071345,-3.958232734928045,-2.0
8.791879187918791,0.8462978669144916,-0.13678424286454738,-4.007950721285486,-2.0
8.792879287928793,0.8782881905583888,-0.13708545798079505,-3.9550088436100737,-2.0
8.793879387938794,0.7411979584623366,-0.13738519416151374,-3.955479206845645,-2.0
8.794879487948794,0.9320320632711074,-0.13768344902795393,-4.104681794839183,-2.0
8.795879587958796,0.9219141769311842,-0.1379802202169979,-4.164964302939957,-2.0
8.796879687968797,0.9667669421855746,-0.1382755053811739,-4.056605264389005,-2.0
8.797879787978799,0.995802792130062,-0.13856930218867533,-4.116855854469668,-2.0
8.798879887988798,0.8828804321571937,-0.1388616083233776,-4.169752517116634,-2.0
8.7998799879988,0.9351141533770629,-0.13915242148485554,-4.307226250814522,-2.0
8.800880088008801,0.8058253738683058,-0.13944173938839663,-4.317850445975753,-2.0
8.801880188018801,1.0308071293585483,-0.13972955976502063,-4.322098715894559,-2.0
8.802880288028803,1.1446015736067487,-0.14001588036149581,-4.211701243219678,-2.0
8.803880388038804,1.0224889313055985,-0.14030069894035163,-4.238036053815011,-2.0
8.804880488048806,0.9466201682860347,-0.14058401327989864,-4.263418434126943,-2.0
8.805880588058805,1.1032909219555767,-0.14086582117424076,-4.124365629745012,-2.0
8.806880688068807,0.9982966748870818,-0.14114612043329466,-4.058528743567396,-2.0
8.807880788078808,0.9999843782652855,-0.14142490888280063,-3.9213538639208694,-2.0
8.808880888088808,0.9151647999268053,-0.14170218436434115,-3.7797673079089926,-2.0
8.80988098809881,0.9538505711187415,-0.14197794473535577,-4.011758673424448,-2.0
8.810881088108811,0.9896352109338014,-0.14225218786915322,-3.824322073554364,-2.0
8.811881188118813,0.891356028875753,-0.1425249116549296,-3.826289554242181,-2.0
8.812881288128812,1.0149666575836809,-0.14279611399777983,-3.927860884376098,-2.0
8.813881388138814,1.1102329984478625,-0.14306579281871584,-3.949229983374382,-2.0
8.814881488148815,1.0011415311612601,-0.14333394605467611,-3.929466170610554,-2.0
8.815881588158815,1.0489130154534687,-0.14360057165854354,-3.9758418308905967,-2.0
8.816881688168817,1.071777524045367,-0.1438656675991586,-3.99993809311861,-2.0
8.817881788178818,1.0368483808534905,-0.14412923186133073,-4.007539619966475,-2.0
8.81888188818882,1.0917491322540827,-0.14439126244585537,-4.097291442360979,-2.0
8.81988198819882,0.9824258545496735,-0.144651757369524,-4.145727953674199,-2.0
8.82088208820882,1.003141209361741,-0.1449107146651411,-4.1653267114783015,-2.0
8.821882188218822,1.016555378227928,-0.1451681323815334,-4.199914142608995,-2.0
8.822882288228824,0.8336326041910519,-0.14542400858356597,-4.19342267771244,-2.0
8.823882388238824,1.004995170130792,-0.14567834135215207,-4.21254525530706,-2.0
8.824882488248825,1.1872601127583153,-0.1459311287842693,-4.068111852251101,-2.0
8.825882588258827,1.064565675275674,-0.14618236899296905,-4.136307246550546,-2.0
8.826882688268826,0.9152234170558876,-0.14643206010738885,-4.226334898782105,-2.0
8.827882788278828,0.9534209647509357,-0.1466802002727672,-4.238681001904036,-2.0
8.82888288828883,1.007588661647892,-0.14692678765045292,-4.439470233088661,-2.0
8.82988298829883,0.9086255132436953,-0.1471718204179173,-4.340149884419783,-2.0
8.83088308830883,0.9731401404929679,-0.14741529676876586,-4.3413224749198305,-2.0
8.831883188318832,0.8975143102816152,-0.14765721491275155,-4.2551783048121505,-2.0
8.832883288328834,1.049860173418643,-0.1478975730757837,-4.148643693220749,-2.0
8.833883388338833,0.7696862527721098,-0.1481363694999391,-4.1581517630962015,-2.0
8.834883488348835,0.9578315393409657,-0.14837360244347547,-3.969180143359549,-2.0
8.835883588358836,0.8381182391668076,-0.14860927018083994,-4.051895812210632,-2.0
8.836883688368838,1.0102513496892769,-0.14884337100267991,-4.0634471392964535,-2.0
8.837883788378837,1.0264560288338564,-0.1490759032158538,-4.0770750315407644,-2.0
8.838883888388839,0.9728305878532529,-0.14930686514344277,-4.172758956556893,-2.0
8.83988398839884,0.9476316387197845,-0.14953625512475888,-4.000825042477931,-2.0
8.84088408840884,1.1117973516049504,-0.14976407151535479,-3.9050256541323627,-2.0
8.841884188418842,1.0156217936695873,-0.14999031268703616,-4.037697163700664,-2.0
8.842884288428843,1.1411141394144009,-0.1502149770278691,-3.9358906700012266,-2.0
8.843884388438845,0.9912463209991099,-0.1504380629421892,-4.000180207230662,-2.0
8.844884488448844,0.95023490060519,-0.1506595688506128,-3.962758600428062,-2.0
8.845884588458846,0.9889019519931783,-0.15087949319004565,-4.060211755407944,-2.0
8.846884688468847,0.883060349544881,-0.15109783441369018,-4.077802871874831,-2.0
8.847884788478847,1.161258506193961,-0.15131459099105551,-4.051295713315599,-2.0
8.848884888488849,0.9609976048583805,-0.1515297614079673,-4.227311489672543,-2.0
8.84988498849885,1.0027449108682174,-0.15174334416657448,-4.373289078200454,-2.0
8.850885088508852,0.9190695220544447,-0.15195533778535736,-4.359613690505382,-2.0
8.851885188518851,0.9497223747734149,-0.15216574079913725,-4.183362865232271,-2.0
8.852885288528853,1.0267323684747238,-0.15237455175908426,-4.1341067717417594,-2.0
8.853885388538854,0.8191748474307197,-0.1525817692327235,-4.155187404253623,-2.0
8.854885488548854,1.0379263257082758,-0.15278739180394385,-4.176724063903458,-2.0
8.855885588558856,1.1822590846285306,-0.15299141807300637,-4.176271825995594,-2.0
8.856885688568857,0.9834899897139978,-0.15319384665655036,-4.154270098159742,-2.0
8.857885788578859,1.148084672988738,-0.15339467618759994,-4.256523593887185,-2.0
8.858885888588858,0.9396089329342385,-0.15359390531557265,-4.062130784349627,-2.0
8.85988598859886,1.1782749050798769,-0.15379153270628626,-4.083942852403932,-2.0
8.860886088608861,1.014801625212868,-0.15398755704196349,-4.19795143228661,-2.0
8.861886188618861,0.8681368533311922,-0.15418197702123962,-4.152691676472165,-2.0
8.862886288628863,0.8258185505839244,-0.1543747913591704,-4.184297851558138,-2.0
8.863886388638864,0.8274836790384281,-0.15456599878723584,-4.343400176873411,-2.0
8.864886488648866,0.9863942764794651,-0.15475559805334674,-4.30786332883045,-2.0
8.865886588658865,1.0227577064499431,-0.15494358792185142,-4.221329039057302,-2.0
8.866886688668867,0.8879899091429616,-0.15512996717354155,-4.197474145157133,-2.0
8.867886788678868,0.8470378907950771,-0.15531473460565562,-4.2884101740179945,-2.0
8.868886888688868,0.9633573000976513,-0.15549788903188633,-4.226600968990573,-2.0
8.86988698869887,1.062603385554441,-0.15567942928238582,-4.235575816975991,-2.0
8.870887088708871,0.8414715709187532,-0.15585935420376873,-4.308565853908663,-2.0
8.871887188718873,1.202690333075086,-0.1560376626591186,-4.441974670243509,-2.0
8.872887288728872,0.9950510129434191,-0.15621435352799237,-4.254165722912811,-2.0
8.873887388738874,0.8665301495109615,-0.15638942570642544,-4.204561802185641,-2.0
8.874887488748875,1.0225650723125859,-0.15656287810693398,-4.184793080906419,-2.0
8.875887588758875,0.9504366707380484,-0.15673470965852118,-4.20455360165009,-2.0
8.876887688768877,0.8341437922302465,-0.15690491930668102,-3.987873334902332,-2.0
8.877887788778878,0.952655447127514,-0.15707350601340078,-4.033020169980555,-2.0
8.87888788878888,0.8610831055353666,-0.15724046875716563,-3.956761458900099,-2.0
8.87988798879888,0.838506197928681,-0.15740580653296257,-3.8135357340333655,-2.0
8.88088808880888,0.9692275337037884,-0.15756951835228364,-3.7179654964126763,-2.0
8.881888188818882,0.8804885260856287,-0.15773160324312785,-3.710987842471894,-2.0
8.882888288828884,0.9430144984580525,-0.1578920602500061,-3.7324633581008513,-2.0
8.883888388838884,0.9702014025227067,-0.15805088843394213,-3.679331923337237,-2.0
8.884888488848885,1.0258522481151002,-0.1582080868724773,-3.555952353149372,-2.0
8.885888588858887,0.5930800514826491,-0.15836365465967167,-3.7070951049676717,-2.0
8.886888688868886,0.842031489550131,-0.15851759090610595,-3.5934739053147293,-2.0
8.887888788878888,0.9539635956038908,-0.15866989473888582,-3.6256628193977543,-2.0
8.88888888888889,0.9345009394533329,-0.15882056530164151,-3.7910462011212,-2.0
8.88988898889889,0.8030816089033818,-0.15896960175453165,-3.72723672340545,-2.0
8.89088908890889,0.8566531167058143,-0.15911700327424308,-3.7112447422717034,-2.0
8.891889188918892,0.8847898558274859,-0.15926276905399478,-3.535714664336906,-2.0
8.892889288928894,0.8179501680986627,-0.1594068983035373,-3.4406358749396944,-2.0
8.893889388938893,0.837981284850745,-0.159549390249154,-3.6509161616388575,-2.0
8.894889488948895,0.8060023828352987,-0.15969024413366403,-3.749183577555497,-2.0
8.895889588958896,0.9112637087541285,-0.1598294592164207,-3.645455576065747,-2.0
8.896889688968898,0.7276472637051293,-0.15996703477331423,-3.447402209947354,-2.0
8.897889788978897,0.67371905076339,-0.16010297009677069,-3.2973601728056146,-2.0
8.898889888988899,0.7160476265012531,-0.16023726449575412,-3.096722312411012,-2.0
8.8998899889989,0.7702790184191627,-0.16036991729576547,-3.1000098180478766,-2.0
8.9008900890089,0.7417404794992691,-0.16050092783884246,-3.16200748082216,-2.0
8.901890189018902,0.7518742696311363,-0.16063029548356125,-3.1716097760726383,-2.0
8.902890289028903,0.791960973404865,-0.16075801960503383,-3.004293139621991,-2.0
8.903890389038905,0.883334028700877,-0.16088409959490968,-3.0290366218536047,-2.0
8.904890489048904,0.7840844780638359,-0.16100853486137337,-3.0975899220561454,-2.0
8.905890589058906,0.8787225915107377,-0.1611313248291457,-3.142618104320279,-2.0
8.906890689068907,0.6689480041247504,-0.1612524689394813,-3.137891891823457,-2.0
8.907890789078907,0.9173520544874172,-0.16137196665016773,-3.0469362658414365,-2.0
8.908890889088909,0.5738779051998195,-0.16148981743552526,-3.042815381681333,-2.0
8.90989098909891,0.8097012993163573,-0.16160602078640462,-3.0737943961066763,-2.0
8.910891089108912,0.738458797456546,-0.16172057621018507,-3.169910218021282,-2.0
8.911891189118911,0.6778202535104392,-0.16183348323077343,-3.095455820050825,-2.0
8.912891289128913,0.7253805398464762,-0.1619447413886024,-3.100082298638746,-2.0
8.913891389138914,0.8335568661241481,-0.16205435024062767,-3.090055124745253,-2.0
8.914891489148914,0.7198339275140571,-0.1621623093603258,-3.021219050673881,-2.0
8.915891589158916,0.8836618146774379,-0.16226861833769282,-2.8956174213993577,-2.0
8.916891689168917,0.558040942447741,-0.1623732767792406,-2.830118636376742,-2.0
8.917891789178919,0.8150672728824288,-0.16247628430799446,-2.818076711964372,-2.0
8.918891889188918,0.7461934800217985,-0.16257764056349017,-2.6597743102498956,-2.0
8.91989198919892,0.4536496656286898,-0.16267734520177177,-2.7040219537962056,-2.0
8.920892089208921,0.8170979592732459,-0.16277539789538747,-2.5930958339576358,-2.0
8.921892189218921,0.5840827173454388,-0.16287179833338605,-2.596760114562646,-2.0
8.922892289228923,0.6457209437509271,-0.1629665462213145,-2.6210189681970966,-2.0
8.923892389238924,0.5923533591890309,-0.16305964128121364,-2.655258066659304,-2.0
8.924892489248926,0.7867175265794317,-0.16315108325161373,-2.643437183094775,-2.0
8.925892589258925,0.6443654936131031,-0.16324087188753153,-2.5886014578105123,-2.0
8.926892689268927,0.6643565875410057,-0.16332900696046587,-2.743006322352633,-2.0
8.927892789278928,0.7449339024519592,-0.16341548825839258,-2.853307241366958,-2.0
8.928892889288928,0.6641586241294919,-0.16350031558576059,-2.7801989271848306,-2.0
8.92989298929893,0.4702700505399061,-0.16358348876348766,-2.6904659982456467,-2.0
8.930893089308931,0.6730982737049043,-0.16366500762895497,-2.5504809472040226,-2.0
8.931893189318933,0.8230896027483109,-0.16374487203600194,-2.4279086056468766,-2.0
8.932893289328932,0.6689416390540244,-0.16382308185492173,-2.497929988862836,-2.0
8.933893389338934,0.5637464880140468,-0.163899636972456,-2.3475845813952425,-2.0
8.934893489348935,0.6319412497582162,-0.16397453729178862,-2.1859362819832353,-2.0
8.935893589358935,0.4234095775313486,-0.1640477827325406,-2.0416927652793255,-2.0
8.936893689368937,0.5775142563096364,-0.16411937323076461,-2.046735755133964,-2.0
8.937893789378938,0.6943883010227059,-0.16418930873893867,-2.0256514437738655,-2.0
8.93889388938894,0.5684653250512455,-0.16425758922595965,-2.0311129461930997,-2.0
8.93989398939894,0.6424470222895999,-0.16432421467713784,-1.9849252272282207,-2.0
8.94089408940894,0.6109895604093056,-0.1643891850941903,-2.0480782878533748,-2.0
8.941894189418942,0.5681343013022184,-0.1644525004952337,-1.9951418184396847,-2.0
8.942894289428944,0.6332098207613619,-0.164514160914778,-2.0864732753124904,-2.0
8.943894389438944,0.42217582766109696,-0.16457416640371994,-2.3696467428293277,-2.0
8.944894489448945,0.5092284984824053,-0.1646325170293355,-2.173674229988328,-2.0
8.945894589458947,0.5971379289053952,-0.16468921287527244,-2.2621557399868406,-2.0
8.946894689468946,0.48846087553601775,-0.16474425404154364,-2.37603739499346,-2.0
8.947894789478948,0.44867167210764675,-0.1647976406445191,-2.444331233359744,-2.0
8.94889488948895,0.3999236290084392,-0.16484937281691808,-2.345126318766473,-2.0
8.94989498949895,0.26251840890613687,-0.16489945070780193,-2.4292734306619908,-2.0
8.95089508950895,0.3901321851633285,-0.16494787448256518,-2.547433716438717,-2.0
8.951895189518952,0.4424047711398624,-0.16499464432292824,-2.42938934220342,-2.0
8.952895289528954,0.354009450138439,-0.16503976042692836,-2.3362633626396176,-2.0
8.953895389538953,0.4160510102303919,-0.16508322300891157,-2.4220215761161206,-2.0
8.954895489548955,0.4873157865851043,-0.165125032299524,-2.398646744268044,-2.0
8.955895589558956,0.3739407896724227,-0.16516518854570275,-2.220371211961992,-2.0
8.956895689568958,0.37619910315745864,-0.16520369201066742,-2.2132559900206856,-2.0
8.957895789578957,0.3906516721896932,-0.16524054297391041,-2.0766440245203057,-2.0
8.958895889588959,0.3164468355113089,-0.16527574173118836,-2.077165926236787,-2.0
8.95989598959896,0.47760820185676256,-0.1653092885945119,-2.120854172065575,-2.0
8.96089608960896,0.2505977947205853,-0.16534118389213673,-1.949736760085973,-2.0
8.961896189618962,0.3533885676638151,-0.1653714279685537,-1.8908934292937545,-2.0
8.962896289628963,0.2782566727343098,-0.16540002118447839,-1.9015100916315752,-2.0
8.963896389638965,0.313253074306451,-0.16542696391684197,-1.9172840567783958,-2.0
8.964896489648964,0.29445600878328837,-0.16545225655878004,-1.9896175921628794,-2.0
8.965896589658966,0.28546134965690373,-0.16547589951962302,-1.897741009882806,-2.0
8.966896689668967,0.34600890400718004,-0.1654978932248852,-1.9474776099410782,-2.0
8.967896789678967,0.19783400614421898,-0.16551823811625396,-1.8956150292284528,-2.0
8.968896889688969,0.2811857817201255,-0.16553693465157943,-1.95862658570934,-2.0
8.96989698969897,0.2983555813335927,-0.16555398330486282,-1.8673254100863996,-2.0
8.970897089708972,0.20655340462752286,-0.16556938456624584,-1.835501684513563,-2.0
8.971897189718971,0.4080411114693667,-0.165583138941999,-1.8605570278678731,-2.0
8.972897289728973,0.3264207386654121,-0.16559524695451044,-1.72151665489611,-2.0
8.973897389738974,0.34728488103326305,-0.1656057091422741,-1.738702849266586,-2.0
8.974897489748974,0.17392169319705716,-0.16561452605987786,-1.5887595950707976,-2.0
8.975897589758976,0.0722394830684499,-0.16562169827799203,-1.7570652048777209,-2.0
8.976897689768977,0.22920527263116564,-0.16562722638335675,-1.737093537644331,-2.0
8.977897789778979,0.09760695493938534,-0.16563111097877004,-1.7133684917286083,-2.0
8.978897889788978,0.25228620490461867,-0.16563335268307544,-1.7897392613462928,-2.0
8.97989798979898,-0.05359473343982424,-0.16563395213114923,-1.8587310563595818,-2.0
8.980898089808981,0.22550440550592432,-0.16563290997388794,-1.8389540660800119,-2.0
8.981898189818981,0.09845193004307037,-0.16563022687819545,-1.7618073179359197,-2.0
8.982898289828983,0.18727550988035568,-0.1656259035269698,-1.5856314176234632,-2.0
8.983898389838984,0.22563732298439987,-0.16561994061909027,-1.7198017460651311,-2.0
8.984898489848986,-0.0761805174945118,-0.16561233886940396,-1.6552493569435562,-2.0
8.985898589858985,-0.0015433684811732573,-0.1656030990087124,-1.6848587856056725,-2.0
8.986898689868987,0.11768410505503203,-0.16559222178375757,-1.4964580748727387,-2.0
8.987898789878988,-0.01558510333351025,-0.16557970795720875,-1.6125850075451844,-2.0
8.988898889888988,0.12445438613312171,-0.16556555830764802,-1.6605957773890567,-2.0
8.98989898989899,0.16990747648850002,-0.16554977362955636,-1.392810259148986,-2.0
8.990899089908991,0.13846970026678518,-0.16553235473329975,-1.360381792105495,-2.0
8.991899189918993,0.20984771537651722,-0.1655133024451142,-1.4066079025445053,-2.0
8.992899289928992,0.020879249431792153,-0.1654926176070917,-1.4410718065419195,-2.0
8.993899389938994,0.08848425422742566,-0.16547030107716515,-1.4594922071799086,-2.0
8.994899489948995,0.24678517748078016,-0.16544635372909394,-1.524163851738165,-2.0
8.995899589958995,-0.09537270167421745,-0.16542077645244863,-1.3551857642479204,-2.0
8.996899689968997,-0.03151711484221517,-0.1653935701525959,-1.2811900289036373,-2.0
8.997899789978998,0.3465076646794837,-0.16536473575068333,-1.2689109278103592,-2.0
8.998899889989,0.04395394471264361,-0.1653342741836239,-1.3409328061114114,-2.0
8.999899989999,0.15230876120964476,-0.16530218640408045,-1.366382434586746,-2.0
9.000900090009,0.14970297149449766,-0.16526847338044975,-1.2389062567586189,-2.0
9.001900190019002,0.06276696370065754,-0.16523313609684703,-1.2510364510622582,-2.0
9.002900290029004,-0.05931334217731143,-0.16519617555308935,-1.3177318613365592,-2.0
9.003900390039004,0.10927764822428684,-0.16515759276468006,-1.3560511926433643,-2.0
9.004900490049005,-0.09702567667546984,-0.16511738876279186,-1.5173152119070188,-2.0
9.005900590059007,-0.06716358149345286,-0.16507556459425074,-1.4790669285951417,-2.0
9.006900690069006,-0.10290635330443215,-0.16503212132151926,-1.3984777348591344,-2.0
9.007900790079008,-0.06740347740766757,-0.16498706002267952,-1.4658162034674038,-2.0
9.00890089008901,-0.1384822313985498,-0.1649403817914165,-1.4215280682622535,-2.0
9.00990099009901,-0.05076748012326639,-0.16489208773700098,-1.5590789545439603,-2.0
9.01090109010901,-0.19275829624433377,-0.16484217898427223,-1.5084742389792978,-2.0
9.011901190119012,-0.15955567835076573,-0.1647906566736204,-1.534390487653465,-2.0
9.012901290129014,-0.11987801772775211,-0.16473752196096944,-1.5716736743900996,-2.0
9.013901390139013,-0.20187353493185906,-0.1646827760177594,-1.545102644485688,-2.0
9.014901490149015,-0.24128109835487854,-0.164626420030928,-1.5740876937783188,-2.0
9.015901590159016,-0.10833168715028603,-0.1645684552028934,-1.5173034982404197,-2.0
9.016901690169018,-0.2484729855930355,-0.16450888275153583,-1.411585256672343,-2.0
9.017901790179017,-0.17568738123452543,-0.16444770391017938,-1.2944489443873337,-2.0
9.018901890189019,-0.3285964803604153,-0.16438491992757306,-1.2925070210964755,-2.0
9.01990199019902,-0.12649942536660758,-0.16432053206787334,-1.3754097432231789,-2.0
9.02090209020902,-0.1734045570560252,-0.16425454161062464,-1.4077535454203902,-2.0
9.021902190219022,-0.19518740007631286,-0.16418694985074037,-1.5816324076343307,-2.0
9.022902290229023,-0.014555788669231906,-0.16411775809848475,-1.7190543458703087,-2.0
9.023902390239025,-0.37472500884611337,-0.16404696767945307,-1.70426128065271,-2.0
9.024902490249024,-0.3808888233326213,-0.16397457993455264,-1.6673741146724443,-2.0
9.025902590259026,-0.15502585291109794,-0.16390059621998299,-1.7060866504086811,-2.0
9.026902690269027,-0.31786721956726616,-0.16382501790721707,-1.734663732149118,-2.0
9.027902790279027,-0.38890231119746493,-0.16374784638298095,-1.8409043034602537,-2.0
9.028902890289029,-0.2298491792927845,-0.16366908304923397,-1.9729314706063243,-2.0
9.02990299029903,-0.3177979719465308,-0.16358872932314916,-1.9109332075543208,-2.0
9.030903090309032,-0.5454115851302833,-0.1635067866370928,-1.9151366678475945,-2.0
9.031903190319031,-0.3076933559856701,-0.16342325643860445,-1.9676324501231819,-2.0
9.032903290329033,-0.3457877081509185,-0.1633381401903758,-1.8326074145177604,-2.0
9.033903390339034,-0.3185341187662604,-0.16325143937023115,-1.9911963253124858,-2.0
9.034903490349034,-0.322648862012671,-0.16316315547110602,-2.0245732114842987,-2.0
9.035903590359036,-0.23442130370548947,-0.16307329000102624,-2.1266457775595007,-2.0
9.036903690369037,-0.3299168937520606,-0.16298184448308767,-2.283310261617757,-2.0
9.037903790379039,-0.4011886002092344,-0.16288882045543426,-1.9928236622205642,-2.0
9.038903890389038,-0.2208089942421258,-0.16279421947123757,-1.9605318948147863,-2.0
9.03990399039904,-0.37149842574810343,-0.1626980430986743,-1.8720323700701855,-2.0
9.040904090409041,-0.4739710837985034,-0.16260029292090608,-1.7483996288168884,-2.0
9.041904190419041,-0.34014843239752446,-0.1625009705360568,-1.642820072019567,-2.0
9.042904290429043,-0.6296692811337847,-0.16240007755719094,-1.6686024236690973,-2.0
9.043904390439044,-0.23166770877832718,-0.1622976156122921,-1.6113414493577911,-2.0
9.044904490449046,-0.28877935231001606,-0.16219358634424033,-1.6023847787701113,-2.0
9.045904590459045,-0.4691557084962622,-0.16208799141079058,-1.671626166318939,-2.0
9.046904690469047,-0.4370632445970863,-0.16198083248454906,-1.7164974673787405,-2.0
9.047904790479048,-0.4339504487365179,-0.1618721112529522,-1.7272856567755814,-2.0
9.048904890489048,-0.4803499867228851,-0.1617618294182434,-1.7787650512019288,-2.0
9.04990499049905,-0.4209200119666114,-0.16164998869744945,-1.793349489184002,-2.0
9.050905090509051,-0.4787134045035486,-0.16153659082235908,-1.906321065039514,-2.0
9.051905190519053,-0.631300231161529,-0.1614216375394988,-1.8957433199209928,-2.0
9.052905290529052,-0.4515523116271667,-0.16130513061011045,-1.9457006492134825,-2.0
9.053905390539054,-0.31232634571474416,-0.16118707181012654,-1.8420295772068749,-2.0
9.054905490549055,-0.6304355713943619,-0.16106746293014854,-2.0276010111091263,-2.0
9.055905590559055,-0.5880422039293969,-0.1609463057754224,-1.8819425032732604,-2.0
9.056905690569057,-0.6521176615487948,-0.160823602165814,-1.8140722938428802,-2.0
9.057905790579058,-0.5667695199465995,-0.16069935393578713,-1.7683124577852767,-2.0
9.05890589058906,-0.6159641220871782,-0.16057356293437766,-1.9352263110787309,-2.0
9.05990599059906,-0.49895972243306924,-0.16044623102517086,-1.99627714360511,-2.0
9.06090609060906,-0.381446223672696,-0.16031736008627556,-2.0538473552029,-2.0
9.061906190619062,-0.5059990335601148,-0.16018695201030114,-2.1627539486612957,-2.0
9.062906290629064,-0.6407942847409683,-0.16005500870433237,-2.1080829375892045,-2.0
9.063906390639064,-0.6589120469898168,-0.15992153208990503,-2.1097270299599105,-2.0
9.064906490649065,-0.7079972785038008,-0.15978652410298008,-2.199425400440524,-2.0
9.065906590659067,-0.4957718155487105,-0.1596499866939199,-2.2322861422475984,-2.0
9.066906690669066,-0.47706148244970625,-0.15951192182746315,-2.2854771177254287,-2.0
9.067906790679068,-0.6359355504855314,-0.15937233148269841,-2.3312602991620266,-2.0
9.06890689068907,-0.6665367265917204,-0.15923121765303988,-2.324326094054305,-2.0
9.06990699069907,-0.5035952279175525,-0.15908858234620193,-2.4383749953118663,-2.0
9.07090709070907,-0.58423464861417,-0.15894442758417285,-2.5571788715337576,-2.0
9.071907190719072,-0.6565671812526697,-0.15879875540318905,-2.4622572882443947,-2.0
9.072907290729074,-0.618879672972063,-0.15865156785371012,-2.484889180167306,-2.0
9.073907390739073,-0.8171581368360683,-0.15850286700039234,-2.434399777725911,-2.0
9.074907490749075,-0.6721195922971703,-0.15835265492206163,-2.4931815747108046,-2.0
9.075907590759076,-0.45581467790335173,-0.1582009337116887,-2.55203788836931,-2.0
9.076907690769078,-0.6476687214046963,-0.15804770547636204,-2.420862037435661,-2.0
9.077907790779078,-0.5893770225336294,-0.15789297233726152,-2.323515367579135,-2.0
9.078907890789079,-0.5426542877910236,-0.15773673642963076,-2.3863669487411854,-2.0
9.07990799079908,-0.6093393581712534,-0.1575789999027521,-2.4611140915724263,-2.0
9.08090809080908,-0.7916517997215075,-0.15741976491991894,-2.3997457898897903,-2.0
9.081908190819082,-0.6758030134949817,-0.1572590336584075,-2.483238435192469,-2.0
9.082908290829083,-0.6400293935131093,-0.15709680830945133,-2.5046382349269476,-2.0
9.083908390839085,-0.8150050205976954,-0.1569330910782137,-2.425561820519403,-2.0
9.084908490849084,-0.8219997480589459,-0.15676788418375953,-2.347122466085121,-2.0
9.085908590859086,-0.80192999229871,-0.15660118985902752,-2.2547166716066704,-2.0
9.086908690869087,-0.6080595230619599,-0.15643301035080412,-2.188158071416624,-2.0
9.087908790879087,-0.8111621831717897,-0.15626334791969473,-1.9580161869996155,-2.0
9.088908890889089,-0.6462324288138589,-0.1560922048400947,-2.082408094444696,-2.0
9.08990899089909,-0.8040989526850943,-0.15591958340016313,-2.148708452153233,-2.0
9.090909090909092,-0.8673928563845617,-0.1557454859017941,-2.1169446392874036,-2.0
9.091909190919091,-0.7952650858614854,-0.15556991466058784,-2.1578116732139923,-2.0
9.092909290929093,-0.814239183403431,-0.15539287200582208,-2.3330818805666853,-2.0
9.093909390939094,-0.7781043458558894,-0.15521436028042518,-2.3288408810692585,-2.0
9.094909490949094,-0.7130484655760644,-0.1550343818409457,-2.3567294845116638,-2.0
9.095909590959096,-0.7073550296799884,-0.15485293905752376,-2.523902450811112,-2.0
9.096909690969097,-0.6551158429111097,-0.15467003431386342,-2.362015856605544,-2.0
9.097909790979099,-0.6205324703191154,-0.1544856700072026,-2.3872022452243384,-2.0
9.098909890989098,-0.8219053186354547,-0.154299848548284,-2.1763197172127793,-2.0
9.0999099909991,-0.743908136023662,-0.15411257236132525,-2.3501952146574694,-2.0
9.100910091009101,-0.736637072749978,-0.15392384388399133,-2.5368919396746796,-2.0
9.101910191019101,-0.8612565298412375,-0.15373366556736331,-2.7502515649171806,-2.0
9.102910291029103,-0.9362873390061797,-0.15354203987590867,-2.778901034859251,-2.0
9.103910391039104,-0.804076370379291,-0.153348969287453,-2.8194255344939374,-2.0
9.104910491049106,-1.0341102547764738,-0.1531544562931491,-2.7212895575578586,-2.0
9.105910591059105,-0.7457592022997594,-0.1529585033974469,-2.7546793082175873,-2.0
9.106910691069107,-0.584829852470232,-0.15276111311806273,-2.9441008587799335,-2.0
9.107910791079108,-0.8502082726879587,-0.15256228798595114,-3.010092343584097,-2.0
9.108910891089108,-0.9470528448306144,-0.15236203054527264,-3.140067700060134,-2.0
9.10991099109911,-0.8516124231168206,-0.15216034335336312,-3.242529050062764,-2.0
9.110911091109111,-0.849998991389475,-0.1519572289807051,-3.317257136299748,-2.0
9.111911191119113,-0.7729807355273954,-0.15175269001089473,-3.2176437314549298,-2.0
9.112911291129112,-1.0413512802050402,-0.15154672904061325,-3.1905538603613675,-2.0
9.113911391139114,-0.8274129074731035,-0.15133934867959306,-3.2650006367505484,-2.0
9.114911491149115,-0.7222797414303241,-0.15113055155058996,-3.360555857970068,-2.0
9.115911591159115,-0.8889073934534455,-0.15092034028934978,-3.26836732301953,-2.0
9.116911691169117,-0.8338143020620672,-0.15070871754457682,-3.294680641652199,-2.0
9.117911791179118,-0.7899617836843202,-0.1504956859779046,-3.3383876126582965,-2.0
9.11891189118912,-0.9245203569354878,-0.150281248263862,-3.310034015871454,-2.0
9.11991199119912,-0.847018049089926,-0.15006540708984353,-3.437342128108993,-2.0
9.12091209120912,-0.9058526256074451,-0.1498481651560749,-3.317615597377687,-2.0
9.121912191219122,-0.9187380697202138,-0.1496295251755846,-3.4527606703590688,-2.0
9.122912291229124,-0.8098606833475156,-0.1494094898741688,-3.505335812435371,-2.0
9.123912391239124,-0.8534272279785879,-0.14918806199036178,-3.601645720324247,-2.0
9.124912491249125,-0.9395229663536864,-0.14896524427540098,-3.5853754635093043,-2.0
9.125912591259127,-1.0017857436488309,-0.14874103949319684,-3.559277066298664,-2.0
9.126912691269126,-0.9396259360882406,-0.14851545042030034,-3.4238214698748592,-2.0
9.127912791279128,-0.8420046078641723,-0.14828847984586804,-3.459889796012689,-2.0
9.12891289128913,-1.0313149084152031,-0.14806013057163273,-3.5148242506592795,-2.0
9.12991299129913,-0.99380273498952,-0.14783040541186784,-3.486027105226709,-2.0
9.13091309130913,-0.9284007942688836,-0.14759930719335684,-3.5450916115881705,-2.0
9.131913191319132,-0.9200625450690408,-0.14736683875535755,-3.6716652288597773,-2.0
9.132913291329134,-0.94205487827078,-0.14713300294957135,-3.740411914065215,-2.0
9.133913391339133,-0.7959230084281741,-0.14689780264010976,-3.837273051107448,-2.0
9.134913491349135,-0.938095304781568,-0.146661240703459,-3.923448386213968,-2.0
9.135913591359136,-0.9726046555123268,-0.14642332002844885,-3.7790365285404506,-2.0
9.136913691369138,-1.1306231124376445,-0.14618404351621828,-3.8128383006969098,-2.0
9.137913791379138,-0.9236353375668946,-0.14594341408018208,-3.8463535014529087,-2.0
9.138913891389139,-0.8452809027598809,-0.14570143464599536,-3.9041239998442956,-2.0
9.13991399139914,-0.7856482778825982,-0.145458108151522,-3.8121117343040285,-2.0
9.14091409140914,-0.9497958373418719,-0.1452134375468002,-3.829069170129057,-2.0
9.141914191419142,-1.1078011566274213,-0.1449674257940064,-3.8925750032770594,-2.0
9.142914291429143,-1.19991893824032,-0.1447200758674234,-3.8706363136870423,-2.0
9.143914391439145,-1.1056398174529791,-0.1444713907534052,-3.8530337860208883,-2.0
9.144914491449144,-0.8042497164864142,-0.1442213734503431,-3.81630173284669,-2.0
9.145914591459146,-0.8391213932736188,-0.14397002696862904,-3.7593381990449815,-2.0
9.146914691469147,-0.9744980220723621,-0.1437173543306235,-3.500108842909853,-2.0
9.147914791479147,-0.948651811437762,-0.14346335857062056,-3.430171419553378,-2.0
9.148914891489149,-0.9247028267844072,-0.14320804273481064,-3.3898532614796992,-2.0
9.14991499149915,-0.9296833164967127,-0.1429514098812481,-3.4829416234283985,-2.0
9.150915091509152,-1.1367408484349126,-0.14269346307981592,-3.486206159788578,-2.0
9.151915191519151,-0.992168005760216,-0.1424342054121893,-3.435332613861288,-2.0
9.152915291529153,-1.028813436995376,-0.14217363997180021,-3.444503155587104,-2.0
9.153915391539154,-1.1293798584614805,-0.14191176986380433,-3.4171031815093453,-2.0
9.154915491549154,-0.9622518439956945,-0.1416485982050441,-3.3797387141671127,-2.0
9.155915591559156,-0.9360805131378356,-0.14138412812401172,-3.406544056638059,-2.0
9.156915691569157,-0.910814427968867,-0.1411183627608159,-3.3579806116805244,-2.0
9.157915791579159,-1.0075152068597166,-0.14085130526714576,-3.355117031544639,-2.0
9.158915891589158,-0.9971133248348315,-0.14058295880623362,-3.3475544554388494,-2.0
9.15991599159916,-1.0012954608139624,-0.14031332655281908,-3.2573137213039454,-2.0
9.160916091609161,-1.055555724082869,-0.14004241169311502,-3.221195195037289,-2.0
9.161916191619161,-1.0052048168987064,-0.13977021742477005,-3.3653249518827693,-2.0
9.162916291629163,-0.905785339995596,-0.13949674695683092,-3.3187333997215918,-2.0
9.163916391639164,-0.9494009369869125,-0.1392220035097083,-3.3602402594396623,-2.0
9.164916491649166,-1.1322287332764176,-0.13894599031514013,-3.5312813943699823,-2.0
9.165916591659165,-1.082315722884159,-0.1386687106161539,-3.6222954937427314,-2.0
9.166916691669167,-0.9943277232774848,-0.1383901676670297,-3.470142217929703,-2.0
9.167916791679168,-1.1592445481738438,-0.13811036473326577,-3.386933925382497,-2.0
9.168916891689168,-1.0105315300217568,-0.13782930509154026,-3.4709261683329227,-2.0
9.16991699169917,-0.9066532894133941,-0.1375469920296727,-3.477913840630248,-2.0
9.170917091709171,-0.9982004314985933,-0.13726342884658949,-3.3632349473337912,-2.0
9.171917191719173,-1.0654847957622802,-0.13697861885228632,-3.3936849544716816,-2.0
9.172917291729172,-0.8802737470778701,-0.13669256536778987,-3.253572976261515,-2.0
9.173917391739174,-0.9475789043595578,-0.13640527172512007,-3.162116169537145,-2.0
9.174917491749175,-1.070487860332307,-0.1361167412672555,-3.292887269763592,-2.0
9.175917591759175,-0.8850101910757995,-0.13582697734809304,-3.3182862478633357,-2.0
9.176917691769177,-1.026476128405968,-0.1355359833324104,-3.2199874176261476,-2.0
9.177917791779178,-1.1130862248314823,-0.13524376259583082,-3.006249415447932,-2.0
9.17891789178918,-1.0430606864257215,-0.13495031852478326,-3.070815792364117,-2.0
9.17991799179918,-0.8647803787674162,-0.13465565451646502,-3.1021194732116713,-2.0
9.18091809180918,-0.9302668261570289,-0.13435977397880247,-3.1210940364153528,-2.0
9.181918191819182,-1.0031484985651262,-0.13406268033041627,-3.3335223926303694,-2.0
9.182918291829184,-1.1435938012986777,-0.1337643770005797,-3.2215485172903153,-2.0
9.183918391839184,-1.0586561378794308,-0.13346486742918345,-3.1344721488808873,-2.0
9.184918491849185,-0.7498300003419373,-0.13316415506669343,-3.123283366959068,-2.0
9.185918591859187,-0.9799923552220416,-0.13286224337411712,-3.1354016019308286,-2.0
9.186918691869186,-0.8673230081402445,-0.13255913582296147,-3.1549897503619184,-2.0
9.187918791879188,-0.9017961531835015,-0.1322548358951945,-3.0987311813899163,-2.0
9.18891889188919,-0.8119642918134125,-0.13194934708320957,-3.0073914629242067,-2.0
9.18991899189919,-0.9965528295494986,-0.13164267288978296,-3.0179155168090483,-2.0
9.19091909190919,-1.080126091929145,-0.13133481682803824,-3.090894112503654,-2.0
9.191919191919192,-0.8670009305108216,-0.13102578242140364,-3.0902022225116297,-2.0
9.192919291929194,-0.7995017140447535,-0.13071557320357624,-3.071346456698997,-2.0
9.193919391939193,-1.0447992943983255,-0.13040419271848258,-3.1440960401768123,-2.0
9.194919491949195,-0.9845083109668431,-0.1300916445202362,-3.014669028201799,-2.0
9.195919591959196,-0.7997330513597672,-0.12977793217310316,-2.8434606046869044,-2.0
9.196919691969198,-0.7458971813489966,-0.12946305925145837,-2.7935046773790098,-2.0
9.197919791979198,-0.9004153246921893,-0.1291470293397498,-2.6804646825305514,-2.0
9.198919891989199,-1.0191461823260517,-0.12882984603245495,-2.6744589836845574,-2.0
9.1999199919992,-1.0325711262735435,-0.1285115129340444,-2.718698630491203,-2.0
9.2009200920092,-0.9380919543376195,-0.12819203365894213,-2.823789810058538,-2.0
9.201920192019202,-0.9745344515834672,-0.12787141183148215,-2.7625638196680353,-2.0
9.202920292029203,-0.951701734502893,-0.1275496510858736,-2.7209004620148574,-2.0
9.203920392039205,-0.9122902471762574,-0.12722675506615652,-2.786688870966874,-2.0
9.204920492049204,-0.986948530503594,-0.12690272742616537,-2.655652626860053,-2.0
9.205920592059206,-1.0285477268033123,-0.126577571829485,-2.71625676712687,-2.0
9.206920692069207,-0.7211309418770666,-0.12625129194941365,-2.9496499504618434,-2.0
9.207920792079207,-0.9547646252949665,-0.12592389146892258,-3.0246977949669565,-2.0
9.208920892089209,-0.7993103769803527,-0.1255953740806123,-2.9546708335869294,-2.0
9.20992099209921,-0.8773344991936323,-0.12526574348667693,-2.929088440318002,-2.0
9.210921092109212,-0.9606157418272215,-0.1249350033988596,-2.9065596419384443,-2.0
9.211921192119211,-0.9095577826342108,-0.12460315753841529,-2.87018550470722,-2.0
9.212921292129213,-0.8173952541315501,-0.12427020963606614,-2.7682483066496455,-2.0
9.213921392139214,-0.8952611214560096,-0.12393616343196412,-2.8331335704972793,-2.0
9.214921492149214,-1.0154311597602128,-0.12360102267565017,-2.783329639109844,-2.0
9.215921592159216,-0.7832311472225554,-0.1232647911260097,-2.74820766969073,-2.0
9.216921692169217,-0.9552946232867533,-0.12292747255123536,-2.9831960717373533,-2.0
9.217921792179219,-0.8020055121781376,-0.12258907072878496,-2.968364978543802,-2.0
9.218921892189218,-0.8396071261107146,-0.12224958944534041,-2.802864872554645,-2.0
9.21992199219922,-0.7758619911808984,-0.12190903249676414,-2.7569500561580362,-2.0
9.220922092209221,-1.033475584608198,-0.12156740368806113,-2.6115419096176375,-2.0
9.221922192219221,-0.7500391006778431,-0.12122470683333722,-2.4716855177212156,-2.0
9.222922292229223,-0.828093417429164,-0.12088094575575427,-2.5266213021862205,-2.0
9.223922392239224,-0.9620748072813133,-0.12053612428749245,-2.4397664393147305,-2.0
9.224922492249226,-0.8264549179192632,-0.12019024626970745,-2.487146552102571,-2.0
9.225922592259225,-0.7999147583126152,-0.11984331555248909,-2.2327659017670007,-2.0
9.226922692269227,-0.9296704975711265,-0.11949533599481715,-2.234045056323444,-2.0
9.227922792279228,-0.9688127668395193,-0.11914631146452279,-2.234352496725773,-2.0
9.228922892289228,-0.6754317330412575,-0.11879624583824655,-2.2812416476941433,-2.0
9.22992299229923,-0.8255527613506014,-0.118445143001393,-2.3559913787594025,-2.0
9.230923092309231,-0.9429596246870842,-0.1180930068480923,-2.4945399522109395,-2.0
9.231923192319233,-0.7383721229142179,-0.11773984128115741,-2.696739340854414,-2.0
9.232923292329232,-0.7895173979479789,-0.11738565021204089,-2.6870363796612198,-2.0
9.233923392339234,-0.8179380545275219,-0.11703043756079182,-2.9556707809197693,-2.0
9.234923492349235,-0.8348707951355787,-0.1166742072560169,-2.8142040845695973,-2.0
9.235923592359235,-0.9397849256354371,-0.11631696323483612,-2.8164822352461414,-2.0
9.236923692369237,-0.669421790531339,-0.11595870944283826,-2.6962356341064453,-2.0
9.237923792379238,-0.853597037954753,-0.11559944983404169,-2.578553254286579,-2.0
9.23892389238924,-0.573014541098578,-0.11523918837085133,-2.505664893050357,-2.0
9.23992399239924,-0.7795182067805375,-0.11487792902401452,-2.371189637577577,-2.0
9.24092409240924,-0.8063119216758289,-0.11451567577257778,-2.292046991977458,-2.0
9.241924192419242,-0.7573418631907621,-0.11415243260384748,-2.3619921663958823,-2.0
9.242924292429244,-0.8042082420753461,-0.1137882035133444,-2.375372346404518,-2.0
9.243924392439244,-0.755050605162386,-0.11342299250476112,-2.4041948662462156,-2.0
9.244924492449245,-0.6582633537364264,-0.11305680358991792,-2.36741160444123,-2.0
9.245924592459247,-0.8436790486141786,-0.11268964078872368,-2.2669265018244515,-2.0
9.246924692469246,-0.80966950584975,-0.11232150812912911,-2.102897184619803,-2.0
9.247924792479248,-0.6335414021988852,-0.11195240964708356,-2.025229612611085,-2.0
9.24892489248925,-0.9357720521775297,-0.111582349386495,-2.084653050224983,-2.0
9.24992499249925,-0.6196055602337229,-0.11121133139918464,-2.063337872798525,-2.0
9.25092509250925,-0.7099007666725632,-0.1108393597448433,-1.916477526304561,-2.0
9.251925192519252,-0.683802934866068,-0.11046643849098717,-2.032467672426399,-2.0
9.252925292529254,-0.5509953393191264,-0.11009257171291843,-2.102660651773834,-2.0
9.253925392539253,-0.8154893145431529,-0.1097177634936778,-2.111169622795257,-2.0
9.254925492549255,-0.7280613868122257,-0.10934201792400082,-2.148228030632806,-2.0
9.255925592559256,-0.7669964461799964,-0.10896533910227836,-1.9977271369535878,-2.0
9.256925692569258,-0.6613500792036923,-0.10858773113450805,-2.1079050240985486,-2.0
9.257925792579258,-0.6980536328412487,-0.10820919813425486,-2.1033677566796425,-2.0
9.258925892589259,-0.5027386216703442,-0.10782974422260234,-2.128261368572399,-2.0
9.25992599259926,-0.7553268441244694,-0.10744937352811446,-2.1211731875960256,-2.0
9.26092609260926,-0.7692471461309792,-0.10706809018678766,-2.0636772336808034,-2.0
9.261926192619262,-0.6768112164360293,-0.10668589834200688,-2.0667979265839485,-2.0
9.262926292629263,-0.7351899545977443,-0.10630280214450524,-2.0299553394171146,-2.0
9.263926392639265,-0.5160710965192836,-0.10591880575231546,-1.9768999578347115,-2.0
9.264926492649264,-0.5432327876332754,-0.10553391333072983,-2.369853357620051,-2.0
9.265926592659266,-0.5114640411529817,-0.10514812905225104,-2.306359780022079,-2.0
9.266926692669267,-0.6650751651013769,-0.10476145709655386,-2.336576626646249,-2.0
9.267926792679267,-0.6131201759383881,-0.10437390165043661,-2.408112601265864,-2.0
9.268926892689269,-0.6256630089892176,-0.10398546690777685,-2.229392932632177,-2.0
9.26992699269927,-0.4894401605731253,-0.10359615706949067,-2.110741312723536,-2.0
9.270927092709272,-0.35854626501311837,-0.10320597634348382,-2.098240290842162,-2.0
9.271927192719271,-0.5937064261441687,-0.10281492894461124,-2.1846178393179323,-2.0
9.272927292729273,-0.6960068130740318,-0.10242301909462788,-2.159428983766711,-2.0
9.273927392739274,-0.679195100415576,-0.10203025102214813,-2.370697026239469,-2.0
9.274927492749274,-0.5400040995567786,-0.10163662896260091,-2.3111399863737017,-2.0
9.275927592759276,-0.49027907283169736,-0.10124215715818077,-2.4095888060991824,-2.0
9.276927692769277,-0.3090165690557295,-0.10084683985780932,-2.267822139729227,-2.0
9.277927792779279,-0.4871020751015464,-0.10045068131708501,-2.258858047575336,-2.0
9.278927892789278,-0.64452128631031,-0.10005368579824286,-2.2520562645725195,-2.0
9.27992799279928,-0.5083057264608826,-0.09965585757010456,-2.3898776121072927,-2.0
9.280928092809281,-0.4975891762269813,-0.0992572009080376,-2.4652315063416403,-2.0
9.281928192819281,-0.29432954382583343,-0.09885772009391033,-2.4585071587562,-2.0
9.282928292829283,-0.6862423137991824,-0.09845741941604233,-2.540269409994878,-2.0
9.283928392839284,-0.5781429364614205,-0.09805630316916569,-2.5378018278318524,-2.0
9.284928492849286,-0.355477054837526,-0.09765437565437458,-2.545806102401395,-2.0
9.285928592859285,-0.40305303397212205,-0.09725164117908444,-2.3805438884178964,-2.0
9.286928692869287,-0.3462065661824945,-0.09684810405698177,-2.27590282869422,-2.0
9.287928792879288,-0.43874756097795453,-0.09644376860798318,-2.2227055230304456,-2.0
9.288928892889288,-0.3341302554973149,-0.0960386391581899,-2.213320037818018,-2.0
9.28992899289929,-0.4220957121506669,-0.09563272003983783,-2.286464168453693,-2.0
9.290929092909291,-0.34476405225424955,-0.09522601559125879,-2.2658152420955435,-2.0
9.291929192919293,-0.5354980179150898,-0.09481853015682938,-2.2942195211317755,-2.0
9.292929292929292,-0.445666179966528,-0.09441026808693015,-2.2195065118679156,-2.0
9.293929392939294,-0.3359193129457641,-0.09400123373789512,-2.217105234090383,-2.0
9.294929492949295,-0.3340861008530812,-0.0935914314719703,-2.3536953332674684,-2.0
9.295929592959295,-0.3136438829491364,-0.09318086565726802,-2.2974166132398506,-2.0
9.296929692969297,-0.4630139285697358,-0.09276954066771734,-2.270861057358388,-2.0
9.297929792979298,-0.3455761724536899,-0.09235746088302237,-2.128341516689017,-2.0
9.2989298929893,-0.2702870528109843,-0.09194463068861569,-2.1388268453877606,-2.0
9.2999299929993,-0.26001559718427847,-0.09153105447561259,-2.126762817181695,-2.0
9.3009300930093,-0.20405198000580407,-0.09111673664076261,-2.1550165046016856,-2.0
9.301930193019302,-0.21964941563836565,-0.09070168158640718,-2.0034882006103465,-2.0
9.302930293029304,-0.30960769836814256,-0.09028589372043357,-2.0025351455275295,-2.0
9.303930393039304,-0.008949578497707555,-0.08986937745622693,-1.9049942265291753,-2.0
9.304930493049305,-0.09058994048635552,-0.08945213721262403,-1.832157180305611,-2.0
9.305930593059307,-0.3436311730280722,-0.08903417741387093,-1.8942878254726705,-2.0
9.306930693069306,-0.22508124640337385,-0.08861550248957464,-1.7555766633444128,-2.0
9.307930793079308,-0.1642246998246224,-0.08819611687465481,-1.8340209230978812,-2.0
9.30893089308931,-0.30597025388421106,-0.08777602500930136,-1.7755420056337075,-2.0
9.30993099309931,-0.10155303210283913,-0.08735523133892785,-1.6784715090529922,-2.0
9.31093109310931,-0.258913363688749,-0.08693374031412367,-1.7913447506449314,-2.0
9.311931193119312,0.011776841122578957,-0.08651155639060704,-1.8035569460118452,-2.0
9.312931293129314,-0.37988258426592536,-0.08608868402918336,-1.843422122011142,-2.0
9.313931393139313,-0.11333153149539513,-0.08566512769569418,-1.8833888469837419,-2.0
9.314931493149315,-0.2994921908913301,-0.08524089186097307,-1.9304605844054983,-2.0
9.315931593159316,-0.12594694979039223,-0.08481598100079878,-2.025683580650153,-2.0
9.316931693169318,-0.2399962068105025,-0.08439039959585043,-2.038101481744401,-2.0
9.317931793179318,-0.1369609601989016,-0.08396415213165902,-1.9325555472784608,-2.0
9.318931893189319,-0.2772366024599352,-0.08353724309856038,-1.95273407410141,-2.0
9.31993199319932,-0.06709831848462094,-0.08310967699165314,-2.0405351932983695,-2.0
9.32093209320932,-0.07085753631233976,-0.0826814583107481,-2.0734137735763762,-2.0
9.321932193219322,0.12766362560905914,-0.0822525915603214,-2.1104575481528176,-2.0
9.322932293229323,-0.10463405496616418,-0.08182308124947228,-2.1337772537009343,-2.0
9.323932393239325,0.01273544752025614,-0.08139293189187334,-2.142848687302235,-2.0
9.324932493249324,-0.1487294220982267,-0.08096214800572417,-2.1510284750522572,-2.0
9.325932593259326,-0.13626746013557176,-0.08053073411370375,-2.0995836193594357,-2.0
9.326932693269328,-0.21298847611417948,-0.08009869474292808,-2.0371788475364694,-2.0
9.327932793279327,-0.028899297267556908,-0.07966603442489933,-2.1201776884652146,-2.0
9.328932893289329,-0.024091364848425816,-0.07923275769545922,-2.147543445597753,-2.0
9.32993299329933,0.039497209105288804,-0.07879886909474598,-2.236847160644105,-2.0
9.330933093309332,-0.009448777037443418,-0.078364373167145,-2.2965126371031435,-2.0
9.331933193319331,0.07548175891036484,-0.07792927446124187,-2.3511262677194984,-2.0
9.332933293329333,-0.17230941431336885,-0.07749357752977487,-2.2422493552884393,-2.0
9.333933393339334,-0.08898971264154863,-0.07705728692959238,-2.093667251256127,-2.0
9.334933493349334,0.20024225275369065,-0.07662040722160181,-2.2016705621913792,-2.0
9.335933593359336,-0.04406622998338192,-0.07618294297072276,-2.286588721122491,-2.0
9.336933693369337,0.023848391964276322,-0.07574489874584449,-2.3926160881873444,-2.0
9.337933793379339,0.08839486341772554,-0.07530627911977385,-2.367339537257081,-2.0
9.338933893389338,-0.012072459792619034,-0.07486708866919312,-2.2918211746774855,-2.0
9.33993399339934,0.035515496751548775,-0.07442733197460731,-2.1383005299182734,-2.0
9.340934093409341,0.05349566148643177,-0.07398701362030412,-1.9242174980660758,-2.0
9.341934193419341,0.04888444688124883,-0.07354613819430207,-2.0798430314648004,-2.0
9.342934293429343,-0.04771890942726237,-0.0731047102883035,-2.014913050216613,-2.0
9.343934393439344,0.12366295624796118,-0.07266273449765207,-2.1481070767316197,-2.0
9.344934493449346,0.08239198311291644,-0.07222021542128035,-2.289202142815632,-2.0
9.345934593459345,0.1171072084238558,-0.07177715766166774,-2.3245396448874103,-2.0
9.346934693469347,0.06278341810025362,-0.0713335658247875,-2.258542122621667,-2.0
9.347934793479348,0.38073995713533626,-0.0708894445200666,-2.3268138483511978,-2.0
9.348934893489348,-0.03656602566720202,-0.07044479836033385,-2.1968091288260765,-2.0
9.34993499349935,0.18087249648953,-0.06999963196177258,-2.3449813981433176,-2.0
9.350935093509351,0.15420512593475727,-0.06955394994387826,-2.2779214897150064,-2.0
9.351935193519353,0.30884667459042614,-0.06910775692940586,-2.226489469856457,-2.0
9.352935293529352,0.19541172026743536,-0.06866105754432766,-2.174805521370393,-2.0
9.353935393539354,0.2509723341579715,-0.06821385641778013,-2.017833730581653,-2.0
9.354935493549355,0.047796150780311575,-0.06776615818202389,-1.9258025073701064,-2.0
9.355935593559355,0.24265036260066464,-0.0673179674723915,-1.8273677744929306,-2.0
9.356935693569357,0.22129613365263118,-0.06686928892724017,-1.9451716049907148,-2.0
9.357935793579358,0.1842855320376668,-0.06642012718790936,-2.124727008793994,-2.0
9.35893589358936,0.2663704894932537,-0.06597048689866787,-2.116748474725587,-2.0
9.35993599359936,0.3126460778839547,-0.06552037270667169,-2.1298322104843,-2.0
9.36093609360936,0.4656566408107737,-0.06506978926191136,-2.208192188459144,-2.0
9.361936193619362,0.4815050623457172,-0.06461874121716916,-2.1862595534743976,-2.0
9.362936293629364,0.1620686065335965,-0.06416723322797105,-2.141337699365225,-2.0
9.363936393639364,0.3702785987260162,-0.06371526995253922,-2.2918644324496427,-2.0
9.364936493649365,0.22448795872210459,-0.06326285605174199,-2.3373917463815506,-2.0
9.365936593659367,0.14129419808303528,-0.06280999618905056,-2.2998282720018226,-2.0
9.366936693669366,0.2657453833876366,-0.06235669503049173,-2.211930101535273,-2.0
9.367936793679368,0.2543511271953206,-0.0619029572445961,-2.215729291591975,-2.0
9.36893689368937,0.3692630696268784,-0.06144878750235538,-2.0102287603598823,-2.0
9.36993699369937,0.24794301659541731,-0.06099419047717407,-1.917162900675672,-2.0
9.37093709370937,0.2709217465440429,-0.060539170844822215,-1.7408190277714735,-2.0
9.371937193719372,0.3979730387016648,-0.06008373328338506,-1.8369871166555791,-2.0
9.372937293729374,0.25492279800706574,-0.059627882473219866,-1.5937945669628486,-2.0
9.373937393739373,0.3454272910455812,-0.05917162309690857,-1.6789670847406322,-2.0
9.374937493749375,0.36083942536733404,-0.05871495983920589,-1.6794697959445282,-2.0
9.375937593759376,0.5414835152858111,-0.05825789738699675,-1.753857814298592,-2.0
9.376937693769378,0.3998543458920649,-0.05780044042924829,-1.8925532263973643,-2.0
9.377937793779378,0.2844214612714876,-0.057342593656960726,-1.9333591031204194,-2.0
9.378937893789379,0.33062832047019575,-0.05688436176311934,-1.83398443426265,-2.0
9.37993799379938,0.6991411361843431,-0.056425749442651364,-1.650138115444705,-2.0
9.38093809380938,0.3413141848578634,-0.055966761392376246,-1.7031858254279642,-2.0
9.381938193819382,0.5998356095861682,-0.05550740231095549,-1.6083363478348365,-2.0
9.382938293829383,0.510001700701711,-0.05504767689884973,-1.637655912502023,-2.0
9.383938393839385,0.458808083182663,-0.05458758985827082,-1.6135861340304587,-2.0
9.384938493849384,0.5339580350603724,-0.05412714589313248,-1.8160429778532814,-2.0
9.385938593859386,0.5325420271015455,-0.05366634970900243,-1.8398118210032568,-2.0
9.386938693869388,0.632936636447572,-0.05320520601305933,-1.945505485781646,-2.0
9.387938793879387,0.59784476286652,-0.05274371951404288,-1.9840251754563267,-2.0
9.388938893889389,0.38762971242797195,-0.052281894922203836,-2.078744599502056,-2.0
9.38993899389939,0.4283988856981315,-0.05181973694926105,-1.9583901977429201,-2.0
9.390939093909392,0.6162467701226553,-0.051357250308353544,-1.8400279939087707,-2.0
9.391939193919391,0.6852288508484404,-0.05089443971399123,-1.689719102223866,-2.0
9.392939293929393,0.5724950876746069,-0.05043130988200703,-1.6535196260910103,-2.0
9.393939393939394,0.49779068150895533,-0.049967865529513905,-1.7556415424088105,-2.0
9.394939493949394,0.7597737646713196,-0.049504111374854914,-1.6588207429480832,-2.0
9.395939593959396,0.4932173680239599,-0.04904005213755333,-1.749461891177443,-2.0
9.396939693969397,0.51978747951627,-0.048575692538269696,-1.6633383886444992,-2.0
9.397939793979399,0.4612985050905781,-0.04811103729875391,-1.5734678686864767,-2.0
9.398939893989398,0.6781925061983267,-0.047646091141796056,-1.7713325620295022,-2.0
9.3999399939994,0.766150030848257,-0.04718085879117856,-1.542564280421598,-2.0
9.400940094009401,0.657723959659422,-0.04671534497163372,-1.62164644489444,-2.0
9.401940194019401,0.5760022380066769,-0.04624955440879183,-1.681989047793795,-2.0
9.402940294029403,0.5495540320773619,-0.04578349182913395,-1.7181880300788297,-2.0
9.403940394039404,0.6002466086998038,-0.04531716195994894,-1.6582429891514299,-2.0
9.404940494049406,0.7753991668302784,-0.04485056952928311,-1.6806700190622388,-2.0
9.405940594059405,0.6855832009316224,-0.04438371926589314,-1.640716345089941,-2.0
9.406940694069407,0.5491924652149119,-0.04391661589919782,-1.5971023313471102,-2.0
9.407940794079408,0.5781427228672985,-0.043449264159235654,-1.6757526748148255,-2.0
9.408940894089408,0.5803663326782464,-0.04298166877661303,-1.7025268384484384,-2.0
9.40994099409941,0.6346975370257691,-0.04251383448245713,-1.7123217484279358,-2.0
9.410941094109411,0.6195419243948359,-0.042045766008372974,-1.5899270005847619,-2.0
9.411941194119413,0.6230112353616603,-0.04157746808639325,-1.5072708112985969,-2.0
9.412941294129412,0.582316789612582,-0.04110894544893128,-1.4594190180605398,-2.0
9.413941394139414,0.6114705809725822,-0.040640202828732784,-1.4157827995288255,-2.0
9.414941494149415,0.7058349129931041,-0.04017124495883372,-1.4580772109952176,-2.0
9.415941594159415,0.636740504335791,-0.03970207657250852,-1.407452572002664,-2.0
9.416941694169417,0.6280073784057802,-0.039232702403222956,-1.529802293306871,-2.0
9.417941794179418,0.7429472017638488,-0.03876312718459206,-1.358470105228643,-2.0
9.41894189418942,0.7419512046784936,-0.03829335565032726,-1.301910604320372,-2.0
9.41994199419942,0.7057747398968478,-0.03782339253419475,-1.21781805341484,-2.0
9.42094209420942,0.8083512200869751,-0.037353242569962176,-1.1863756900024696,-2.0
9.421942194219422,0.6942413762390367,-0.036882910491359215,-1.3361853734984206,-2.0
9.422942294229424,0.7777395490553823,-0.036412401032024234,-1.3218982220472215,-2.0
9.423942394239424,0.827211816117277,-0.03594171892546276,-1.5289787153653576,-2.0
9.424942494249425,0.7058328581647091,-0.035470868904994776,-1.4935195208076497,-2.0
9.425942594259427,0.7543270617731956,-0.03499985570371273,-1.4662224516121665,-2.0
9.426942694269426,0.7932146312193685,-0.03452868405443459,-1.5117200377345057,-2.0
9.427942794279428,0.8083183835724459,-0.034057358689651915,-1.464115755503093,-2.0
9.42894289428943,0.7046607303539657,-0.03358588434149035,-1.295873013937401,-2.0
9.42994299429943,0.8723455604849689,-0.03311426574165666,-1.1271751872137794,-2.0
9.43094309430943,0.755752031952416,-0.03264250762139718,-1.1368489736934055,-2.0
9.431943194319432,0.8887424001947234,-0.032170614711445375,-1.3515256140646887,-2.0
9.432943294329434,0.9291928073108283,-0.03169859174197994,-1.3043751115282722,-2.0
9.433943394339433,0.7842178295143687,-0.03122644344257807,-1.3736236546008753,-2.0
9.434943494349435,0.9280113386210417,-0.030754174542163587,-1.3314363499140005,-2.0
9.435943594359436,0.8313615712061925,-0.030281789768967754,-1.4172649715507482,-2.0
9.436943694369438,0.732019048911335,-0.02980929385047634,-1.4118018524846916,-2.0
9.437943794379438,0.820160714127869,-0.029336691513388354,-1.2814663968696882,-2.0
9.438943894389439,0.742454810869784,-0.028863987483563707,-1.2696057659548996,-2.0
9.43994399439944,0.9028847419738013,-0.02839118648598147,-1.1580430966768323,-2.0
9.44094409440944,1.0137130109511947,-0.027918293244693426,-1.1643093402230311,-2.0
9.441944194419442,1.053928144270607,-0.027445312482772825,-1.0853605991215143,-2.0
9.442944294429443,0.8236358742219975,-0.026972248922272783,-1.2881946687688672,-2.0
9.443944394439445,1.0540406999539826,-0.026499107284178796,-1.1710103902310747,-2.0
9.444944494449445,0.8183537532895275,-0.026025892288362423,-1.1463923965647542,-2.0
9.445944594459446,0.7760883267517025,-0.025552608653531723,-0.9628249547511069,-2.0
9.446944694469448,0.9827620247417249,-0.025079261097189266,-0.8718827814695298,-2.0
9.447944794479447,0.7772644294494067,-0.024605854335585844,-0.8130775916130237,-2.0
9.448944894489449,0.8879690553570602,-0.024132393083669414,-0.9001119620104007,-2.0
9.44994499449945,0.7117582557754933,-0.02365888205504375,-0.9058117200844878,-2.0
9.450945094509452,0.8024674131150615,-0.023185325961921154,-0.842624006831232,-2.0
9.451945194519451,0.9215619102521203,-0.022711729515076353,-0.7790395866806764,-2.0
9.452945294529453,0.8523741053585959,-0.022238097423797138,-0.9707599194357659,-2.0
9.453945394539454,0.7229078270613615,-0.021764434395842646,-1.0647074186078285,-2.0
9.454945494549454,0.870350152409821,-0.021290745137397236,-0.9177994946891433,-2.0
9.455945594559456,0.9852636589396646,-0.020817034353019712,-1.0500225823685598,-2.0
9.456945694569457,0.9787737522257858,-0.020343306745602183,-1.0049467708798023,-2.0
9.457945794579459,0.883112485135302,-0.019869567016323537,-0.9549267618774984,-2.0
9.458945894589458,1.0696161171727399,-0.01939581986460145,-0.9849851829686019,-2.0
9.45994599459946,0.9769183402572651,-0.018922069988045978,-0.7803171826616275,-2.0
9.460946094609461,0.9510163090909762,-0.018448322082417968,-0.6545377825270768,-2.0
9.461946194619461,0.8615082212690737,-0.017974580841580635,-0.6619657382654969,-2.0
9.462946294629463,0.8503868570864752,-0.01750085095745112,-0.704924071087744,-2.0
9.463946394639464,1.0249887501849466,-0.01702713711995905,-0.7297887434331058,-2.0
9.464946494649466,0.957793464565402,-0.01655344401700031,-0.7152738403811746,-2.0
9.465946594659465,0.7851156503755278,-0.01607977633438929,-0.6796868279888298,-2.0
9.466946694669467,0.9412919712614791,-0.015606138755812718,-0.8942045657029024,-2.0
9.467946794679468,1.0112593701340242,-0.015132535962788395,-1.000933358674286,-2.0
9.468946894689468,0.9154312445016367,-0.01465897263461699,-1.057548392252948,-2.0
9.46994699469947,0.9584681912657446,-0.014185453448333883,-1.0686957616066446,-2.0
9.470947094709471,0.8897602636322974,-0.013711983078668015,-1.1215401411636927,-2.0
9.471947194719473,0.8334318050985573,-0.01323856619799592,-1.0348973326595492,-2.0
9.472947294729472,1.0798881497658401,-0.012765207476294256,-1.1968707251322492,-2.0
9.473947394739474,1.05756573214946,-0.012291911581093945,-1.3625105069876216,-2.0
9.474947494749475,0.945185034013039,-0.011818683177439159,-1.3909372730997802,-2.0
9.475947594759475,0.751130364717631,-0.01134552692783943,-1.4263663528733723,-2.0
9.476947694769477,1.1035105942021843,-0.010872447492221788,-1.5975053848553964,-2.0
9.477947794779478,0.8210440775341957,-0.010399449527889881,-1.533417582053418,-2.0
9.47894789478948,1.0730555079230446,-0.009926537689478342,-1.5110509225520656,-2.0
9.47994799479948,1.0045060933049905,-0.009453716628905604,-1.4156941862733528,-2.0
9.48094809480948,1.0054939322682503,-0.008980990995328331,-1.5213645137855012,-2.0
9.481948194819482,0.9259511023994154,-0.008508365435101277,-1.5777081324545026,-2.0
9.482948294829484,0.8495529148301408,-0.00803584459172649,-1.6004208585196595,-2.0
9.483948394839484,1.0092120950354873,-0.007563433105813763,-1.740675752930692,-2.0
9.484948494849485,0.8213377128966394,-0.007091135615029408,-1.7278652997117068,-2.0
9.485948594859487,0.892305338370889,-0.006618956754058944,-1.5883520495553827,-2.0
9.486948694869486,0.8526979911117005,-0.006146901154557036,-1.6042643603679085,-2.0
9.487948794879488,0.9058444057801204,-0.005674973445102788,-1.4922882091785081,-2.0
9.48894889488949,0.9327227102097354,-0.0052031782511599255,-1.696969705411081,-2.0
9.48994899489949,0.9533956681144702,-0.004731520195026336,-1.7164484924795707,-2.0
9.49094909490949,0.8772126591259842,-0.004260003895794847,-1.6368216537607319,-2.0
9.491949194919492,0.9752825815916333,-0.0037886339693023606,-1.5723279350891373,-2.0
9.492949294929494,0.8976104041262335,-0.003317415028092856,-1.654413910805261,-2.0
9.493949394939493,0.8963720449558679,-0.002846351681367682,-1.8810222381868844,-2.0
9.494949494949495,0.9226254365412027,-0.0023754485349412138,-2.0404974945762917,-2.0
9.495949594959496,0.8799243235055029,-0.0019047101912013605,-1.954809913911004,-2.0
9.496949694969498,1.1169085622535753,-0.0014341412490594691,-1.9359296698648558,-2.0
9.497949794979498,1.1063011502778948,-0.0009637463039114654,-1.9833713977192133,-2.0
9.498949894989499,0.9868043858901708,-0.0004935299475878694,-1.8714091695038886,-2.0
9.4999499949995,1.0167140149178955,-0.00002349676831450559,-1.8907783299578202,-2.0
9.5009500950095,1.1058675102033992,0.00044634864933152583,-1.9257092156930513,-2.0
9.501950195019502,0.8921519779578578,0.0009160017244711326,-1.990775843510939,-2.0
9.502950295029503,1.049996616446517,0.001385457879959709,-1.7582890621659368,-2.0
9.503950395039505,1.1541652182825568,0.0018547125424373738,-1.707543924990223,-2.0
9.504950495049505,0.9589090467761483,0.0023237611423674673,-1.5422056621478737,-2.0
9.505950595059506,1.1148658930654956,0.002792599114086142,-1.751189130140228,-2.0
9.506950695069508,1.1900765878057422,0.003261221895841281,-1.7254550594704625,-2.0
9.507950795079507,0.8132875257525375,0.0037296249298361434,-1.7686832172199383,-2.0
9.508950895089509,1.0069662761228024,0.0041978036622782435,-1.9425848470271339,-2.0
9.50995099509951,0.8865864989214877,0.004665753543415463,-1.915439773113895,-2.0
9.510951095109512,0.8181156955355522,0.005133470027585869,-1.8476315671180334,-2.0
9.511951195119511,0.9202341298571338,0.005600948573255843,-1.912924308244314,-2.0
9.512951295129513,0.99512798804732,0.0060681846430692375,-1.8674618702808568,-2.0
9.513951395139514,1.1318120331269181,0.0065351737038859235,-1.7221624837150626,-2.0
9.514951495149514,0.973377927315046,0.007001911226825023,-1.8196628564292636,-2.0
9.515951595159516,0.83147675705551,0.007468392687313356,-1.9179036320590197,-2.0
9.516951695169517,0.8207188406298538,0.007934613565121177,-1.7036050354599823,-2.0
9.517951795179519,1.0307740268188978,0.008400569344411562,-1.6956953317116772,-2.0
9.518951895189518,1.0203028524712967,0.008866255513778119,-1.750669147400295,-2.0
9.51995199519952,0.8967001182758705,0.009331667566293722,-1.769670090210083,-2.0
9.520952095209521,0.7933191090782605,0.009796800999548657,-1.7212426878159317,-2.0
9.521952195219521,0.9589439749071719,0.010261651315693402,-1.7415231382722987,-2.0
9.522952295229523,1.1088868840833226,0.010726214021486134,-1.5214454869194878,-2.0
9.523952395239524,1.001440321821221,0.01119048462833068,-1.4914221635296094,-2.0
9.524952495249526,0.7973326869933736,0.01165445865232017,-1.5125281276894602,-2.0
9.525952595259525,0.9513605195948601,0.012118131614279616,-1.3213888307555726,-2.0
9.526952695269527,0.9738978968700046,0.012581499039811548,-1.3072114978346503,-2.0
9.527952795279528,1.0057575813745345,0.013044556459334248,-1.3260090952976231,-2.0
9.528952895289528,0.9540697787432959,0.013507299408124106,-1.161916452599539,-2.0
9.52995299529953,0.9683255720629536,0.013969723426362643,-1.1756266153835895,-2.0
9.530953095309531,0.8492058852688396,0.014431824059174045,-1.0444033483107142,-2.0
9.531953195319533,0.9981493281725126,0.014893596856668353,-0.9998442892645087,-2.0
9.532953295329532,1.013282041772302,0.01535503737398358,-1.0226314307962672,-2.0
9.533953395339534,0.9325752744856135,0.015816141171330886,-1.0003115461254624,-2.0
9.534953495349535,0.7151777089792255,0.016276903814032365,-0.9736505752859016,-2.0
9.535953595359535,0.9337435370208755,0.016737320872562928,-0.9843561461029537,-2.0
9.536953695369537,0.8827149718093461,0.01719738792259686,-1.1427409412031009,-2.0
9.537953795379538,0.9993653461216865,0.017657100545044886,-0.9729729023988725,-2.0
9.53895389538954,1.0166068464390212,0.018116454326096355,-0.8560472151091658,-2.0
9.53995399539954,0.9174704702762866,0.018575444857263018,-0.9891535812551799,-2.0
9.54095409540954,0.9386098170541107,0.01903406773542102,-1.0619182841433956,-2.0
9.541954195419542,0.7840632395547267,0.01949231856284831,-1.2472155373523932,-2.0
9.542954295429544,0.9891753114940316,0.01995019294726912,-1.2586844502892838,-2.0
9.543954395439544,0.8315350883467768,0.020407686501895356,-1.3900062918408964,-2.0
9.544954495449545,0.8696769275703327,0.020864794845468868,-1.3376554558529177,-2.0
9.545954595459547,0.846409859833192,0.021321513602298003,-1.2461714819493852,-2.0
9.546954695469546,0.9180231429807307,0.02177783840230344,-1.2155388460715806,-2.0
9.547954795479548,0.8640429403352138,0.022233764881059215,-1.2304150420408841,-2.0
9.54895489548955,0.9729518510740167,0.022689288679829535,-1.0706949338067133,-2.0
9.54995499549955,0.8763408409434323,0.0231444054456129,-1.0960973128490537,-2.0
9.55095509550955,1.1892815577762414,0.023599110831182858,-1.0402678189849182,-2.0
9.551955195519552,0.8090792921496779,0.024053400495129815,-0.9831327810620657,-2.0
9.552955295529554,0.7844134820155682,0.024507270101897138,-0.8397582432269055,-2.0
9.553955395539553,0.9904396022916506,0.02496071532182637,-0.7388952771223706,-2.0
9.554955495549555,0.7765080511235312,0.025413731831197786,-0.7616322734650618,-2.0
9.555955595559556,1.0207036790374926,0.025866315312266772,-0.7346049756679576,-2.0
9.556955695569558,0.8768609429413806,0.026318461453307268,-0.8605458268150404,-2.0
9.557955795579558,0.7244479665271164,0.02677016594865212,-0.9869500171540692,-2.0
9.558955895589559,0.988388911667396,0.027221424498734346,-0.9704720737208277,-2.0
9.55995599559956,0.8160414015456104,0.027672232810122648,-1.0958816181896938,-2.0
9.56095609560956,0.8164239236558454,0.02812258659556619,-0.9726825463501655,-2.0
9.561956195619562,0.7458884138671037,0.028572481574034542,-1.0233432750435665,-2.0
9.562956295629563,0.7947133363884382,0.029021913470753048,-1.1573667569060044,-2.0
9.563956395639565,0.9952708752799646,0.0294708780172483,-1.1926010130116385,-2.0
9.564956495649565,0.8410895639071282,0.0299193709513828,-1.2321965997208397,-2.0
9.565956595659566,0.7451501328050879,0.030367388017400805,-1.2408927234791847,-2.0
9.566956695669568,1.0114979052730777,0.030814924965960777,-1.2351523252912509,-2.0
9.567956795679567,0.6479662097293901,0.03126197755418008,-1.2903172092438,-2.0
9.568956895689569,0.915914542580219,0.03170854154567436,-1.4354338369860482,-2.0
9.56995699569957,0.8107444243513641,0.03215461271059241,-1.4739355633795457,-2.0
9.570957095709572,0.9510973273061294,0.032600186825661064,-1.4452652588151746,-2.0
9.571957195719571,0.8262061205733119,0.0330452596742193,-1.5983016577689584,-2.0
9.572957295729573,0.6136752205835693,0.0334898270462635,-1.6105432774933335,-2.0
9.573957395739574,0.8085171216501937,0.033933884738479386,-1.6027499995178296,-2.0
9.574957495749574,0.7050619281981311,0.034377428554286105,-1.5378905807999705,-2.0
9.575957595759576,0.7759741175981587,0.03482045430387507,-1.4181740854483775,-2.0
9.576957695769577,0.7834069324524578,0.03526295780424425,-1.4891858105679237,-2.0
9.577957795779579,0.8809448934497927,0.03570493487924245,-1.6317404769241042,-2.0
9.578957895789578,0.7242623669162364,0.036146381359602936,-1.4859118440338652,-2.0
9.57995799579958,0.6048474833095792,0.036587293082987464,-1.600463689749497,-2.0
9.580958095809581,0.7899538772364008,0.03702766589402031,-1.4599479321346398,-2.0
9.581958195819581,0.7682454186391864,0.03746749564432664,-1.6883728976063541,-2.0
9.582958295829583,0.6940163783420753,0.037906778192575805,-1.5016769330018431,-2.0
9.583958395839584,0.8162743749748744,0.03834550940451254,-1.6029927845390952,-2.0
9.584958495849586,0.7606553401146354,0.03878368515300123,-1.5421288413339571,-2.0
9.585958595859585,0.7201353346873869,0.03922130131805876,-1.5396552694268926,-2.0
9.586958695869587,0.7021615208090388,0.039658353786898165,-1.6324086258676083,-2.0
9.587958795879588,0.586606910154337,0.04009483845396191,-1.50835329592028,-2.0
9.588958895889588,0.5867762940828095,0.040530751220959706,-1.5182736938812829,-2.0
9.58995899589959,0.6796679192116164,0.04096608799691118,-1.6718160903267323,-2.0
9.590959095909591,0.7412948671562929,0.04140084469817657,-1.6306004803195813,-2.0
9.591959195919593,0.6193306281657212,0.04183501724850021,-1.619965609638544,-2.0
9.592959295929592,0.6412327982243605,0.04226860157904297,-1.5916349548800044,-2.0
9.593959395939594,0.5129375727220257,0.04270159362842507,-1.455971117149023,-2.0
9.594959495949595,0.4459997971787361,0.04313398934275896,-1.5461075818890815,-2.0
9.595959595959595,0.40072059786855563,0.04356578467568638,-1.433182433358558,-2.0
9.596959695969597,0.5354583639469727,0.043996975588420466,-1.65098053462095,-2.0
9.597959795979598,0.7918556284453396,0.04442755804977581,-1.621219953629823,-2.0
9.5989598959896,0.6150868467823104,0.04485752803621131,-1.6022218887181858,-2.0
9.5999599959996,0.5952256669728818,0.04528688153186202,-1.6889027651484974,-2.0
9.6009600960096,0.6765571105865813,0.0457156145285813,-1.5507749733572338,-2.0
9.601960196019602,0.5692184873834357,0.04614372302597304,-1.5435127416434733,-2.0
9.602960296029604,0.5497748776549707,0.046571203031428664,-1.3543665864766457,-2.0
9.603960396039604,0.5039127077183265,0.046998050560165594,-1.4912962080223968,-2.0
9.604960496049605,0.5162752247828009,0.04742426163526403,-1.39342094347167,-2.0
9.605960596059607,0.5153229502210325,0.04784983228769935,-1.4040326663399425,-2.0
9.606960696069606,0.4138408286169496,0.04827475855638073,-1.2895770206053687,-2.0
9.607960796079608,0.5393179664823481,0.048699036488189594,-1.1726042342707124,-2.0
9.60896089608961,0.5096821580510811,0.04912266213801181,-1.335748017207073,-2.0
9.60996099609961,0.4841624469736681,0.04954563156877395,-1.305776619866276,-2.0
9.61096109610961,0.6756466765919169,0.04996794085148121,-1.3311541735744579,-2.0
9.611961196119612,0.5007957163988707,0.050389586065253324,-1.4348315516127776,-2.0
9.612961296129614,0.5013666391625548,0.05081056329735656,-1.547691740578382,-2.0
9.613961396139613,0.7908069436438941,0.05123086864324154,-1.4480119340576145,-2.0
9.614961496149615,0.5588159324341856,0.051650498206581054,-1.3544027865589499,-2.0
9.615961596159616,0.5900583109397219,0.052069448099301564,-1.3326105964059365,-2.0
9.616961696169618,0.3471427671570679,0.05248771444161892,-1.3320569361455923,-2.0
9.617961796179618,0.4558644672315767,0.05290529336207542,-1.2876298156108206,-2.0
9.618961896189619,0.3815640172485112,0.053322180997575214,-1.3402416787302205,-2.0
9.61996199619962,0.4979234295187327,0.05373837349341511,-1.4091676121755343,-2.0
9.62096209620962,0.33708697677844274,0.05415386700332409,-1.377106010591895,-2.0
9.621962196219622,0.4727010055988661,0.05456865768949563,-1.4264405991437203,-2.0
9.622962296229623,0.22516726535812107,0.05498274172262341,-1.3586383881733806,-2.0
9.623962396239625,0.2624620329319508,0.055396115281933854,-1.2922850658663547,-2.0
9.624962496249625,0.297078731722907,0.05580877455522305,-1.5301563952531112,-2.0
9.625962596259626,0.4039655932250439,0.05622071573889148,-1.503619109163074,-2.0
9.626962696269628,0.24548514349588624,0.05663193503797407,-1.4071453719084581,-2.0
9.627962796279627,0.2742373620764219,0.05704242866617859,-1.3098392436702153,-2.0
9.628962896289629,0.33386400545881134,0.057452192845919674,-1.1686040106547528,-2.0
9.62996299629963,0.3961362121328546,0.057861223808349044,-1.268421743885371,-2.0
9.630963096309632,0.3887419944914101,0.058269517793392143,-1.0465705769725888,-2.0
9.631963196319631,0.5742951834825594,0.05867707104978196,-1.0100969070063934,-2.0
9.632963296329633,0.4409166763637813,0.05908387983509352,-0.9863538224271011,-2.0
9.633963396339634,0.2819596319416687,0.05948994041577328,-1.084957953472974,-2.0
9.634963496349634,0.2439269138275233,0.05989524906717681,-1.1257589851108774,-2.0
9.635963596359636,0.2876549023722486,0.06029980207360205,-1.0069041238623633,-2.0
9.636963696369637,0.23798533754817303,0.060703595728318904,-1.0400837890739154,-2.0
9.637963796379639,0.29774462736621304,0.061106626333605155,-1.0533907713083384,-2.0
9.638963896389638,0.2549904898628284,0.061508890200779535,-0.893606396663988,-2.0
9.63996399639964,0.2783790394941022,0.06191038365023549,-1.1534185883005488,-2.0
9.640964096409641,0.1467723425260537,0.062311103011469963,-1.0596310407037943,-2.0
9.641964196419641,0.31021579749396483,0.06271104462312023,-1.2345048926887232,-2.0
9.642964296429643,0.1437112952613184,0.06311020483299651,-1.3474856361290224,-2.0
9.643964396439644,0.27713568539480693,0.06350857999811041,-1.2527947667465522,-2.0
9.644964496449646,0.2831888794245192,0.0639061664847123,-1.1741060453505503,-2.0
9.645964596459645,0.06211995900610945,0.06430296066831917,-1.111622480588564,-2.0
9.646964696469647,0.13196208616660027,0.0646989589337522,-1.0790609458896026,-2.0
9.647964796479648,0.1498831077967016,0.06509415767516255,-0.8502081357936391,-2.0
9.648964896489648,0.07824976871090641,0.06548855329606795,-0.885545894397472,-2.0
9.64996499649965,0.17904349607214148,0.06588214220938444,-0.8319905956915618,-2.0
9.650965096509651,0.2303315269158914,0.06627492083745426,-0.9079783939879378,-2.0
9.651965196519653,0.18224515351968978,0.06666688561208244,-0.9164301153912873,-2.0
9.652965296529652,0.039308208832446984,0.06705803297456377,-0.8749529140656587,-2.0
9.653965396539654,0.14358218754342147,0.06744835937571979,-0.8491984213424187,-2.0
9.654965496549655,0.03907961696556746,0.06783786127592387,-0.8986606428336874,-2.0
9.655965596559655,-0.030868300454845357,0.06822653514513687,-0.878994558065776,-2.0
9.656965696569657,0.2729969834632511,0.06861437746293825,-0.9162592072699391,-2.0
9.657965796579658,0.11120689740068945,0.06900138471855327,-0.7949091820161448,-2.0
9.65896589658966,0.03583991079696662,0.06938755341088869,-0.7457007484916495,-2.0
9.65996599659966,0.1409744556762896,0.0697728800485591,-0.7379825979873713,-2.0
9.66096609660966,-0.0845174431512995,0.0701573611499231,-0.7384967371304679,-2.0
9.661966196619662,0.06228284999082912,0.0705409932431076,-0.7370197641849099,-2.0
9.662966296629664,-0.02043597091340616,0.07092377286604368,-0.6802117826882739,-2.0
9.663966396639664,-0.08377490446414643,0.0713056965664925,-0.6351678566292389,-2.0
9.664966496649665,0.0016220594161215594,0.07168676090208052,-0.6886955528269417,-2.0
9.665966596659667,-0.08572131570356523,0.07206696244032562,-0.5234617055652072,-2.0
9.666966696669666,-0.05240719542686736,0.07244629775866718,-0.5749109221329688,-2.0
9.667966796679668,0.06825286231755501,0.07282476344450002,-0.4925089402979425,-2.0
9.66896689668967,0.2584222378657137,0.07320235609520023,-0.5442944586662268,-2.0
9.66996699669967,0.1651027628581335,0.07357907231815582,-0.2793495826605741,-2.0
9.67096709670967,0.09154995873889381,0.07395490873079631,-0.31648791353581274,-2.0
9.671967196719672,-0.14613545193874186,0.07432986196062485,-0.2939582964274691,-2.0
9.672967296729674,-0.20168752949875596,0.07470392864524415,-0.30930805378580695,-2.0
9.673967396739673,-0.037975089348042154,0.07507710543238576,-0.17884583284365713,-2.0
9.674967496749675,-0.133395844127481,0.07544938897994306,-0.18632012668468387,-2.0
9.675967596759676,-0.1162557011892986,0.07582077595599658,-0.32836180134928966,-2.0
9.676967696769678,-0.1740697381151114,0.0761912630388436,-0.14944872203756712,-2.0
9.677967796779678,-0.19557560658640988,0.07656084691702726,-0.32667285828821024,-2.0
9.678967896789679,-0.060183491856522414,0.07692952428936752,-0.36840251567843885,-2.0
9.67996799679968,-0.15007521998861706,0.07729729186498657,-0.31057997057174064,-2.0
9.68096809680968,-0.04818655154920562,0.07766414636333732,-0.37431115236574747,-2.0
9.681968196819682,-0.2712579701385497,0.07803008451423546,-0.4055647513546764,-2.0
9.682968296829683,-0.2424418754076221,0.07839510305788397,-0.38708193958143433,-2.0
9.683968396839685,-0.2213782582035812,0.07875919874490181,-0.5356409128268943,-2.0
9.684968496849685,-0.17771036626687453,0.07912236833635351,-0.571870454569034,-2.0
9.685968596859686,-0.23478714511671145,0.07948460860377743,-0.6465627382596164,-2.0
9.686968696869688,-0.4081073045696826,0.07984591632921047,-0.702642201679696,-2.0
9.687968796879687,-0.04466300181583052,0.0802062883052176,-0.69109742524186,-2.0
9.688968896889689,-0.30654677622038,0.08056572133492164,-0.5453970012270022,-2.0
9.68996899689969,-0.110970363652321,0.08092421223202739,-0.5778718368412438,-2.0
9.690969096909692,-0.17260230909156024,0.08128175782084934,-0.6016690365906644,-2.0
9.691969196919691,-0.2855835600326479,0.08163835493634061,-0.7067313108241877,-2.0
9.692969296929693,-0.3166960888455774,0.0819940004241204,-0.6989649247282692,-2.0
9.693969396939695,-0.22241389976211595,0.08234869114049774,-0.721001416058567,-2.0
9.694969496949694,-0.004443492073960942,0.0827024239525004,-0.831488266322886,-2.0
9.695969596959696,-0.18781849898832292,0.0830551957379037,-0.680199886665082,-2.0
9.696969696969697,-0.13190357708882347,0.08340700338525392,-0.7503960723888534,-2.0
9.697969796979699,-0.3898622412689121,0.0837578437938952,-0.6405801103300267,-2.0
9.698969896989698,-0.3315017249653917,0.08410771387399753,-0.691397975667755,-2.0
9.6999699969997,-0.28365695770001575,0.08445661054658354,-0.6912379366806295,-2.0
9.700970097009701,-0.3545802754203351,0.08480453074355133,-0.7104707648655512,-2.0
9.701970197019701,-0.3095626763805225,0.08515147140770264,-0.7889927696473373,-2.0
9.702970297029703,-0.39487435399407145,0.08549742949277073,-0.6842891239403159,-2.0
9.703970397039704,-0.2571597986934563,0.08584240196344302,-0.4884185016688294,-2.0
9.704970497049706,-0.30094544786692334,0.08618638579538715,-0.4361927213124488,-2.0
9.705970597059705,-0.3986185078287302,0.08652937797527821,-0.528201768777154,-2.0
9.706970697069707,-0.47952522837880585,0.08687137550082454,-0.5373844769090909,-2.0
9.707970797079708,-0.3150337322319367,0.08721237538078953,-0.5613911497635068,-2.0
9.708970897089708,-0.5426095375988882,0.08755237463502041,-0.6125724014975957,-2.0
9.70997099709971,-0.41950782330534575,0.0878913702944733,-0.6186488332761483,-2.0
9.710971097109711,-0.40682601055975687,0.08822935940123512,-0.7894138736798755,-2.0
9.711971197119713,-0.38292541457952756,0.08856633900855063,-0.8756997778446781,-2.0
9.712971297129712,-0.3762967591740576,0.08890230618084756,-0.7670287456588472,-2.0
9.713971397139714,-0.4199710728656479,0.08923725799376143,-0.8817152858268277,-2.0
9.714971497149715,-0.29090356908466786,0.08957119153415705,-0.8597055070678792,-2.0
9.715971597159715,-0.46650146449861846,0.08990410390015624,-0.7600986861821608,-2.0
9.716971697169717,-0.32662835030528414,0.09023599220116184,-0.6833888180786393,-2.0
9.717971797179718,-0.6053234494729326,0.0905668535578791,-0.7233598260162655,-2.0
9.71897189718972,-0.38583187258324353,0.0908966851023419,-0.6931196443332297,-2.0
9.71997199719972,-0.6161442229363534,0.09122548397793649,-0.7325611730776562,-2.0
9.72097209720972,-0.508305450868682,0.09155324733942614,-0.7116717493344414,-2.0
9.721972197219722,-0.4735392346823823,0.09187997235297142,-0.8264702276162036,-2.0
9.722972297229724,-0.4176700498806155,0.09220565619615775,-0.713700183337,-2.0
9.723972397239724,-0.47541607475412684,0.09253029605801517,-0.809443678015221,-2.0
9.724972497249725,-0.5407119590505834,0.09285388913904559,-0.8416982880333083,-2.0
9.725972597259727,-0.4272370906788355,0.09317643265124274,-0.8900914941303285,-2.0
9.726972697269726,-0.483371611449653,0.09349792381811511,-1.0464055089321753,-2.0
9.727972797279728,-0.48778981959044526,0.09381835987471254,-1.0855878255473517,-2.0
9.72897289728973,-0.35507985188093516,0.0941377380676439,-1.0531515898795982,-2.0
9.72997299729973,-0.4645394239522379,0.09445605565510418,-1.0919728442965562,-2.0
9.73097309730973,-0.5636896793131579,0.09477330990689328,-1.0406045887853421,-2.0
9.731973197319732,-0.7081497697692996,0.0950894981044425,-1.1004434831609906,-2.0
9.732973297329734,-0.5222143914850569,0.09540461754083357,-1.074264268398327,-2.0
9.733973397339733,-0.6983483029056516,0.09571866552082073,-1.0476928349414172,-2.0
9.734973497349735,-0.5754336055239997,0.09603163936085644,-0.9890236615696472,-2.0
9.735973597359736,-0.5496298487007679,0.09634353638910831,-1.0742655890038326,-2.0
9.736973697369738,-0.5989280803287989,0.09665435394548505,-0.9076947008106633,-2.0
9.737973797379738,-0.6513467170573208,0.09696408938165471,-0.7628115390761413,-2.0
9.738973897389739,-0.47276719885565854,0.09727274006107003,-0.7222137694663314,-2.0
9.73997399739974,-0.7661493224804415,0.09758030335898679,-0.8225946944202914,-2.0
9.74097409740974,-0.6920216196089558,0.0978867766624849,-0.8277676635378548,-2.0
9.741974197419742,-0.6225233085839919,0.09819215737049328,-0.7812983279634813,-2.0
9.742974297429743,-0.6863487756019857,0.09849644289380584,-0.7635033432843847,-2.0
9.743974397439745,-0.7783333732826296,0.09879963065510668,-0.782918139886685,-2.0
9.744974497449745,-0.7591919315942192,0.09910171808898745,-0.6179183307232633,-2.0
9.745974597459746,-0.6498984037921434,0.09940270264197154,-0.6493305001534846,-2.0
9.746974697469748,-0.6838343443024969,0.09970258177253193,-0.7406275581169952,-2.0
9.747974797479747,-0.6285734722689487,0.10000135295111118,-0.6142516944799432,-2.0
9.748974897489749,-0.8678503364451776,0.10029901366014507,-0.609340277889589,-2.0
9.74997499749975,-0.7724852687597692,0.10059556139407956,-0.6052515100376832,-2.0
9.750975097509752,-0.8411837083836663,0.1008909936593916,-0.6021177739235467,-2.0
9.751975197519752,-0.7897775451212495,0.10118530797460885,-0.6215861913797526,-2.0
9.752975297529753,-0.798907135275682,0.10147850187033158,-0.65297405476288,-2.0
9.753975397539755,-0.7438531549715475,0.10177057288924975,-0.7261863266862836,-2.0
9.754975497549754,-0.7760770201069049,0.10206151858616226,-0.6655325705368682,-2.0
9.755975597559756,-0.7982469532880728,0.10235133652799949,-0.6228432267391716,-2.0
9.756975697569757,-0.6628338191840167,0.10264002429383967,-0.6453639088133467,-2.0
9.757975797579759,-0.7038112585448059,0.10292757947492845,-0.6522382784689641,-2.0
9.758975897589758,-0.8453188821584046,0.103213999674698,-0.5173331946932781,-2.0
9.75997599759976,-0.8457393429284268,0.10349928250878797,-0.6627527249504359,-2.0
9.760976097609761,-0.7949080016994636,0.1037834256050614,-0.696120630183721,-2.0
9.761976197619761,-0.959697675242488,0.10406642660362353,-0.9075118253221519,-2.0
9.762976297629763,-0.7366449939221951,0.10434828315684314,-0.9569727188314325,-2.0
9.763976397639764,-0.8347885779260296,0.10462899292936793,-1.0025277110827606,-2.0
9.764976497649766,-0.8330173722850922,0.10490855359814318,-0.995216414722864,-2.0
9.765976597659765,-0.9641961752148296,0.1051869628524311,-1.0903931292738238,-2.0
9.766976697669767,-0.7532192445718827,0.10546421839382909,-1.162432670839083,-2.0
9.767976797679768,-0.7476547215345559,0.10574031793628509,-1.2102385464219598,-2.0
9.768976897689768,-0.6496760509466166,0.10601525920611678,-0.9921225290078808,-2.0
9.76997699769977,-0.7935112495496183,0.10628903994203089,-1.0785363662504186,-2.0
9.770977097709771,-0.8680819101640684,0.10656165789513804,-1.1120371653118621,-2.0
9.771977197719773,-0.7800017315414279,0.10683311082897037,-1.019192939698141,-2.0
9.772977297729772,-0.8649931735652342,0.10710339651950003,-1.0787312595149254,-2.0
9.773977397739774,-0.9295594280422814,0.10737251275515657,-1.118363735586516,-2.0
9.774977497749775,-1.0102121738052225,0.1076404573368413,-1.1493881297136928,-2.0
9.775977597759775,-0.817242198817303,0.10790722807794569,-1.0653944836542328,-2.0
9.776977697769777,-0.8659238448500106,0.10817282280436961,-0.9816774377601457,-2.0
9.777977797779778,-0.9868975914327861,0.10843723935453548,-0.9072698955564852,-2.0
9.77897789778978,-1.0627981584097101,0.10870047557940474,-0.8236233929720393,-2.0
9.77997799779978,-0.9612160056352353,0.10896252934249571,-0.9937929915568141,-2.0
9.780978097809781,-0.8198714055554331,0.10922339851989968,-0.9200031297459481,-2.0
9.781978197819782,-0.9069275394749172,0.10948308100029468,-0.9891777716484239,-2.0
9.782978297829784,-0.754145625978054,0.10974157468496328,-0.8792463906652146,-2.0
9.783978397839784,-0.8063277102201099,0.1099988774878082,-0.8968443218801977,-2.0
9.784978497849785,-0.7697402813838949,0.11025498733536854,-0.834799381782426,-2.0
9.785978597859787,-0.8063085257242304,0.1105099021668326,-0.904111007794149,-2.0
9.786978697869786,-0.7714334212354793,0.11076361993405609,-0.8772108500016604,-2.0
9.787978797879788,-0.9429029063731426,0.11101613860157693,-1.0762629088060187,-2.0
9.78897889788979,-0.8356846014639886,0.11126745614662822,-0.9531606332469167,-2.0
9.78997899789979,-0.942066872600473,0.11151757055915609,-0.9743918635630886,-2.0
9.79097909790979,-0.9462486277728103,0.11176647984183175,-0.8524887952906115,-2.0
9.791979197919792,-0.7930396996393614,0.11201418201006955,-0.7976670017609835,-2.0
9.792979297929794,-0.9057611598802312,0.1122606750920377,-0.7323675874445694,-2.0
9.793979397939793,-0.9637765508109304,0.11250595712867544,-0.6936174710619339,-2.0
9.794979497949795,-0.9573186579184542,0.11275002617370736,-0.8014097271572727,-2.0
9.795979597959796,-1.1067716259395615,0.11299288029365505,-0.8503580007103461,-2.0
9.796979697969798,-1.0917211854448823,0.11323451756785427,-0.8237806381677768,-2.0
9.797979797979798,-0.9692922436699545,0.11347493608846597,-0.9871673209037509,-2.0
9.798979897989799,-0.9308613630220055,0.11371413396049353,-0.8624687652716783,-2.0
9.7999799979998,-1.0788932207739719,0.11395210930179235,-0.8362026790759446,-2.0
9.8009800980098,-0.6985417237265046,0.11418886024308633,-0.6683127958919279,-2.0
9.801980198019802,-0.8585031202094239,0.11442438492798108,-0.7039011816469288,-2.0
9.802980298029803,-1.030485184123077,0.11465868151297477,-0.7782527018161611,-2.0
9.803980398039805,-0.9512479647122355,0.11489174816747422,-0.7680160595402791,-2.0
9.804980498049805,-1.0723669966098364,0.11512358307380523,-0.7435891976534954,-2.0
9.805980598059806,-0.9417411323676905,0.11535418442722824,-0.7272131387231462,-2.0
9.806980698069808,-1.0378780427066474,0.11558355043594883,-0.6253691993402882,-2.0
9.807980798079807,-1.1213597293955477,0.11581167932113011,-0.65451663934383,-2.0
9.808980898089809,-1.0588508686744948,0.11603856931690797,-0.785869277059123,-2.0
9.80998099809981,-0.7320347573325008,0.11626421867039954,-0.7227689124120289,-2.0
9.810981098109812,-1.049162027496232,0.11648862564171868,-0.731843627846706,-2.0
9.811981198119812,-1.0290696972497226,0.11671178850398538,-0.7130107083492164,-2.0
9.812981298129813,-0.9630412769447455,0.1169337055433403,-0.6724760819830938,-2.0
9.813981398139815,-0.9955751509823263,0.11715437505895458,-0.7284809580746714,-2.0
9.814981498149814,-0.9103430623788662,0.11737379536304135,-0.6854303271277752,-2.0
9.815981598159816,-1.070478602156069,0.11759196478086952,-0.5243634097389726,-2.0
9.816981698169817,-0.9448374922394576,0.117808881650772,-0.572969770727467,-2.0
9.817981798179819,-0.8444197501899483,0.11802454432415982,-0.49063037178472824,-2.0
9.818981898189818,-1.0011406392513351,0.11823895116553067,-0.5361959753977795,-2.0
9.81998199819982,-1.0365710524840022,0.11845210055248254,-0.4996157361067386,-2.0
9.820982098209821,-0.9778833641736636,0.11866399087572267,-0.4992292065324403,-2.0
9.821982198219821,-1.2171732200654377,0.1188746205390779,-0.39614892706553834,-2.0
9.822982298229823,-0.9560447496275686,0.11908398795950773,-0.3332440590815194,-2.0
9.823982398239824,-0.8303298554014712,0.11929209156711157,-0.1862898885979739,-2.0
9.824982498249826,-0.9455820855730215,0.11949892980514178,-0.23250157280379533,-2.0
9.825982598259825,-0.8872237468163157,0.11970450113001145,-0.2224650437647016,-2.0
9.826982698269827,-0.91372461976624,0.11990880401130702,-0.2768313545178153,-2.0
9.827982798279828,-0.9622953430395508,0.12011183693179614,-0.22910596966224228,-2.0
9.828982898289828,-0.8159912708809627,0.12031359838743742,-0.28588628689263634,-2.0
9.82998299829983,-0.7787993868623199,0.120514086887392,-0.33824921329484253,-2.0
9.830983098309831,-0.9115487338750615,0.12071330095403127,-0.38275719867787783,-2.0
9.831983198319833,-1.1645662866735578,0.1209112391229463,-0.38433075126761773,-2.0
9.832983298329832,-1.0803372583253072,0.1211078999429574,-0.3252542123801534,-2.0
9.833983398339834,-1.009224908060584,0.1213032819761244,-0.2454358548951459,-2.0
9.834983498349835,-0.9629533604544802,0.12149738379775384,-0.13140957782702942,-2.0
9.835983598359835,-1.0336947394474922,0.12169020399640779,0.03488270760786838,-2.0
9.836983698369837,-1.0510948013317938,0.12188174117391448,0.1745389089497618,-2.0
9.837983798379838,-0.9179841583465824,0.12207199394537506,0.09020619844827454,-2.0
9.83898389838984,-0.8314736376144453,0.12226096093917214,0.04930860367210038,-2.0
9.83998399839984,-0.9065771357898211,0.12244864079697834,-0.11865480589582256,-2.0
9.840984098409841,-0.9917241111307332,0.12263503217376559,-0.09918245113977853,-2.0
9.841984198419842,-1.052468244844447,0.12282013373781155,-0.18715490738160157,-2.0
9.842984298429844,-0.9258794290113923,0.12300394417070742,-0.25751583708594356,-2.0
9.843984398439844,-1.1508901730561178,0.123186462167367,-0.2997741616445342,-2.0
9.844984498449845,-1.1752622389972145,0.12336768643603399,-0.3593994452295925,-2.0
9.845984598459847,-1.0373917494652427,0.12354761569828784,-0.3752990673162513,-2.0
9.846984698469846,-1.0459509838518743,0.12372624868905334,-0.4411854270009034,-2.0
9.847984798479848,-0.9984111831547599,0.12390358415660628,-0.5456145616908087,-2.0
9.84898489848985,-0.799402003600538,0.12407962086258141,-0.484502956143508,-2.0
9.84998499849985,-1.124036412281454,0.12425435758197836,-0.43964715864561443,-2.0
9.85098509850985,-0.8228718029472647,0.1244277931031695,-0.31424871200741755,-2.0
9.851985198519852,-1.1496236879341306,0.12459992622790654,-0.3901612377287492,-2.0
9.852985298529854,-0.9049202247033606,0.1247707557713257,-0.45705763102100305,-2.0
9.853985398539853,-1.0078818314595712,0.12494028056195557,-0.4332628424456175,-2.0
9.854985498549855,-0.9106884984416375,0.1251084994417234,-0.4177543518699425,-2.0
9.855985598559856,-1.0181130781645746,0.1252754112659598,-0.31167437521941,-2.0
9.856985698569858,-0.998526754282053,0.12544101490340567,-0.4328122344082047,-2.0
9.857985798579858,-0.93695086521837,0.12560530923621824,-0.4346588606597774,-2.0
9.858985898589859,-1.0066047253110335,0.12576829315997712,-0.40444414086473296,-2.0
9.85998599859986,-0.9839270730783068,0.125929965583688,-0.41018451645035897,-2.0
9.86098609860986,-1.077513622738441,0.12609032542979004,-0.3111781069967079,-2.0
9.861986198619862,-0.8835633606329109,0.12624937163416106,-0.397867401520558,-2.0
9.862986298629863,-1.0217758540833017,0.12640710314612108,-0.6128877979751122,-2.0
9.863986398639865,-0.9868496903601893,0.12656351892843876,-0.40356246385059713,-2.0
9.864986498649865,-1.0879545992243866,0.12671861795733608,-0.356150596253271,-2.0
9.865986598659866,-0.9981401825992184,0.12687239922249355,-0.3360634564553284,-2.0
9.866986698669868,-0.99461203636861,0.12702486172705316,-0.3359460714067545,-2.0
9.867986798679867,-0.8752721967004445,0.12717600448762456,-0.25846412119094303,-2.0
9.868986898689869,-0.9248354030336924,0.12732582653428934,-0.44086233340106623,-2.0
9.86998699869987,-0.7980754649539608,0.1274743269106037,-0.43129268360089823,-2.0
9.870987098709872,-1.1127200275950728,0.12762150467360459,-0.3812644121940343,-2.0
9.871987198719872,-0.9226754437223479,0.1277673588938116,-0.4352657785673681,-2.0
9.872987298729873,-0.9569003242530262,0.12791188865523323,-0.3206386626532751,-2.0
9.873987398739875,-0.8508947675643508,0.1280550930553679,-0.3702062166908149,-2.0
9.874987498749874,-0.9006387211820198,0.1281969712052094,-0.43652268006249284,-2.0
9.875987598759876,-0.8323063063117045,0.12833752222925005,-0.30390182198316573,-2.0
9.876987698769877,-0.8750439992146839,0.12847674526548267,-0.37219630470023185,-2.0
9.877987798779879,-0.8811867958034908,0.12861463946540563,-0.4612848517593703,-2.0
9.878987898789878,-0.8100347845166496,0.12875120399402393,-0.5359977358988126,-2.0
9.87998799879988,-0.9427552313673094,0.12888643802985417,-0.6346859852631112,-2.0
9.880988098809881,-0.9098491001101061,0.12902034076492508,-0.39521641743867114,-2.0
9.881988198819881,-0.783573778415923,0.12915291140478177,-0.28573984747868464,-2.0
9.882988298829883,-0.844722798328884,0.12928414916848793,-0.3177581906654347,-2.0
9.883988398839884,-0.860652341450692,0.12941405328862696,-0.3325951831426457,-2.0
9.884988498849886,-0.7878171120383584,0.12954262301130595,-0.12052799779338473,-2.0
9.885988598859885,-0.8322749278955093,0.12966985759615604,-0.25819903671491523,-2.0
9.886988698869887,-0.7705916929551763,0.12979575631633608,-0.1931547712862027,-2.0
9.887988798879888,-0.6244938897355742,0.12992031845853266,-0.04761727271775094,-2.0
9.888988898889888,-0.8780707273912433,0.130043543322963,-0.0648796839270119,-2.0
9.88998899889989,-0.9553518810010067,0.13016543022337643,-0.15025371958656186,-2.0
9.890989098909891,-0.7942936342431349,0.1302859784870547,-0.1878119241075117,-2.0
9.891989198919893,-0.836530959566123,0.1304051874548146,-0.07356752278344296,-2.0
9.892989298929892,-0.8239473172301001,0.1305230564810078,-0.05617175496612458,-2.0
9.893989398939894,-0.9097109684087258,0.13063958493352323,-0.121376561832217,-2.0
9.894989498949895,-0.7823209590857395,0.1307547721937869,-0.20425998606979168,-2.0
9.895989598959895,-0.7289052813438448,0.1308686176567624,-0.17241658509427504,-2.0
9.896989698969897,-0.8890170728850305,0.13098112073095294,-0.37511614393887627,-2.0
9.897989798979898,-0.5726053574160073,0.13109228083839986,-0.36336579474359815,-2.0
9.8989898989899,-0.7607808671215692,0.13120209741468467,-0.36818384842581586,-2.0
9.8999899989999,-0.9522529428674669,0.13131056990892775,-0.4774620722331833,-2.0
9.900990099009901,-0.8064573107799748,0.13141769778378998,-0.20515657459335604,-2.0
9.901990199019902,-0.7248551982819336,0.13152348051547127,-0.3402559299662159,-2.0
9.902990299029904,-0.8468100964677682,0.13162791759371087,-0.45100584699165086,-2.0
9.903990399039904,-0.6434580728377218,0.13173100852178674,-0.2748837121895399,-2.0
9.904990499049905,-0.7156207764368206,0.13183275281651602,-0.3541534715498553,-2.0
9.905990599059907,-0.7197776989524705,0.1319331500082534,-0.17357307764031335,-2.0
9.906990699069906,-0.7803841406082813,0.13203219964089005,-0.2530970028643886,-2.0
9.907990799079908,-0.5972011453322397,0.13212990127185434,-0.2770715528207612,-2.0
9.90899089908991,-0.6998683208340896,0.1322262544721092,-0.09759111363361149,-2.0
9.90999099909991,-0.6163348562629891,0.13232125882615148,-0.1858253899719246,-2.0
9.91099109910991,-0.767586195447277,0.13241491393201096,-0.2862070528464568,-2.0
9.911991199119912,-0.7751662318463662,0.13250721940124893,-0.30097207138420845,-2.0
9.912991299129914,-0.7105130692443324,0.13259817485895597,-0.3747644807339825,-2.0
9.913991399139913,-0.6180583397889858,0.13268777994375058,-0.37371823558310685,-2.0
9.914991499149915,-0.7272812035082075,0.13277603430777804,-0.4099558583135894,-2.0
9.915991599159916,-0.7784364441135667,0.13286293761670745,-0.3924800432289617,-2.0
9.916991699169918,-0.6252196979734732,0.13294848954973,-0.443108811449336,-2.0
9.917991799179918,-0.6536578283771673,0.13303268979955687,-0.5407060758421088,-2.0
9.918991899189919,-0.7926749080594746,0.13311553807241702,-0.5147234630331198,-2.0
9.91999199919992,-0.6058846588032292,0.13319703408805408,-0.5044331019681216,-2.0
9.92099209920992,-0.6646366579310821,0.13327717757972413,-0.4469861923173065,-2.0
9.921992199219922,-0.8049036423094369,0.1333559682941931,-0.4396828562489235,-2.0
9.922992299229923,-0.6229881104033029,0.13343340599173378,-0.30384420998657324,-2.0
9.923992399239925,-0.5364332737580267,0.13350949044612223,-0.45018294362643,-2.0
9.924992499249925,-0.5479519797988601,0.13358422144463536,-0.6385044771145872,-2.0
9.925992599259926,-0.6484336956238795,0.13365759878804773,-0.6871939246132737,-2.0
9.926992699269928,-0.4285956859367716,0.13372962229062713,-0.46755689777926773,-2.0
9.927992799279927,-0.5117147254119965,0.13380029178013172,-0.5995383689474062,-2.0
9.928992899289929,-0.6545789301865428,0.1338696070978067,-0.7284503428218795,-2.0
9.92999299929993,-0.5297635552354135,0.13393756809837995,-0.8080210619880875,-2.0
9.930993099309932,-0.7213162202667371,0.13400417465005776,-0.7139174856069231,-2.0
9.931993199319932,-0.5399618202358255,0.1340694266345216,-0.48247841623996773,-2.0
9.932993299329933,-0.6136415308912949,0.1341333239469235,-0.5205872502918644,-2.0
9.933993399339935,-0.5796128721018132,0.13419586649588136,-0.510008183813687,-2.0
9.934993499349934,-0.6008728879757111,0.1342570542034749,-0.6308693299092407,-2.0
9.935993599359936,-0.6604025264953987,0.1343168870052413,-0.5934937548097006,-2.0
9.936993699369937,-0.4782978558581639,0.13437536485016957,-0.5511850827597458,-2.0
9.937993799379939,-0.5729991434731617,0.13443248770069638,-0.6237479852107901,-2.0
9.938993899389938,-0.6475020401376288,0.13448825553270086,-0.6319404564701466,-2.0
9.93999399939994,-0.6173984047119009,0.1345426683354998,-0.735978868499064,-2.0
9.940994099409941,-0.5032543138721252,0.13459572611184153,-0.6504892308588023,-2.0
9.941994199419941,-0.6863841427347236,0.13464742887790135,-0.5499608635735961,-2.0
9.942994299429943,-0.6519964297125415,0.13469777666327573,-0.49569629035615037,-2.0
9.943994399439944,-0.6801952867949406,0.1347467695109765,-0.5036616542117749,-2.0
9.944994499449946,-0.5490813089054447,0.134794407477425,-0.3953013094688202,-2.0
9.945994599459945,-0.5119619756265422,0.1348406906324467,-0.22170491634160885,-2.0
9.946994699469947,-0.3908237010850498,0.13488561905926466,-0.30113688160793073,-2.0
9.947994799479948,-0.4497827711184435,0.13492919285449317,-0.23509136688757182,-2.0
9.948994899489948,-0.5035767697481703,0.13497141212813216,0.008349331393170224,-2.0
9.94999499949995,-0.44717889256255594,0.1350122770035601,0.054971183447551454,-2.0
9.950995099509951,-0.4963851463620033,0.13505178761752765,-0.09083863866249964,-2.0
9.951995199519953,-0.43332668957213183,0.135089944120151,-0.004408186627710098,-2.0
9.952995299529952,-0.3676690758959117,0.13512674667490496,0.03491101516967978,-2.0
9.953995399539954,-0.46667845235555255,0.13516219545861613,-0.006424762542313245,-2.0
9.954995499549955,-0.40455144980926355,0.13519629066145558,0.05445058062002955,-2.0
9.955995599559955,-0.4120014684853341,0.13522903248693183,-0.0052905139906718746,-2.0
9.956995699569957,-0.44904562352310334,0.13526042115188347,0.19516986747538712,-2.0
9.957995799579958,-0.5582010911083676,0.13529045688647148,0.18876593098447778,-2.0
9.95899589958996,-0.15513665839614796,0.13531913993417205,0.11286885471227369,-2.0
9.95999599959996,-0.4952730139098064,0.13534647055176824,0.1646128010019782,-2.0
9.960996099609961,-0.3652420770285597,0.13537244900934275,0.09125006963177137,-2.0
9.961996199619962,-0.25256967731657043,0.13539707559026934,0.054059994816861245,-2.0
9.962996299629964,-0.15975151987764544,0.13542035059120527,0.07274431157097154,-2.0
9.963996399639964,-0.3728098525026994,0.13544227432208242,0.03429683387984774,-2.0
9.964996499649965,-0.31049445822897903,0.1354628471060996,0.13975193123621518,-2.0
9.965996599659967,-0.2832825072510609,0.1354820692797135,0.27720449591264423,-2.0
9.966996699669966,-0.23674080437618397,0.13549994119263023,0.31110374991452305,-2.0
9.967996799679968,-0.2625132164822713,0.13551646320779667,0.28022352304628195,-2.0
9.96899689968997,-0.1894223234786831,0.1355316357013914,0.33713544014740304,-2.0
9.96999699969997,-0.4340833040545615,0.1355454590628158,0.41465660162338064,-2.0
9.97099709970997,-0.13040045476829917,0.13555793369468475,0.1789439373742323,-2.0
9.971997199719972,-0.2624777117807926,0.13556906001281765,0.15242447115704777,-2.0
9.972997299729974,-0.285832653824563,0.13557883844622876,0.18090193650980263,-2.0
9.973997399739973,-0.2939572483472672,0.13558726943711763,0.1845011325178085,-2.0
9.974997499749975,-0.31327683732948036,0.13559435344085974,0.14114887089244,-2.0
9.975997599759976,-0.17913382965337016,0.13560009092599642,0.2787681335272332,-2.0
9.976997699769978,-0.26983157528933516,0.1356044823742251,0.35015205762720797,-2.0
9.977997799779978,-0.11475071051287378,0.13560752828038922,0.2846099885127064,-2.0
9.978997899789979,-0.10079955277796361,0.13560922915246804,0.3474819060338282,-2.0
9.97999799979998,-0.28098234250752324,0.13560958551156646,0.45396336864134884,-2.0
9.98099809980998,-0.20556141303989972,0.13560859789190458,0.6366719751209126,-2.0
9.981998199819982,-0.2274115272400874,0.13560626684080693,0.5905582091435644,-2.0
9.982998299829983,-0.15863623196170576,0.13560259291869217,0.5052534942970839,-2.0
9.983998399839985,-0.12190014394053522,0.13559757669906217,0.5165123587002474,-2.0
9.984998499849985,-0.22064402723927085,0.1355912187684909,0.48315018286048894,-2.0
9.985998599859986,-0.11424601388286362,0.13558351972661345,0.6013913604470982,-2.0
9.986998699869988,-0.17379328508332417,0.13557448018611526,0.6315037303503502,-2.0
9.987998799879987,-0.07569725484258766,0.13556410077272035,0.6607421982799071,-2.0
9.988998899889989,0.12070234087973536,0.13555238212517995,0.7515328325402723,-2.0
9.98999899989999,-0.01412950446424481,0.13553932489526135,0.6851370646693664,-2.0
9.990999099909992,-0.12474543421210763,0.13552492974773575,0.6253077928799979,-2.0
9.991999199919992,0.02588858129220996,0.13550919736036682,0.7281369171812103,-2.0
9.992999299929993,-0.25969178167287804,0.13549212842389857,0.7380007517873457,-2.0
9.993999399939995,0.08516390735360141,0.13547372364204344,0.5420486097310525,-2.0
9.994999499949994,0.05393602563281171,0.1354539837314702,0.6270345246768751,-2.0
9.995999599959996,0.10042471853909457,0.13543290942179131,0.6150557363662894,-2.0
9.996999699969997,-0.11887540419935069,0.13541050145555106,0.4215016382354742,-2.0
9.997999799979999,-0.03331704387260914,0.13538676058821258,0.4804118331827578,-2.0
9.998999899989998,0.0030298955336675783,0.13536168758814543,0.5309394969589969,-2.0
10.0,-0.01619735514914535,0.1353352832366127,0.40752653566843056,-2.0
